Order_ID,Order_Date,Ship_Date,First_Name,Last_Name,Full_Name,Country,Region,Category,Sub_Category,Sales,Profit,Quantity,Discount
ORD00001,29-09-2022,02-10-2022,Priya,Brown,Priya Brown,Canada,East,Furniture,Storage,1052,-239,8,0.2
ORD00002,14-06-2021,16-06-2021,Sneha,Brown,Sneha Brown,Canada,North,Office Supplies,Storage,1645,-297,6,0
ORD00003,13-12-2021,18-12-2021,Ava,Smith,Ava Smith,India,North,Furniture,Chairs,336,-17,12,0.1
ORD00004,10-07-2021,19-07-2021,Emma,Anderson,Emma Anderson,UK,North,Office Supplies,Chairs,400,140,4,0.1
ORD00005,15-11-2022,17-11-2022,Liam,Smith,Liam Smith,Australia,North,Office Supplies,Tables,1778,-40,14,0.1
ORD00006,20-01-2021,29-01-2021,Liam,Patel,Liam Patel,USA,North,Office Supplies,Tables,1274,17,10,0.1
ORD00007,16-11-2021,21-11-2021,Ava,Sharma,Ava Sharma,UK,East,Office Supplies,Storage,1640,-74,10,0.2
ORD00008,09-04-2021,14-04-2021,Sneha,Sharma,Sneha Sharma,Australia,South,Furniture,Tables,997,-182,8,0
ORD00009,29-11-2021,09-12-2021,Rahul,Johnson,RahulJohnson,Australia,South,Technology,Phones,365,-59,6,0
ORD00010,26-01-2021,29-01-2021,John,Brown,John Brown,USA,West,Furniture,Phones,534,-110,11,0
ORD00011,02-01-2021,03-01-2021,Liam,Verma,LiamVerma,USA,West,Technology,Accessories,1670,-45,12,0
ORD00012,24-01-2021,27-01-2021,Priya,Verma,Priya Verma,Canada,West,Office Supplies,Accessories,1513,244,2,0.1
ORD00013,31-03-2021,10-04-2021,Ava,Taylor,Ava Taylor,India,South,Furniture,Accessories,967,-198,4,0.2
ORD00014,04-12-2021,06-12-2021,Liam,Patel,Liam Patel,India,East,Technology,Phones,1043,198,5,0
ORD00015,12-10-2021,16-10-2021,Liam,Brown,Liam Brown,USA,North,Furniture,Phones,631,-44,5,0
ORD00016,06-07-2021,11-07-2021,Amit,Brown,Amit Brown,India,North,Office Supplies,Accessories,728,-30,9,0.2
ORD00017,02-09-2021,11-09-2021,Liam,Brown,Liam Brown,Australia,North,Office Supplies,Storage,1772,-440,15,0.2
ORD00018,02-10-2022,05-10-2022,Priya,Anderson,Priya Anderson,India,North,Furniture,Binders,1699,57,4,0
ORD00019,08-08-2021,16-08-2021,Priya,Sharma,Priya Sharma,Australia,East,Technology,Accessories,1169,-289,7,0
ORD00020,07-11-2022,10-11-2022,Olivia,Taylor,OliviaTaylor,Australia,West,Technology,Phones,495,-71,5,0.2
ORD00021,31-01-2022,01-02-2022,Ava,Sharma,Ava Sharma,USA,East,Technology,Phones,716,-45,2,0
ORD00022,25-02-2021,02-03-2021,Amit,Johnson,Amit Johnson,India,South,Furniture,Phones,822,105,2,0.1
ORD00023,06-11-2022,11-11-2022,Priya,Brown,Priya Brown,UK,South,Technology,Phones,1991,81,8,0
ORD00024,27-09-2021,04-10-2021,Noah,Smith,Noah Smith,Canada,North,Furniture,Binders,394,-89,15,0.1
ORD00025,27-11-2022,01-12-2022,Priya,Patel,Priya Patel,USA,South,Furniture,Phones,1973,449,15,0
ORD00026,19-12-2022,24-12-2022,John,Johnson,John Johnson,Australia,South,Technology,Tables,622,0,12,0.1
ORD00027,23-07-2021,02-08-2021,Priya,Patel,PriyaPatel,Australia,West,OfficeSupplies,Binders,1520,515,2,0.2
ORD00028,08-06-2021,11-06-2021,Priya,Sharma,Priya Sharma,USA,East,Furniture,Accessories,1710,225,4,0
ORD00029,26-07-2021,03-08-2021,Priya,Smith,Priya Smith,USA,East,Technology,Accessories,1169,30,1,0
ORD00030,06-08-2022,15-08-2022,Ava,Taylor,Ava Taylor,Canada,South,Technology,Accessories,1491,349,13,0.2
ORD00031,01-01-2021,10-01-2021,Priya,Patel,Priya Patel,Canada,South,Office Supplies,Chairs,1282,-102,4,0
ORD00032,23-01-2022,02-02-2022,Noah,Verma,Noah Verma,USA,East,Technology,Tables,1581,-45,5,0.1
ORD00033,29-01-2021,30-01-2021,Noah,Johnson,Noah Johnson,UK,North,Technology,Chairs,910,-265,12,0.1
ORD00034,13-11-2021,23-11-2021,John,Anderson,John Anderson,Australia,North,Technology,Chairs,120,17,8,0.1
ORD00035,24-03-2022,25-03-2022,Emma,Sharma,Emma Sharma,UK,North,Technology,Binders,429,-43,11,0
ORD00036,17-11-2022,27-11-2022,Olivia,Patel,Olivia Patel,Australia,East,Technology,Storage,1643,527,9,0.1
ORD00037,26-09-2021,03-10-2021,Liam,Johnson,Liam Johnson,Canada,East,Technology,Tables,959,-231,8,0
ORD00038,06-11-2022,14-11-2022,Rahul,Johnson,RahulJohnson,Canada,West,Furniture,Binders,685,-14,6,0
ORD00039,10-08-2021,17-08-2021,Liam,Sharma,Liam Sharma,India,North,Furniture,Accessories,1920,18,14,0.1
ORD00040,15-07-2021,25-07-2021,Emma,Taylor,Emma Taylor,India,East,Furniture,Tables,1500,107,1,0
ORD00041,03-12-2022,05-12-2022,Noah,Verma,Noah Verma,USA,North,Furniture,Tables,1477,-179,14,0
ORD00042,21-08-2021,24-08-2021,John,Sharma,John Sharma,Australia,East,Office Supplies,Binders,1062,-153,15,0.1
ORD00043,09-04-2022,10-04-2022,Ava,Verma,Ava Verma,India,East,Office Supplies,Binders,1006,168,14,0
ORD00044,05-10-2022,07-10-2022,Amit,Patel,Amit Patel,Australia,East,Technology,Binders,299,102,2,0
ORD00045,23-10-2021,01-11-2021,Liam,Verma,Liam Verma,Australia,East,Furniture,Binders,1465,-281,6,0
ORD00046,22-12-2021,24-12-2021,Emma,Sharma,Emma Sharma,Australia,East,Technology,Phones,1097,-274,4,0
ORD00047,25-02-2022,26-02-2022,Rahul,Smith,Rahul Smith,USA,West,Office Supplies,Accessories,628,-76,15,0.1
ORD00048,26-03-2022,01-04-2022,Noah,Sharma,Noah Sharma,Canada,West,Office Supplies,Chairs,83,-4,11,0
ORD00049,22-02-2021,01-03-2021,Liam,Taylor,Liam Taylor,UK,East,Technology,Chairs,860,221,9,0
ORD00050,15-01-2021,24-01-2021,Sneha,Patel,Sneha Patel,UK,North,Office Supplies,Chairs,325,93,3,0
ORD00051,05-11-2021,15-11-2021,Rahul,Brown,Rahul Brown,Australia,South,Technology,Binders,88,-7,14,0
ORD00052,12-10-2022,15-10-2022,John,Sharma,John Sharma,UK,North,Technology,Phones,1186,-106,3,0
ORD00053,05-11-2022,15-11-2022,Olivia,Johnson,Olivia Johnson,India,North,Technology,Tables,385,-87,13,0.1
ORD00054,28-06-2022,01-07-2022,Priya,Brown,Priya Brown,Canada,East,Technology,Accessories,1649,312,10,0.2
ORD00055,18-10-2021,21-10-2021,Noah,Verma,Noah Verma,Australia,South,Office Supplies,Phones,1600,54,1,0.1
ORD00056,15-02-2021,18-02-2021,Rahul,Patel,RahulPatel,Australia,South,Technology,Phones,969,-105,6,0.2
ORD00057,09-09-2021,13-09-2021,Olivia,Patel,Olivia Patel,Australia,South,Office Supplies,Storage,225,67,12,0.1
ORD00058,19-08-2022,25-08-2022,Noah,Anderson,Noah Anderson,Canada,East,Office Supplies,Chairs,571,187,1,0.1
ORD00059,02-11-2021,04-11-2021,Liam,Johnson,Liam Johnson,USA,South,Furniture,Chairs,1644,-342,6,0.1
ORD00060,30-09-2022,02-10-2022,Ava,Brown,Ava Brown,Canada,West,Office Supplies,Tables,1705,-129,6,0
ORD00061,14-12-2022,18-12-2022,John,Smith,JohnSmith,Canada,East,Technology,Accessories,81,-11,9,0
ORD00062,11-09-2021,18-09-2021,Rahul,Anderson,Rahul Anderson,UK,East,Office Supplies,Accessories,439,63,10,0.1
ORD00063,23-08-2021,01-09-2021,Amit,Taylor,Amit Taylor,Australia,West,Technology,Accessories,882,225,12,0
ORD00064,18-03-2021,26-03-2021,Noah,Smith,Noah Smith,Australia,West,Furniture,Accessories,1574,362,3,0.1
ORD00065,23-01-2022,29-01-2022,Liam,Taylor,Liam Taylor,India,West,Office Supplies,Storage,965,-93,6,0.1
ORD00066,13-07-2021,22-07-2021,Rahul,Sharma,Rahul Sharma,Australia,North,Technology,Accessories,220,28,7,0.1
ORD00067,09-12-2022,12-12-2022,John,Smith,JohnSmith,Australia,West,OfficeSupplies,Tables,1521,415,6,0
ORD00068,05-09-2021,11-09-2021,John,Smith,John Smith,Australia,East,Furniture,Tables,1509,162,13,0.1
ORD00069,20-08-2021,23-08-2021,Emma,Verma,EmmaVerma,Australia,North,OfficeSupplies,Binders,1810,-75,8,0
ORD00070,01-03-2021,10-03-2021,Olivia,Smith,Olivia Smith,India,South,Office Supplies,Tables,1679,38,2,0
ORD00071,03-09-2022,06-09-2022,Rahul,Sharma,Rahul Sharma,Canada,East,Office Supplies,Tables,386,57,3,0.2
ORD00072,29-07-2022,06-08-2022,Emma,Smith,Emma Smith,USA,East,Furniture,Chairs,329,109,11,0
ORD00073,19-11-2022,20-11-2022,Liam,Johnson,Liam Johnson,India,South,Office Supplies,Storage,1716,319,7,0.1
ORD00074,05-05-2021,10-05-2021,Rahul,Taylor,Rahul Taylor,India,South,Office Supplies,Storage,898,30,13,0
ORD00075,16-10-2021,24-10-2021,Noah,Taylor,Noah Taylor,Canada,East,Technology,Storage,1307,404,10,0.1
ORD00076,04-08-2022,08-08-2022,Noah,Sharma,Noah Sharma,Australia,North,Office Supplies,Accessories,1926,212,12,0.1
ORD00077,16-12-2021,25-12-2021,Priya,Taylor,Priya Taylor,India,West,Office Supplies,Binders,95,0,2,0
ORD00078,25-06-2021,30-06-2021,Ava,Patel,Ava Patel,India,North,Technology,Phones,1799,359,7,0.1
ORD00079,12-09-2022,18-09-2022,Amit,Brown,AmitBrown,India,East,Furniture,Phones,1394,469,1,0.1
ORD00080,22-09-2022,27-09-2022,Rahul,Sharma,Rahul Sharma,Canada,South,Technology,Phones,988,163,3,0.1
ORD00081,07-11-2022,08-11-2022,Liam,Brown,Liam Brown,UK,West,Office Supplies,Binders,856,2,2,0
ORD00082,01-07-2021,05-07-2021,Rahul,Patel,Rahul Patel,UK,West,Technology,Tables,1199,417,4,0.2
ORD00083,12-06-2021,19-06-2021,Noah,Johnson,Noah Johnson,Canada,West,Technology,Chairs,1340,392,12,0.1
ORD00084,25-05-2021,27-05-2021,Rahul,Smith,Rahul Smith,USA,West,Technology,Chairs,1668,-249,4,0
ORD00085,31-12-2022,01-01-2023,Emma,Smith,Emma Smith,UK,East,Furniture,Chairs,542,121,13,0.1
ORD00086,10-12-2022,16-12-2022,Rahul,Patel,Rahul Patel,USA,North,Furniture,Tables,544,87,3,0
ORD00087,13-01-2022,20-01-2022,Noah,Sharma,NoahSharma,USA,North,Technology,Chairs,1896,-396,2,0
ORD00088,06-03-2021,08-03-2021,Liam,Taylor,Liam Taylor,Canada,North,Office Supplies,Chairs,1968,485,2,0.2
ORD00089,04-12-2022,05-12-2022,Priya,Patel,Priya Patel,Canada,North,Office Supplies,Accessories,923,58,8,0.1
ORD00090,16-06-2021,23-06-2021,Rahul,Sharma,RahulSharma,Canada,South,Furniture,Tables,1482,510,12,0.2
ORD00091,22-12-2021,27-12-2021,Olivia,Smith,Olivia Smith,UK,West,Office Supplies,Phones,774,-143,6,0.1
ORD00092,12-08-2021,19-08-2021,Ava,Brown,Ava Brown,Australia,South,Technology,Storage,1348,202,10,0
ORD00093,06-08-2022,10-08-2022,Ava,Verma,Ava Verma,Canada,South,Office Supplies,Storage,1622,-406,3,0
ORD00094,01-04-2021,11-04-2021,Rahul,Verma,RahulVerma,Canada,West,Technology,Storage,1778,514,3,0.1
ORD00095,19-12-2022,29-12-2022,Ava,Verma,AvaVerma,Canada,East,OfficeSupplies,Binders,105,-7,12,0
ORD00096,05-02-2021,12-02-2021,John,Sharma,JohnSharma,Canada,South,Furniture,Phones,572,157,14,0
ORD00097,15-06-2022,17-06-2022,Amit,Verma,AmitVerma,Canada,West,OfficeSupplies,Chairs,202,-34,11,0
ORD00098,29-04-2022,02-05-2022,Liam,Brown,Liam Brown,UK,South,Furniture,Phones,578,190,10,0.1
ORD00099,26-08-2021,03-09-2021,Amit,Johnson,AmitJohnson,UK,South,Furniture,Tables,1686,-375,7,0.1
ORD00100,08-09-2021,11-09-2021,Liam,Smith,Liam Smith,USA,South,Technology,Storage,1811,225,10,0
ORD00101,23-02-2022,24-02-2022,Ava,Taylor,Ava Taylor,UK,West,Office Supplies,Storage,70,17,3,0.1
ORD00102,25-03-2022,28-03-2022,Sneha,Brown,Sneha Brown,Canada,North,Furniture,Chairs,1988,-11,3,0.1
ORD00103,02-10-2022,07-10-2022,John,Anderson,John Anderson,Canada,North,Technology,Phones,246,-32,13,0
ORD00104,02-08-2022,04-08-2022,Emma,Taylor,Emma Taylor,India,North,Furniture,Tables,960,-52,11,0
ORD00105,03-07-2021,04-07-2021,Liam,Johnson,Liam Johnson,India,North,Technology,Phones,307,-59,2,0.1
ORD00106,08-02-2021,15-02-2021,Priya,Taylor,PriyaTaylor,India,West,OfficeSupplies,Binders,1555,-456,12,0.2
ORD00107,06-11-2021,16-11-2021,Ava,Verma,Ava Verma,Canada,North,Office Supplies,Accessories,355,-43,3,0.1
ORD00108,16-09-2022,25-09-2022,Olivia,Patel,Olivia Patel,Canada,North,Furniture,Accessories,1843,-430,5,0
ORD00109,01-01-2021,05-01-2021,Amit,Anderson,Amit Anderson,India,South,Office Supplies,Tables,1726,588,3,0.2
ORD00110,30-12-2021,06-01-2022,Noah,Anderson,NoahAnderson,India,West,OfficeSupplies,Accessories,1462,87,15,0
ORD00111,21-03-2021,29-03-2021,Priya,Smith,Priya Smith,India,South,Technology,Accessories,632,35,2,0
ORD00112,16-02-2022,26-02-2022,Olivia,Sharma,Olivia Sharma,India,West,Office Supplies,Binders,1942,528,13,0.1
ORD00113,17-04-2021,20-04-2021,John,Smith,John Smith,UK,East,Technology,Storage,267,52,15,0.1
ORD00114,09-07-2021,12-07-2021,Rahul,Johnson,Rahul Johnson,Canada,East,Office Supplies,Chairs,1793,570,1,0
ORD00115,11-09-2022,12-09-2022,Noah,Smith,Noah Smith,USA,North,Furniture,Phones,926,-40,13,0
ORD00116,10-09-2021,16-09-2021,Olivia,Johnson,Olivia Johnson,USA,North,Furniture,Chairs,1089,91,5,0.1
ORD00117,25-08-2022,01-09-2022,Rahul,Johnson,Rahul Johnson,UK,North,Office Supplies,Phones,761,251,4,0.1
ORD00118,30-10-2021,04-11-2021,Ava,Brown,Ava Brown,Canada,North,Furniture,Phones,996,23,13,0.1
ORD00119,13-05-2022,22-05-2022,Amit,Smith,Amit Smith,Canada,South,Office Supplies,Accessories,1344,329,1,0
ORD00120,12-10-2022,20-10-2022,Ava,Verma,Ava Verma,Canada,South,Furniture,Storage,296,-6,6,0.1
ORD00121,03-02-2021,09-02-2021,Sneha,Taylor,Sneha Taylor,USA,South,Office Supplies,Phones,80,-1,1,0.1
ORD00122,09-11-2022,15-11-2022,Noah,Sharma,Noah Sharma,India,South,Technology,Storage,1375,41,10,0
ORD00123,13-08-2022,16-08-2022,Liam,Patel,Liam Patel,Australia,South,Furniture,Storage,1561,191,3,0
ORD00124,11-12-2022,18-12-2022,Liam,Smith,Liam Smith,UK,South,Technology,Storage,1890,604,7,0
ORD00125,17-10-2021,27-10-2021,Noah,Sharma,Noah Sharma,India,East,Technology,Storage,431,45,11,0.1
ORD00126,28-09-2021,06-10-2021,Amit,Smith,Amit Smith,UK,East,Furniture,Chairs,1560,-413,12,0
ORD00127,01-10-2021,06-10-2021,Emma,Taylor,Emma Taylor,Australia,West,Furniture,Tables,710,128,12,0
ORD00128,08-01-2022,17-01-2022,Liam,Anderson,Liam Anderson,Canada,North,Office Supplies,Tables,470,-86,14,0
ORD00129,15-02-2022,23-02-2022,Liam,Verma,Liam Verma,Australia,North,Technology,Storage,255,-60,12,0.1
ORD00130,15-05-2021,24-05-2021,Noah,Smith,Noah Smith,India,East,Office Supplies,Storage,1734,563,4,0.1
ORD00131,15-03-2022,24-03-2022,Sneha,Verma,Sneha Verma,Australia,South,Furniture,Tables,1466,470,10,0
ORD00132,22-11-2022,01-12-2022,Amit,Patel,Amit Patel,Australia,South,Office Supplies,Tables,1936,164,13,0.1
ORD00133,19-04-2022,29-04-2022,Rahul,Smith,Rahul Smith,India,East,Furniture,Tables,776,-179,8,0
ORD00134,14-08-2021,17-08-2021,Ava,Smith,Ava Smith,USA,South,Technology,Chairs,75,-16,9,0.1
ORD00135,05-02-2022,13-02-2022,Priya,Verma,Priya Verma,India,East,Office Supplies,Tables,1327,-179,14,0.2
ORD00136,22-03-2021,01-04-2021,Sneha,Taylor,Sneha Taylor,UK,East,Technology,Chairs,40,12,4,0.1
ORD00137,20-08-2021,27-08-2021,Emma,Verma,Emma Verma,USA,West,Technology,Phones,282,87,6,0.1
ORD00138,04-06-2022,07-06-2022,Priya,Sharma,PriyaSharma,USA,North,Technology,Storage,397,66,8,0
ORD00139,16-07-2021,25-07-2021,Rahul,Smith,Rahul Smith,Australia,South,Office Supplies,Tables,1632,-243,11,0
ORD00140,16-08-2021,19-08-2021,John,Sharma,John Sharma,India,South,Office Supplies,Tables,793,-114,7,0.1
ORD00141,29-10-2022,04-11-2022,Priya,Johnson,Priya Johnson,USA,South,Furniture,Accessories,751,-185,3,0.1
ORD00142,23-01-2021,28-01-2021,Emma,Taylor,Emma Taylor,UK,West,Technology,Storage,1542,363,6,0
ORD00143,29-03-2021,07-04-2021,Liam,Anderson,Liam Anderson,Canada,South,Furniture,Phones,203,46,8,0.1
ORD00144,16-03-2021,22-03-2021,Ava,Taylor,AvaTaylor,Canada,North,Furniture,Accessories,630,-89,13,0
ORD00145,24-09-2022,04-10-2022,Liam,Anderson,Liam Anderson,USA,West,Office Supplies,Chairs,1011,94,14,0.1
ORD00146,30-12-2021,01-01-2022,Liam,Brown,Liam Brown,UK,West,Office Supplies,Binders,38,-8,5,0.1
ORD00147,20-05-2021,27-05-2021,Rahul,Patel,Rahul Patel,UK,East,Furniture,Phones,1858,-417,1,0.2
ORD00148,21-06-2022,23-06-2022,Amit,Taylor,Amit Taylor,Australia,North,Technology,Chairs,1573,326,6,0.2
ORD00149,16-06-2022,17-06-2022,Emma,Patel,Emma Patel,Australia,East,Office Supplies,Chairs,169,58,10,0.2
ORD00150,09-02-2022,19-02-2022,Emma,Johnson,Emma Johnson,Canada,East,Technology,Phones,934,226,8,0.2
ORD00151,24-08-2021,02-09-2021,Emma,Taylor,Emma Taylor,UK,South,Office Supplies,Phones,848,71,3,0
ORD00152,24-03-2022,03-04-2022,Emma,Johnson,Emma Johnson,UK,South,Furniture,Phones,1367,-304,7,0
ORD00153,28-05-2022,02-06-2022,Sneha,Smith,Sneha Smith,UK,South,Technology,Accessories,424,-50,15,0
ORD00154,17-08-2022,22-08-2022,Rahul,Verma,Rahul Verma,UK,North,Office Supplies,Accessories,381,67,10,0
ORD00155,22-12-2021,23-12-2021,John,Verma,John Verma,Canada,South,Office Supplies,Accessories,1769,431,15,0
ORD00156,28-12-2021,04-01-2022,Sneha,Smith,SnehaSmith,Canada,South,Technology,Accessories,1359,-263,1,0
ORD00157,04-08-2021,12-08-2021,Priya,Patel,Priya Patel,India,North,Furniture,Chairs,1175,-76,11,0
ORD00158,14-11-2021,15-11-2021,Amit,Taylor,AmitTaylor,India,North,Technology,Chairs,1915,-248,13,0
ORD00159,18-07-2022,26-07-2022,Noah,Taylor,Noah Taylor,UK,North,Furniture,Storage,1757,-344,4,0.1
ORD00160,01-04-2021,08-04-2021,Amit,Anderson,Amit Anderson,UK,South,Furniture,Phones,1078,123,7,0.1
ORD00161,24-07-2021,30-07-2021,Emma,Sharma,Emma Sharma,Australia,West,Technology,Storage,1101,-272,5,0.1
ORD00162,25-08-2022,27-08-2022,Sneha,Verma,Sneha Verma,UK,West,Furniture,Phones,1630,441,1,0.1
ORD00163,17-01-2021,25-01-2021,Sneha,Anderson,Sneha Anderson,USA,South,Technology,Binders,1684,-219,10,0
ORD00164,20-12-2021,28-12-2021,Olivia,Patel,Olivia Patel,UK,West,Furniture,Accessories,1071,-18,13,0
ORD00165,30-12-2022,08-01-2023,John,Johnson,John Johnson,UK,East,Furniture,Binders,55,-10,8,0.2
ORD00166,30-03-2021,03-04-2021,Priya,Patel,Priya Patel,Canada,East,Office Supplies,Phones,1297,337,8,0.1
ORD00167,30-10-2021,31-10-2021,Sneha,Anderson,Sneha Anderson,USA,East,Technology,Tables,640,-66,5,0.2
ORD00168,10-10-2021,13-10-2021,Ava,Patel,Ava Patel,UK,South,Technology,Storage,463,-69,2,0
ORD00169,27-06-2022,05-07-2022,Amit,Patel,Amit Patel,India,West,Technology,Binders,1152,-238,13,0.1
ORD00170,31-07-2021,10-08-2021,Emma,Patel,Emma Patel,USA,East,Office Supplies,Chairs,890,-249,9,0.1
ORD00171,25-08-2021,28-08-2021,Noah,Smith,Noah Smith,UK,East,Office Supplies,Phones,70,4,10,0
ORD00172,14-10-2022,20-10-2022,Priya,Sharma,Priya Sharma,Canada,South,Office Supplies,Tables,43,-10,5,0.2
ORD00173,24-01-2021,31-01-2021,Rahul,Taylor,Rahul Taylor,USA,North,Furniture,Tables,1881,-178,7,0.2
ORD00174,11-02-2022,13-02-2022,Noah,Verma,NoahVerma,USA,West,OfficeSupplies,Phones,1009,268,8,0.1
ORD00175,11-08-2021,14-08-2021,John,Anderson,John Anderson,India,East,Furniture,Phones,1689,117,10,0.1
ORD00176,02-07-2022,10-07-2022,Sneha,Anderson,Sneha Anderson,Canada,North,Technology,Tables,1227,235,4,0.2
ORD00177,14-07-2022,23-07-2022,John,Sharma,JohnSharma,Canada,East,Technology,Tables,79,27,6,0.2
ORD00178,28-01-2021,04-02-2021,Emma,Verma,Emma Verma,UK,East,Furniture,Storage,1346,-192,14,0
ORD00179,22-02-2022,25-02-2022,Amit,Johnson,Amit Johnson,UK,West,Technology,Storage,124,0,8,0.1
ORD00180,21-07-2022,28-07-2022,Ava,Anderson,Ava Anderson,Canada,West,Technology,Tables,138,-17,15,0.1
ORD00181,15-03-2022,20-03-2022,Amit,Verma,AmitVerma,Canada,West,OfficeSupplies,Binders,565,191,10,0.2
ORD00182,28-12-2022,01-01-2023,Ava,Patel,Ava Patel,Australia,West,Technology,Binders,1808,-338,14,0.2
ORD00183,25-07-2022,30-07-2022,Rahul,Taylor,Rahul Taylor,Canada,South,Furniture,Phones,998,223,1,0
ORD00184,24-03-2021,31-03-2021,Noah,Anderson,Noah Anderson,UK,South,Technology,Phones,1152,-140,5,0.1
ORD00185,27-11-2021,30-11-2021,Ava,Patel,Ava Patel,USA,North,Technology,Binders,387,31,11,0
ORD00186,04-01-2021,07-01-2021,Sneha,Smith,Sneha Smith,India,South,Technology,Binders,150,8,2,0.1
ORD00187,15-05-2022,19-05-2022,Sneha,Anderson,Sneha Anderson,USA,East,Office Supplies,Tables,972,242,15,0.2
ORD00188,13-08-2022,15-08-2022,Rahul,Verma,Rahul Verma,USA,East,Office Supplies,Phones,1998,-497,2,0
ORD00189,03-11-2021,07-11-2021,Ava,Anderson,Ava Anderson,USA,West,Technology,Storage,554,25,9,0.1
ORD00190,02-04-2021,06-04-2021,Priya,Smith,Priya Smith,USA,East,Furniture,Phones,179,-39,14,0.1
ORD00191,04-07-2022,06-07-2022,Amit,Anderson,Amit Anderson,UK,South,Technology,Phones,1231,322,6,0.1
ORD00192,26-05-2021,29-05-2021,Olivia,Anderson,Olivia Anderson,USA,East,Office Supplies,Storage,687,-85,4,0.1
ORD00193,11-02-2021,13-02-2021,Priya,Taylor,Priya Taylor,India,East,Technology,Storage,1779,18,5,0.1
ORD00194,17-11-2021,18-11-2021,Emma,Anderson,Emma Anderson,Australia,South,Office Supplies,Storage,55,-3,9,0.1
ORD00195,24-07-2022,31-07-2022,Noah,Smith,NoahSmith,Australia,South,Furniture,Tables,1032,29,4,0
ORD00196,26-11-2021,06-12-2021,Rahul,Patel,RahulPatel,Australia,South,Technology,Tables,1301,-268,14,0.1
ORD00197,17-09-2021,23-09-2021,Priya,Verma,Priya Verma,India,West,Office Supplies,Storage,1882,366,13,0
ORD00198,16-10-2021,20-10-2021,Ava,Patel,Ava Patel,Australia,West,Office Supplies,Tables,1635,523,4,0.1
ORD00199,28-02-2022,03-03-2022,Liam,Smith,Liam Smith,USA,West,Furniture,Tables,600,79,15,0.2
ORD00200,14-03-2021,16-03-2021,Emma,Johnson,Emma Johnson,UK,South,Office Supplies,Tables,1638,19,15,0.1
ORD00201,02-05-2022,07-05-2022,Priya,Johnson,Priya Johnson,Australia,West,Furniture,Chairs,364,25,12,0
ORD00202,30-08-2021,04-09-2021,Priya,Smith,PriyaSmith,Australia,East,Technology,Accessories,1491,-92,6,0
ORD00203,04-11-2021,06-11-2021,Emma,Verma,Emma Verma,Australia,North,Technology,Chairs,596,-143,3,0.2
ORD00204,21-12-2022,31-12-2022,Emma,Patel,Emma Patel,Australia,North,Furniture,Binders,1683,223,14,0
ORD00205,08-08-2022,16-08-2022,Amit,Sharma,Amit Sharma,Australia,East,Technology,Phones,243,11,9,0.2
ORD00206,03-11-2022,04-11-2022,Liam,Smith,Liam Smith,USA,West,Technology,Tables,1577,348,1,0.1
ORD00207,21-02-2021,22-02-2021,Liam,Taylor,Liam Taylor,India,East,Office Supplies,Tables,1205,-164,6,0
ORD00208,08-04-2021,12-04-2021,Noah,Sharma,NoahSharma,India,South,Technology,Accessories,893,3,10,0
ORD00209,14-09-2021,21-09-2021,Sneha,Johnson,Sneha Johnson,India,North,Technology,Accessories,426,-72,1,0.1
ORD00210,12-02-2022,19-02-2022,Olivia,Sharma,Olivia Sharma,Australia,North,Office Supplies,Accessories,1103,357,2,0
ORD00211,13-02-2022,21-02-2022,Emma,Johnson,Emma Johnson,India,West,Technology,Accessories,779,33,3,0.1
ORD00212,21-10-2021,28-10-2021,Priya,Smith,Priya Smith,Canada,West,Office Supplies,Accessories,1208,74,1,0
ORD00213,17-09-2021,26-09-2021,Noah,Patel,Noah Patel,USA,East,Furniture,Tables,1967,-472,7,0.1
ORD00214,12-05-2021,18-05-2021,Rahul,Verma,Rahul Verma,Australia,East,Furniture,Tables,457,60,3,0.1
ORD00215,14-12-2022,20-12-2022,Amit,Johnson,Amit Johnson,India,North,Technology,Accessories,1462,-352,13,0
ORD00216,09-08-2021,14-08-2021,Emma,Johnson,Emma Johnson,Canada,South,Office Supplies,Storage,756,163,13,0.1
ORD00217,05-12-2022,12-12-2022,Noah,Taylor,Noah Taylor,USA,South,Technology,Binders,779,-148,8,0.2
ORD00218,01-11-2022,06-11-2022,Sneha,Patel,Sneha Patel,India,West,Technology,Accessories,169,27,12,0
ORD00219,31-07-2022,08-08-2022,Ava,Taylor,Ava Taylor,Australia,West,Furniture,Accessories,1206,24,11,0.2
ORD00220,20-05-2021,29-05-2021,Rahul,Smith,Rahul Smith,USA,North,Furniture,Binders,1666,290,6,0
ORD00221,17-09-2021,22-09-2021,Emma,Brown,EmmaBrown,USA,East,Furniture,Chairs,228,77,5,0
ORD00222,15-11-2021,21-11-2021,Olivia,Brown,Olivia Brown,USA,West,Technology,Chairs,538,47,10,0
ORD00223,05-08-2021,14-08-2021,Priya,Anderson,Priya Anderson,Australia,West,Furniture,Chairs,1356,-296,8,0.2
ORD00224,23-01-2021,31-01-2021,Emma,Johnson,EmmaJohnson,Australia,South,Technology,Binders,1762,486,4,0.1
ORD00225,24-01-2022,26-01-2022,Noah,Brown,Noah Brown,Canada,South,Office Supplies,Binders,855,-126,4,0
ORD00226,08-01-2021,10-01-2021,Ava,Taylor,AvaTaylor,Canada,West,Furniture,Chairs,1668,455,6,0
ORD00227,04-06-2021,12-06-2021,Rahul,Johnson,Rahul Johnson,India,East,Office Supplies,Storage,1230,19,1,0
ORD00228,10-09-2021,12-09-2021,Emma,Sharma,Emma Sharma,Canada,West,Technology,Storage,1965,-569,2,0.2
ORD00229,02-02-2021,07-02-2021,Olivia,Brown,Olivia Brown,India,West,Office Supplies,Chairs,1559,-90,13,0
ORD00230,26-10-2022,27-10-2022,Emma,Patel,Emma Patel,USA,West,Furniture,Tables,755,-110,6,0
ORD00231,21-07-2021,24-07-2021,Emma,Smith,Emma Smith,India,West,Office Supplies,Tables,1370,456,15,0
ORD00232,24-10-2022,01-11-2022,Sneha,Brown,Sneha Brown,Canada,West,Furniture,Binders,967,41,13,0.2
ORD00233,04-03-2022,06-03-2022,Ava,Smith,Ava Smith,Canada,East,Furniture,Binders,155,51,3,0
ORD00234,13-08-2021,19-08-2021,John,Anderson,John Anderson,Australia,South,Office Supplies,Binders,808,201,4,0
ORD00235,14-07-2022,15-07-2022,Emma,Patel,Emma Patel,Australia,South,Office Supplies,Binders,1102,30,3,0
ORD00236,27-09-2021,07-10-2021,Rahul,Taylor,Rahul Taylor,USA,South,Office Supplies,Storage,859,90,7,0.2
ORD00237,02-06-2022,10-06-2022,John,Anderson,John Anderson,India,South,Office Supplies,Phones,1635,525,14,0.1
ORD00238,31-03-2021,07-04-2021,Ava,Johnson,Ava Johnson,USA,South,Technology,Tables,1450,-106,1,0.1
ORD00239,18-02-2021,23-02-2021,Emma,Verma,Emma Verma,India,North,Furniture,Accessories,93,1,6,0.1
ORD00240,03-09-2021,12-09-2021,Ava,Taylor,Ava Taylor,USA,North,Furniture,Storage,1705,-135,2,0.1
ORD00241,08-12-2021,15-12-2021,Olivia,Smith,Olivia Smith,Australia,South,Office Supplies,Storage,1676,-447,15,0.2
ORD00242,27-04-2021,28-04-2021,Olivia,Smith,OliviaSmith,Australia,South,Furniture,Tables,1730,348,4,0
ORD00243,01-06-2021,02-06-2021,Amit,Verma,Amit Verma,India,South,Technology,Binders,1607,-140,1,0
ORD00244,17-02-2021,27-02-2021,Olivia,Patel,Olivia Patel,UK,East,Furniture,Binders,1346,398,4,0
ORD00245,13-05-2021,21-05-2021,John,Anderson,John Anderson,Australia,West,Technology,Phones,1505,-138,7,0.1
ORD00246,16-09-2021,17-09-2021,Emma,Brown,Emma Brown,Canada,North,Technology,Phones,304,-24,3,0.2
ORD00247,14-08-2022,20-08-2022,Ava,Smith,Ava Smith,India,East,Furniture,Chairs,1702,278,15,0
ORD00248,01-02-2021,02-02-2021,Ava,Johnson,AvaJohnson,India,North,Technology,Tables,1951,381,13,0.1
ORD00249,06-06-2022,11-06-2022,Noah,Johnson,Noah Johnson,Canada,North,Technology,Phones,1562,271,7,0.1
ORD00250,10-10-2022,18-10-2022,Priya,Smith,Priya Smith,UK,South,Technology,Accessories,120,26,14,0.1
ORD00251,21-07-2021,27-07-2021,Sneha,Johnson,Sneha Johnson,USA,South,Office Supplies,Accessories,561,-14,8,0
ORD00252,24-02-2021,25-02-2021,Noah,Sharma,NoahSharma,USA,South,OfficeSupplies,Accessories,1649,80,4,0
ORD00253,20-02-2021,25-02-2021,Priya,Verma,Priya Verma,Canada,East,Technology,Accessories,713,-8,1,0.1
ORD00254,10-08-2021,11-08-2021,John,Patel,JohnPatel,Canada,West,OfficeSupplies,Accessories,603,95,6,0
ORD00255,17-07-2022,24-07-2022,Emma,Taylor,EmmaTaylor,Canada,East,Furniture,Storage,685,-181,15,0.1
ORD00256,23-09-2022,01-10-2022,Amit,Johnson,Amit Johnson,Australia,East,Technology,Accessories,1120,245,8,0
ORD00257,16-11-2022,20-11-2022,Ava,Anderson,Ava Anderson,USA,West,Office Supplies,Accessories,1493,-344,8,0.1
ORD00258,28-07-2022,29-07-2022,John,Taylor,John Taylor,USA,West,Technology,Chairs,1333,-196,15,0.1
ORD00259,09-07-2021,14-07-2021,Emma,Smith,EmmaSmith,USA,South,Furniture,Binders,1482,93,1,0
ORD00260,25-04-2022,29-04-2022,John,Johnson,John Johnson,Canada,East,Office Supplies,Storage,1172,-42,11,0
ORD00261,01-07-2021,10-07-2021,John,Sharma,John Sharma,UK,West,Technology,Storage,1827,106,15,0.1
ORD00262,14-11-2022,15-11-2022,John,Anderson,John Anderson,UK,West,Office Supplies,Binders,1499,-31,15,0.1
ORD00263,03-02-2022,06-02-2022,John,Anderson,John Anderson,India,West,Furniture,Binders,683,-85,1,0.1
ORD00264,20-06-2022,27-06-2022,Ava,Brown,Ava Brown,Canada,West,Technology,Accessories,506,171,15,0
ORD00265,16-01-2021,22-01-2021,Priya,Verma,Priya Verma,USA,South,Furniture,Accessories,1527,-365,7,0
ORD00266,23-10-2022,30-10-2022,Priya,Anderson,Priya Anderson,Canada,North,Technology,Tables,1535,-280,12,0
ORD00267,24-01-2021,25-01-2021,Emma,Anderson,Emma Anderson,Australia,North,Furniture,Tables,1949,-572,12,0
ORD00268,20-03-2021,27-03-2021,Rahul,Taylor,Rahul Taylor,UK,South,Office Supplies,Binders,594,193,12,0
ORD00269,24-07-2022,26-07-2022,Liam,Taylor,Liam Taylor,Australia,West,Office Supplies,Binders,1632,246,13,0.2
ORD00270,30-04-2021,05-05-2021,Liam,Anderson,Liam Anderson,Canada,North,Office Supplies,Chairs,70,18,7,0.1
ORD00271,07-05-2021,09-05-2021,Priya,Anderson,PriyaAnderson,Canada,East,OfficeSupplies,Binders,1195,-154,12,0.2
ORD00272,05-03-2022,08-03-2022,Liam,Smith,Liam Smith,USA,East,Furniture,Storage,1415,147,5,0.1
ORD00273,26-07-2021,28-07-2021,Ava,Taylor,Ava Taylor,USA,East,Office Supplies,Storage,464,-56,3,0.1
ORD00274,14-02-2022,18-02-2022,Olivia,Patel,Olivia Patel,Canada,West,Technology,Phones,442,27,2,0
ORD00275,05-11-2021,13-11-2021,Olivia,Verma,Olivia Verma,USA,West,Technology,Phones,284,-55,1,0.1
ORD00276,26-08-2022,01-09-2022,Sneha,Johnson,Sneha Johnson,USA,West,Office Supplies,Storage,436,-58,3,0
ORD00277,08-11-2022,09-11-2022,John,Taylor,JohnTaylor,USA,South,OfficeSupplies,Storage,1156,-151,1,0
ORD00278,17-06-2021,20-06-2021,Olivia,Brown,Olivia Brown,USA,West,Technology,Binders,838,-182,4,0
ORD00279,29-07-2022,04-08-2022,Emma,Brown,Emma Brown,UK,South,Furniture,Binders,771,23,15,0
ORD00280,03-04-2021,12-04-2021,John,Patel,John Patel,Canada,North,Furniture,Binders,328,73,11,0
ORD00281,18-07-2022,21-07-2022,Rahul,Smith,Rahul Smith,Australia,East,Furniture,Storage,103,11,2,0.1
ORD00282,17-02-2021,21-02-2021,Liam,Smith,Liam Smith,India,South,Office Supplies,Binders,963,318,4,0
ORD00283,10-02-2021,11-02-2021,Olivia,Patel,Olivia Patel,UK,South,Technology,Binders,568,184,9,0
ORD00284,10-11-2022,18-11-2022,Ava,Verma,Ava Verma,Canada,North,Technology,Accessories,363,-102,2,0.2
ORD00285,30-06-2021,08-07-2021,Noah,Verma,NoahVerma,Canada,West,Technology,Binders,1613,-441,4,0
ORD00286,01-03-2021,05-03-2021,Rahul,Sharma,Rahul Sharma,Canada,North,Office Supplies,Tables,1929,52,14,0.1
ORD00287,21-04-2022,26-04-2022,Rahul,Sharma,RahulSharma,Canada,West,OfficeSupplies,Storage,1507,427,6,0.2
ORD00288,03-12-2022,07-12-2022,Priya,Sharma,Priya Sharma,UK,North,Furniture,Accessories,126,18,8,0.2
ORD00289,29-03-2022,02-04-2022,Sneha,Taylor,Sneha Taylor,Australia,North,Office Supplies,Accessories,1593,292,13,0
ORD00290,24-09-2021,02-10-2021,Priya,Verma,PriyaVerma,Australia,West,Technology,Phones,1192,23,5,0.1
ORD00291,24-09-2021,03-10-2021,Emma,Taylor,Emma Taylor,Australia,East,Office Supplies,Accessories,1970,104,6,0
ORD00292,26-04-2022,30-04-2022,Amit,Verma,Amit Verma,India,West,Technology,Tables,842,166,2,0.1
ORD00293,13-06-2021,14-06-2021,Olivia,Johnson,Olivia Johnson,UK,East,Office Supplies,Storage,343,78,1,0
ORD00294,04-12-2022,14-12-2022,Priya,Brown,Priya Brown,Australia,South,Furniture,Binders,355,36,5,0.1
ORD00295,27-10-2021,05-11-2021,Olivia,Taylor,OliviaTaylor,Australia,East,Technology,Phones,572,134,11,0.1
ORD00296,16-10-2022,17-10-2022,Ava,Taylor,Ava Taylor,Canada,West,Technology,Chairs,635,-89,2,0.1
ORD00297,11-05-2022,18-05-2022,Sneha,Smith,Sneha Smith,Canada,East,Office Supplies,Accessories,1871,-496,9,0.2
ORD00298,20-04-2021,25-04-2021,Sneha,Verma,Sneha Verma,UK,East,Office Supplies,Binders,1714,337,2,0.1
ORD00299,03-11-2021,12-11-2021,Noah,Patel,Noah Patel,USA,North,Furniture,Phones,1341,-222,1,0.1
ORD00300,19-02-2022,23-02-2022,Priya,Brown,Priya Brown,Canada,West,Technology,Tables,637,216,6,0
ORD00301,10-12-2021,19-12-2021,Noah,Johnson,NoahJohnson,Canada,South,Furniture,Binders,197,18,3,0.1
ORD00302,01-03-2022,05-03-2022,Amit,Verma,Amit Verma,India,West,Technology,Storage,746,-94,14,0.1
ORD00303,12-10-2021,19-10-2021,Rahul,Brown,Rahul Brown,UK,South,Office Supplies,Storage,872,92,14,0
ORD00304,21-06-2021,30-06-2021,Noah,Patel,Noah Patel,UK,South,Furniture,Chairs,420,74,12,0.2
ORD00305,26-05-2021,29-05-2021,Rahul,Brown,Rahul Brown,India,East,Office Supplies,Accessories,1726,209,9,0.1
ORD00306,19-04-2021,23-04-2021,Rahul,Johnson,RahulJohnson,India,South,OfficeSupplies,Phones,1510,473,6,0
ORD00307,04-03-2022,11-03-2022,Liam,Patel,Liam Patel,India,West,Furniture,Phones,1535,-29,10,0
ORD00308,25-11-2021,01-12-2021,Olivia,Patel,Olivia Patel,Canada,North,Office Supplies,Binders,912,267,6,0
ORD00309,21-07-2021,27-07-2021,Priya,Brown,Priya Brown,USA,West,Technology,Phones,559,-111,11,0
ORD00310,18-02-2022,27-02-2022,Sneha,Anderson,Sneha Anderson,Australia,West,Technology,Storage,933,84,8,0.1
ORD00311,01-05-2021,09-05-2021,Rahul,Smith,Rahul Smith,UK,West,Furniture,Storage,1026,-146,3,0.1
ORD00312,20-09-2022,30-09-2022,Priya,Verma,Priya Verma,Australia,East,Technology,Tables,1358,254,1,0.2
ORD00313,01-03-2021,05-03-2021,Priya,Patel,Priya Patel,India,East,Furniture,Tables,1207,-227,3,0.1
ORD00314,11-11-2021,14-11-2021,Liam,Verma,Liam Verma,India,West,Technology,Phones,94,-14,1,0.1
ORD00315,13-02-2021,16-02-2021,Ava,Smith,AvaSmith,India,West,Furniture,Accessories,1434,281,1,0
ORD00316,30-11-2021,01-12-2021,Priya,Patel,Priya Patel,India,West,Furniture,Accessories,1889,-270,14,0.1
ORD00317,26-05-2021,02-06-2021,Priya,Patel,Priya Patel,India,East,Furniture,Storage,156,34,13,0
ORD00318,19-12-2022,28-12-2022,Liam,Smith,Liam Smith,USA,East,Furniture,Phones,618,181,1,0
ORD00319,04-02-2022,07-02-2022,Amit,Taylor,Amit Taylor,USA,South,Technology,Accessories,604,43,4,0.1
ORD00320,02-08-2022,10-08-2022,Olivia,Taylor,Olivia Taylor,USA,East,Office Supplies,Tables,1473,-387,2,0.1
ORD00321,07-06-2022,11-06-2022,Rahul,Taylor,RahulTaylor,USA,West,Furniture,Phones,1875,-188,13,0
ORD00322,15-09-2022,17-09-2022,Amit,Sharma,Amit Sharma,Australia,West,Furniture,Phones,1067,128,13,0
ORD00323,30-07-2021,08-08-2021,Olivia,Patel,Olivia Patel,USA,West,Technology,Phones,44,13,12,0
ORD00324,04-11-2021,07-11-2021,Sneha,Taylor,SnehaTaylor,USA,South,OfficeSupplies,Binders,746,223,7,0.1
ORD00325,26-12-2022,29-12-2022,Olivia,Taylor,Olivia Taylor,Canada,East,Office Supplies,Tables,1325,235,8,0.1
ORD00326,19-02-2022,26-02-2022,Priya,Verma,Priya Verma,India,East,Furniture,Accessories,500,-82,11,0.1
ORD00327,14-07-2021,18-07-2021,Emma,Taylor,Emma Taylor,India,East,Furniture,Phones,1741,-3,3,0
ORD00328,09-10-2021,19-10-2021,Noah,Patel,NoahPatel,India,South,Technology,Chairs,819,226,9,0
ORD00329,25-10-2021,29-10-2021,Noah,Patel,Noah Patel,Australia,South,Technology,Binders,1922,107,2,0.1
ORD00330,12-08-2021,14-08-2021,Ava,Taylor,Ava Taylor,UK,East,Furniture,Accessories,522,-146,13,0.1
ORD00331,26-01-2022,30-01-2022,Amit,Sharma,Amit Sharma,Canada,East,Furniture,Chairs,1986,491,7,0.1
ORD00332,18-01-2022,26-01-2022,Noah,Patel,Noah Patel,UK,East,Office Supplies,Chairs,673,-197,1,0
ORD00333,23-07-2021,31-07-2021,Amit,Johnson,Amit Johnson,UK,South,Furniture,Storage,167,-24,4,0.1
ORD00334,23-04-2021,30-04-2021,Sneha,Johnson,Sneha Johnson,Canada,North,Office Supplies,Chairs,1621,-212,13,0.2
ORD00335,15-03-2022,24-03-2022,Priya,Johnson,Priya Johnson,Canada,West,Office Supplies,Chairs,155,-17,12,0.1
ORD00336,08-04-2021,18-04-2021,Ava,Taylor,Ava Taylor,UK,West,Technology,Accessories,653,-152,3,0.1
ORD00337,01-11-2021,04-11-2021,Emma,Anderson,Emma Anderson,Canada,West,Furniture,Accessories,1306,-305,14,0
ORD00338,11-10-2021,12-10-2021,Rahul,Taylor,Rahul Taylor,India,East,Furniture,Binders,1055,285,10,0
ORD00339,29-07-2022,31-07-2022,Olivia,Sharma,Olivia Sharma,USA,East,Office Supplies,Binders,1007,-282,2,0.1
ORD00340,04-05-2021,09-05-2021,Sneha,Verma,Sneha Verma,India,South,Technology,Phones,1986,-470,4,0
ORD00341,01-09-2022,11-09-2022,Olivia,Taylor,Olivia Taylor,India,East,Office Supplies,Phones,1990,-384,5,0
ORD00342,05-05-2022,10-05-2022,Noah,Verma,Noah Verma,Australia,East,Technology,Tables,1913,-73,8,0.1
ORD00343,19-08-2022,22-08-2022,Priya,Johnson,Priya Johnson,India,West,Furniture,Tables,905,-160,12,0.1
ORD00344,08-02-2022,15-02-2022,Liam,Brown,Liam Brown,Australia,West,Furniture,Binders,807,101,1,0.2
ORD00345,21-02-2021,02-03-2021,Sneha,Verma,Sneha Verma,UK,East,Furniture,Tables,1509,-76,5,0.1
ORD00346,24-04-2022,25-04-2022,Priya,Verma,Priya Verma,Australia,West,Furniture,Phones,114,39,15,0
ORD00347,12-03-2022,18-03-2022,Amit,Verma,AmitVerma,Australia,South,OfficeSupplies,Binders,623,48,3,0.1
ORD00348,27-07-2021,02-08-2021,Ava,Smith,Ava Smith,UK,South,Furniture,Chairs,805,170,9,0.1
ORD00349,26-08-2022,30-08-2022,John,Brown,John Brown,Australia,South,Furniture,Storage,739,-198,5,0
ORD00350,23-07-2022,25-07-2022,Sneha,Verma,Sneha Verma,India,South,Office Supplies,Storage,1344,150,15,0
ORD00351,22-07-2022,29-07-2022,John,Patel,John Patel,Australia,South,Furniture,Tables,685,118,5,0.1
ORD00352,14-02-2021,20-02-2021,Emma,Johnson,Emma Johnson,Australia,South,Technology,Phones,374,-79,11,0.1
ORD00353,06-09-2022,15-09-2022,Sneha,Anderson,Sneha Anderson,India,West,Technology,Phones,1385,-228,2,0.1
ORD00354,22-01-2022,28-01-2022,Noah,Taylor,Noah Taylor,UK,South,Office Supplies,Accessories,1008,12,14,0.1
ORD00355,31-01-2022,02-02-2022,Rahul,Smith,Rahul Smith,India,South,Technology,Accessories,216,5,5,0
ORD00356,20-05-2021,27-05-2021,Olivia,Anderson,OliviaAnderson,India,East,Technology,Storage,1686,413,12,0
ORD00357,13-03-2021,22-03-2021,Emma,Verma,EmmaVerma,India,North,OfficeSupplies,Chairs,1096,-124,11,0.1
ORD00358,09-06-2021,15-06-2021,Rahul,Sharma,Rahul Sharma,India,South,Office Supplies,Storage,533,51,2,0.1
ORD00359,01-02-2022,05-02-2022,Amit,Patel,Amit Patel,USA,South,Furniture,Binders,619,-55,6,0.1
ORD00360,31-10-2022,10-11-2022,John,Johnson,John Johnson,Australia,North,Office Supplies,Phones,844,-98,14,0.1
ORD00361,28-04-2022,29-04-2022,Amit,Taylor,Amit Taylor,UK,North,Technology,Storage,1242,-268,7,0.1
ORD00362,10-06-2021,19-06-2021,Liam,Verma,Liam Verma,Australia,South,Furniture,Storage,541,105,1,0.1
ORD00363,21-06-2022,29-06-2022,John,Taylor,John Taylor,India,West,Technology,Storage,1980,578,2,0
ORD00364,14-09-2021,17-09-2021,Rahul,Taylor,Rahul Taylor,UK,South,Technology,Storage,271,57,3,0
ORD00365,15-03-2022,22-03-2022,Olivia,Anderson,OliviaAnderson,UK,West,OfficeSupplies,Chairs,417,35,1,0.2
ORD00366,21-07-2022,22-07-2022,Emma,Verma,EmmaVerma,UK,North,OfficeSupplies,Phones,1430,47,15,0.2
ORD00367,26-05-2022,02-06-2022,Ava,Patel,Ava Patel,India,South,Office Supplies,Binders,605,-25,14,0.1
ORD00368,08-01-2022,15-01-2022,Emma,Brown,Emma Brown,India,South,Technology,Chairs,515,52,12,0.1
ORD00369,23-02-2022,04-03-2022,Ava,Verma,Ava Verma,India,South,Furniture,Binders,905,-201,5,0.1
ORD00370,11-07-2021,18-07-2021,Ava,Johnson,AvaJohnson,India,South,Furniture,Phones,167,49,9,0.2
ORD00371,01-01-2022,04-01-2022,Ava,Taylor,Ava Taylor,USA,South,Furniture,Binders,380,-25,15,0
ORD00372,05-08-2022,07-08-2022,Rahul,Brown,Rahul Brown,UK,East,Furniture,Tables,366,-21,7,0
ORD00373,12-02-2022,15-02-2022,Rahul,Verma,Rahul Verma,India,East,Furniture,Accessories,29,9,14,0
ORD00374,11-11-2022,16-11-2022,Olivia,Smith,Olivia Smith,USA,North,Technology,Chairs,1667,-477,9,0
ORD00375,29-03-2021,30-03-2021,Noah,Patel,Noah Patel,Australia,South,Furniture,Phones,1098,50,1,0
ORD00376,24-02-2022,28-02-2022,Olivia,Sharma,OliviaSharma,Australia,South,OfficeSupplies,Binders,1739,584,10,0.1
ORD00377,31-10-2022,02-11-2022,Noah,Johnson,Noah Johnson,India,South,Office Supplies,Binders,1896,340,8,0
ORD00378,29-10-2022,02-11-2022,Sneha,Sharma,Sneha Sharma,India,South,Technology,Storage,1380,-81,2,0.1
ORD00379,19-07-2021,20-07-2021,John,Brown,John Brown,UK,North,Office Supplies,Tables,74,-7,11,0.1
ORD00380,07-06-2022,13-06-2022,Liam,Verma,Liam Verma,UK,South,Furniture,Accessories,570,-15,3,0
ORD00381,26-12-2021,29-12-2021,Olivia,Verma,Olivia Verma,UK,North,Office Supplies,Accessories,1066,78,12,0.1
ORD00382,03-02-2021,07-02-2021,Priya,Verma,Priya Verma,Australia,North,Technology,Tables,1795,21,5,0.2
ORD00383,12-01-2022,15-01-2022,Priya,Verma,Priya Verma,India,West,Technology,Tables,1642,-366,2,0.2
ORD00384,01-07-2022,05-07-2022,Amit,Verma,Amit Verma,USA,West,Office Supplies,Tables,694,-37,3,0.1
ORD00385,23-02-2022,27-02-2022,Amit,Brown,Amit Brown,USA,East,Office Supplies,Storage,743,153,14,0
ORD00386,04-05-2021,07-05-2021,Olivia,Anderson,Olivia Anderson,USA,East,Furniture,Phones,385,-92,12,0
ORD00387,08-11-2022,15-11-2022,John,Smith,JohnSmith,USA,East,Technology,Storage,1181,-225,6,0.2
ORD00388,04-02-2022,14-02-2022,Emma,Smith,Emma Smith,India,North,Office Supplies,Chairs,1362,277,3,0
ORD00389,24-11-2021,27-11-2021,Ava,Sharma,Ava Sharma,Canada,North,Office Supplies,Binders,882,-103,11,0.2
ORD00390,13-09-2021,21-09-2021,Olivia,Johnson,Olivia Johnson,India,North,Office Supplies,Tables,1035,-246,1,0.1
ORD00391,07-01-2022,15-01-2022,Rahul,Taylor,RahulTaylor,India,North,Furniture,Storage,257,9,11,0.1
ORD00392,07-06-2022,16-06-2022,Olivia,Patel,Olivia Patel,Australia,West,Technology,Tables,1591,231,1,0.2
ORD00393,06-12-2021,16-12-2021,Emma,Patel,Emma Patel,USA,North,Office Supplies,Storage,1627,85,6,0
ORD00394,26-06-2022,28-06-2022,Amit,Verma,Amit Verma,Canada,North,Office Supplies,Storage,1394,-338,6,0.2
ORD00395,06-08-2022,12-08-2022,John,Brown,JohnBrown,Canada,North,OfficeSupplies,Binders,965,334,1,0
ORD00396,31-01-2022,04-02-2022,Amit,Verma,Amit Verma,USA,West,Furniture,Tables,1432,-223,11,0
ORD00397,11-07-2021,15-07-2021,Olivia,Smith,OliviaSmith,USA,South,Furniture,Accessories,1179,251,11,0.1
ORD00398,04-01-2022,10-01-2022,Rahul,Johnson,RahulJohnson,USA,North,Furniture,Accessories,673,211,11,0.1
ORD00399,21-12-2022,26-12-2022,Liam,Taylor,Liam Taylor,Australia,North,Office Supplies,Chairs,337,24,9,0
ORD00400,28-09-2021,30-09-2021,John,Patel,John Patel,India,North,Technology,Tables,748,133,2,0.2
ORD00401,01-12-2022,07-12-2022,Noah,Sharma,NoahSharma,India,West,Technology,Binders,98,-27,8,0
ORD00402,25-06-2021,03-07-2021,Emma,Sharma,Emma Sharma,Canada,East,Technology,Tables,1507,-287,12,0
ORD00403,28-09-2022,30-09-2022,Liam,Johnson,Liam Johnson,India,East,Technology,Tables,1809,-149,2,0.1
ORD00404,13-03-2022,17-03-2022,Amit,Brown,Amit Brown,USA,East,Furniture,Tables,430,76,13,0.1
ORD00405,28-05-2022,06-06-2022,Noah,Sharma,Noah Sharma,India,East,Office Supplies,Chairs,1466,-221,10,0.2
ORD00406,11-04-2021,12-04-2021,Liam,Brown,Liam Brown,India,South,Furniture,Tables,142,-23,10,0
ORD00407,15-12-2021,21-12-2021,Rahul,Patel,Rahul Patel,Canada,South,Furniture,Accessories,1311,-223,7,0.1
ORD00408,10-10-2021,13-10-2021,Emma,Anderson,Emma Anderson,UK,South,Furniture,Accessories,859,-133,5,0
ORD00409,12-09-2022,22-09-2022,Noah,Brown,NoahBrown,UK,West,OfficeSupplies,Phones,811,259,2,0.1
ORD00410,29-06-2021,03-07-2021,Rahul,Anderson,Rahul Anderson,USA,South,Furniture,Chairs,1184,77,8,0.2
ORD00411,22-07-2021,01-08-2021,Sneha,Johnson,SnehaJohnson,USA,South,Technology,Tables,498,91,9,0
ORD00412,20-04-2021,22-04-2021,Amit,Taylor,Amit Taylor,Canada,North,Technology,Tables,1009,-65,12,0
ORD00413,02-03-2022,04-03-2022,Liam,Taylor,Liam Taylor,Australia,North,Office Supplies,Phones,1293,65,14,0.1
ORD00414,06-09-2022,10-09-2022,Priya,Patel,Priya Patel,Australia,South,Technology,Accessories,955,-29,14,0.1
ORD00415,17-10-2021,23-10-2021,Rahul,Sharma,Rahul Sharma,UK,North,Furniture,Accessories,1317,349,1,0
ORD00416,29-07-2021,05-08-2021,Olivia,Sharma,Olivia Sharma,UK,East,Office Supplies,Phones,1261,43,2,0.1
ORD00417,17-11-2022,25-11-2022,Ava,Verma,Ava Verma,India,East,Technology,Binders,353,-8,15,0
ORD00418,07-07-2022,13-07-2022,Ava,Patel,Ava Patel,India,South,Furniture,Binders,1140,110,5,0.1
ORD00419,13-10-2021,17-10-2021,Emma,Smith,Emma Smith,Australia,West,Technology,Binders,1780,258,4,0
ORD00420,21-09-2022,23-09-2022,John,Patel,John Patel,India,West,Office Supplies,Accessories,849,208,9,0.1
ORD00421,17-03-2022,20-03-2022,Ava,Sharma,Ava Sharma,Australia,North,Furniture,Accessories,661,97,15,0
ORD00422,14-12-2021,21-12-2021,Sneha,Anderson,Sneha Anderson,Australia,South,Technology,Accessories,796,92,4,0
ORD00423,14-05-2022,19-05-2022,Rahul,Patel,RahulPatel,Australia,West,OfficeSupplies,Chairs,1260,-30,7,0
ORD00424,02-12-2022,09-12-2022,Noah,Brown,Noah Brown,India,East,Technology,Accessories,308,7,1,0.1
ORD00425,22-09-2022,29-09-2022,Priya,Patel,Priya Patel,Australia,West,Office Supplies,Chairs,585,81,12,0.1
ORD00426,25-09-2022,04-10-2022,Amit,Sharma,Amit Sharma,Canada,East,Office Supplies,Phones,355,-99,9,0
ORD00427,11-07-2022,20-07-2022,Noah,Brown,Noah Brown,Australia,East,Furniture,Phones,1191,194,11,0
ORD00428,04-09-2022,09-09-2022,Liam,Smith,Liam Smith,UK,West,Technology,Binders,475,152,6,0.1
ORD00429,21-12-2022,22-12-2022,John,Johnson,John Johnson,India,North,Furniture,Binders,1102,-11,1,0.1
ORD00430,18-10-2021,19-10-2021,Liam,Sharma,Liam Sharma,USA,South,Furniture,Storage,526,-145,9,0
ORD00431,12-04-2022,22-04-2022,John,Patel,John Patel,India,South,Technology,Chairs,849,-228,8,0.2
ORD00432,30-05-2021,03-06-2021,Noah,Johnson,Noah Johnson,Australia,North,Furniture,Binders,394,127,12,0.1
ORD00433,04-07-2022,14-07-2022,John,Verma,John Verma,USA,North,Technology,Phones,304,103,3,0.1
ORD00434,16-06-2022,24-06-2022,Rahul,Sharma,Rahul Sharma,USA,North,Technology,Storage,485,-47,10,0.1
ORD00435,28-07-2022,05-08-2022,Noah,Patel,NoahPatel,USA,North,Furniture,Phones,451,-105,13,0.1
ORD00436,26-04-2022,05-05-2022,John,Patel,John Patel,Australia,West,Furniture,Accessories,1362,-84,4,0.1
ORD00437,22-11-2021,25-11-2021,Rahul,Sharma,Rahul Sharma,India,East,Technology,Binders,159,-10,15,0.1
ORD00438,26-03-2021,04-04-2021,Emma,Brown,Emma Brown,Canada,West,Office Supplies,Binders,1550,518,9,0.1
ORD00439,19-02-2022,24-02-2022,Priya,Brown,Priya Brown,Canada,West,Furniture,Tables,1112,72,13,0.1
ORD00440,19-06-2022,20-06-2022,Emma,Johnson,Emma Johnson,USA,East,Office Supplies,Tables,722,-106,2,0.2
ORD00441,19-07-2021,26-07-2021,Liam,Patel,Liam Patel,Australia,West,Office Supplies,Tables,814,34,4,0.2
ORD00442,27-10-2021,30-10-2021,Rahul,Brown,Rahul Brown,UK,East,Furniture,Tables,383,-54,3,0.1
ORD00443,02-08-2021,03-08-2021,John,Smith,John Smith,Canada,East,Technology,Tables,448,48,5,0
ORD00444,27-02-2022,04-03-2022,Amit,Taylor,Amit Taylor,Canada,East,Furniture,Tables,206,-57,14,0.1
ORD00445,09-04-2021,14-04-2021,Liam,Patel,Liam Patel,India,East,Office Supplies,Tables,1823,545,4,0.2
ORD00446,02-06-2021,12-06-2021,Rahul,Smith,Rahul Smith,USA,West,Furniture,Binders,65,7,9,0.1
ORD00447,27-04-2022,29-04-2022,Noah,Johnson,Noah Johnson,India,North,Technology,Phones,934,-192,11,0
ORD00448,03-10-2022,07-10-2022,Ava,Brown,Ava Brown,UK,North,Furniture,Chairs,1212,381,9,0
ORD00449,10-06-2021,13-06-2021,Amit,Brown,Amit Brown,Canada,North,Office Supplies,Tables,985,179,10,0.2
ORD00450,29-06-2022,08-07-2022,John,Johnson,JohnJohnson,Canada,North,OfficeSupplies,Binders,863,208,14,0.1
ORD00451,06-03-2022,07-03-2022,Liam,Taylor,Liam Taylor,USA,South,Furniture,Accessories,1985,87,6,0
ORD00452,01-08-2021,08-08-2021,Emma,Taylor,Emma Taylor,Canada,South,Furniture,Binders,262,87,2,0.1
ORD00453,08-12-2021,18-12-2021,Rahul,Verma,Rahul Verma,Canada,East,Office Supplies,Phones,161,21,10,0.2
ORD00454,30-06-2022,06-07-2022,Emma,Patel,Emma Patel,India,East,Office Supplies,Binders,34,11,12,0.1
ORD00455,13-07-2021,18-07-2021,John,Sharma,John Sharma,UK,South,Furniture,Storage,489,124,12,0.1
ORD00456,26-08-2022,31-08-2022,Amit,Johnson,Amit Johnson,Canada,East,Office Supplies,Accessories,555,120,1,0.1
ORD00457,29-09-2021,07-10-2021,Priya,Verma,Priya Verma,Canada,East,Technology,Tables,734,193,15,0.2
ORD00458,07-05-2022,15-05-2022,Rahul,Taylor,Rahul Taylor,India,South,Technology,Phones,378,99,6,0
ORD00459,01-09-2021,04-09-2021,Olivia,Anderson,Olivia Anderson,Australia,North,Technology,Phones,1733,-49,7,0.2
ORD00460,07-04-2021,10-04-2021,Emma,Anderson,EmmaAnderson,Australia,North,Technology,Phones,1938,241,9,0
ORD00461,26-01-2022,05-02-2022,John,Brown,John Brown,USA,South,Furniture,Accessories,898,179,13,0.2
ORD00462,15-02-2022,21-02-2022,Priya,Sharma,Priya Sharma,USA,West,Office Supplies,Storage,199,-24,14,0.1
ORD00463,29-12-2022,31-12-2022,Sneha,Sharma,Sneha Sharma,USA,West,Office Supplies,Storage,1040,-256,12,0
ORD00464,27-11-2021,04-12-2021,Liam,Johnson,Liam Johnson,USA,West,Technology,Phones,1432,-295,4,0
ORD00465,12-04-2022,16-04-2022,Emma,Taylor,Emma Taylor,India,West,Furniture,Phones,453,-77,15,0
ORD00466,26-01-2022,05-02-2022,Emma,Sharma,Emma Sharma,USA,West,Furniture,Tables,1895,313,12,0.2
ORD00467,03-05-2022,10-05-2022,Amit,Smith,Amit Smith,UK,West,Furniture,Accessories,1352,-101,9,0.2
ORD00468,20-10-2021,24-10-2021,Liam,Patel,Liam Patel,Australia,South,Office Supplies,Tables,1614,-292,3,0
ORD00469,15-10-2022,17-10-2022,Olivia,Anderson,Olivia Anderson,Australia,East,Office Supplies,Chairs,153,44,5,0.2
ORD00470,20-06-2021,27-06-2021,Olivia,Smith,Olivia Smith,Australia,East,Technology,Phones,1214,370,9,0
ORD00471,10-03-2022,20-03-2022,Emma,Smith,Emma Smith,Canada,North,Technology,Accessories,1791,-56,13,0
ORD00472,14-04-2021,24-04-2021,Noah,Brown,Noah Brown,UK,North,Technology,Binders,47,1,5,0
ORD00473,28-01-2021,06-02-2021,Liam,Patel,Liam Patel,India,North,Office Supplies,Storage,207,-62,5,0
ORD00474,29-01-2021,30-01-2021,Ava,Sharma,Ava Sharma,Australia,North,Office Supplies,Storage,551,1,3,0.1
ORD00475,13-10-2021,17-10-2021,Rahul,Taylor,Rahul Taylor,Australia,East,Office Supplies,Accessories,740,161,1,0.1
ORD00476,17-12-2021,21-12-2021,Ava,Brown,Ava Brown,USA,South,Technology,Phones,1273,433,8,0
ORD00477,10-04-2022,12-04-2022,Liam,Anderson,Liam Anderson,Australia,North,Office Supplies,Accessories,1768,575,8,0
ORD00478,06-07-2022,07-07-2022,Emma,Anderson,EmmaAnderson,Australia,South,Furniture,Storage,1205,-331,5,0.1
ORD00479,30-04-2021,02-05-2021,Noah,Patel,Noah Patel,India,South,Technology,Phones,302,-3,7,0
ORD00480,16-09-2021,24-09-2021,Emma,Sharma,Emma Sharma,USA,South,Technology,Binders,1559,-73,7,0.2
ORD00481,23-09-2022,28-09-2022,Noah,Anderson,Noah Anderson,India,South,Technology,Accessories,165,43,15,0.1
ORD00482,30-04-2021,07-05-2021,Priya,Sharma,Priya Sharma,USA,South,Technology,Accessories,1559,335,7,0.1
ORD00483,06-07-2021,12-07-2021,Liam,Patel,Liam Patel,USA,South,Technology,Accessories,446,127,14,0
ORD00484,09-01-2021,11-01-2021,Olivia,Smith,Olivia Smith,UK,South,Technology,Chairs,723,-107,2,0.1
ORD00485,24-01-2021,30-01-2021,Amit,Sharma,AmitSharma,UK,West,Furniture,Binders,640,156,1,0.1
ORD00486,17-09-2022,21-09-2022,Olivia,Verma,OliviaVerma,UK,North,Furniture,Storage,1712,-472,12,0
ORD00487,10-06-2021,17-06-2021,Amit,Sharma,AmitSharma,UK,North,Furniture,Storage,999,201,11,0.1
ORD00488,20-12-2022,24-12-2022,Priya,Smith,Priya Smith,USA,North,Technology,Storage,1142,-166,4,0.1
ORD00489,16-09-2021,23-09-2021,Priya,Taylor,Priya Taylor,Canada,South,Furniture,Storage,185,-25,12,0.1
ORD00490,28-02-2021,03-03-2021,Rahul,Smith,Rahul Smith,USA,North,Furniture,Chairs,884,281,4,0
ORD00491,10-12-2021,12-12-2021,Priya,Anderson,Priya Anderson,Canada,South,Office Supplies,Storage,74,3,13,0.1
ORD00492,05-04-2022,08-04-2022,Noah,Smith,Noah Smith,UK,South,Technology,Tables,1860,-124,13,0
ORD00493,26-05-2022,30-05-2022,Rahul,Brown,Rahul Brown,Canada,South,Technology,Phones,250,52,15,0.2
ORD00494,14-12-2021,16-12-2021,Rahul,Anderson,Rahul Anderson,USA,North,Office Supplies,Storage,753,-187,11,0.1
ORD00495,07-04-2021,12-04-2021,Rahul,Johnson,Rahul Johnson,UK,East,Technology,Tables,87,28,10,0
ORD00496,28-03-2021,07-04-2021,John,Smith,John Smith,India,East,Office Supplies,Tables,1163,154,14,0
ORD00497,25-03-2021,26-03-2021,Amit,Patel,AmitPatel,India,West,Technology,Tables,1155,105,9,0
ORD00498,03-08-2022,06-08-2022,Rahul,Sharma,Rahul Sharma,India,East,Technology,Tables,1700,302,12,0
ORD00499,29-11-2022,03-12-2022,Noah,Verma,Noah Verma,UK,East,Technology,Chairs,669,-200,5,0
ORD00500,10-01-2022,15-01-2022,John,Anderson,JohnAnderson,UK,East,Furniture,Tables,1093,-121,14,0.2
ORD00501,16-05-2021,19-05-2021,Sneha,Patel,Sneha Patel,Australia,East,Office Supplies,Tables,193,30,6,0.1
ORD00502,23-07-2022,28-07-2022,Rahul,Brown,RahulBrown,Australia,South,Furniture,Tables,1031,327,1,0
ORD00503,26-04-2022,30-04-2022,Olivia,Taylor,Olivia Taylor,Australia,South,Office Supplies,Storage,1841,-428,6,0
ORD00504,16-12-2021,23-12-2021,Olivia,Verma,Olivia Verma,USA,South,Technology,Binders,62,2,2,0
ORD00505,27-01-2022,04-02-2022,Priya,Patel,Priya Patel,Canada,South,Furniture,Accessories,1767,60,7,0
ORD00506,09-06-2022,18-06-2022,Amit,Verma,Amit Verma,Canada,East,Furniture,Binders,313,-3,8,0
ORD00507,10-12-2022,13-12-2022,John,Brown,John Brown,USA,East,Office Supplies,Binders,191,-44,15,0.1
ORD00508,25-05-2022,31-05-2022,Rahul,Johnson,Rahul Johnson,USA,North,Furniture,Phones,1279,302,5,0
ORD00509,12-12-2022,20-12-2022,Rahul,Brown,Rahul Brown,USA,West,Technology,Accessories,1452,181,2,0.1
ORD00510,25-06-2022,01-07-2022,Olivia,Smith,Olivia Smith,India,North,Office Supplies,Phones,842,209,8,0
ORD00511,28-05-2022,07-06-2022,Priya,Patel,Priya Patel,Canada,South,Technology,Phones,879,-194,12,0.1
ORD00512,08-01-2021,18-01-2021,Ava,Smith,AvaSmith,Canada,West,Technology,Binders,1322,337,10,0.1
ORD00513,12-09-2022,15-09-2022,Liam,Smith,LiamSmith,Canada,West,Technology,Storage,977,316,6,0
ORD00514,30-04-2021,10-05-2021,Olivia,Verma,Olivia Verma,India,North,Technology,Storage,704,-140,11,0
ORD00515,19-10-2021,22-10-2021,Noah,Anderson,Noah Anderson,UK,East,Office Supplies,Storage,991,305,3,0.2
ORD00516,05-04-2022,07-04-2022,Rahul,Johnson,Rahul Johnson,Canada,West,Furniture,Storage,1920,-398,10,0
ORD00517,29-01-2021,03-02-2021,Sneha,Verma,Sneha Verma,Canada,West,Technology,Accessories,1043,-55,2,0.2
ORD00518,02-03-2021,10-03-2021,Liam,Smith,Liam Smith,India,South,Office Supplies,Accessories,1134,-100,11,0.1
ORD00519,10-05-2021,17-05-2021,Amit,Patel,AmitPatel,India,South,OfficeSupplies,Storage,1876,-151,11,0.2
ORD00520,03-10-2022,11-10-2022,John,Taylor,John Taylor,Canada,West,Office Supplies,Storage,1907,-536,2,0.2
ORD00521,20-09-2021,22-09-2021,Liam,Sharma,Liam Sharma,Australia,West,Technology,Storage,1240,-226,7,0.1
ORD00522,18-08-2022,19-08-2022,John,Anderson,John Anderson,USA,North,Office Supplies,Binders,1563,72,14,0
ORD00523,06-09-2021,14-09-2021,John,Sharma,John Sharma,Australia,West,Technology,Binders,392,14,10,0
ORD00524,26-08-2022,03-09-2022,Noah,Sharma,Noah Sharma,UK,East,Technology,Accessories,656,-17,12,0.1
ORD00525,29-06-2022,02-07-2022,Priya,Johnson,Priya Johnson,Canada,West,Office Supplies,Phones,163,30,13,0.1
ORD00526,14-12-2022,20-12-2022,Olivia,Anderson,Olivia Anderson,Canada,West,Office Supplies,Accessories,1065,-289,9,0.1
ORD00527,05-02-2021,07-02-2021,Amit,Smith,AmitSmith,Canada,North,OfficeSupplies,Accessories,1685,-47,15,0.1
ORD00528,16-10-2021,17-10-2021,Rahul,Sharma,Rahul Sharma,Canada,North,Furniture,Accessories,820,221,5,0.1
ORD00529,06-04-2022,07-04-2022,Olivia,Johnson,Olivia Johnson,Australia,North,Furniture,Phones,187,-8,15,0
ORD00530,25-01-2021,01-02-2021,Olivia,Verma,Olivia Verma,Canada,West,Technology,Phones,1320,311,9,0.1
ORD00531,27-12-2022,28-12-2022,Rahul,Taylor,Rahul Taylor,USA,West,Technology,Chairs,1804,301,12,0.2
ORD00532,22-09-2022,28-09-2022,Rahul,Johnson,Rahul Johnson,USA,West,Furniture,Tables,148,-31,10,0.1
ORD00533,08-02-2021,15-02-2021,Priya,Taylor,Priya Taylor,India,South,Technology,Tables,1689,549,1,0.1
ORD00534,08-01-2021,15-01-2021,Olivia,Johnson,Olivia Johnson,Canada,South,Technology,Tables,861,21,14,0.1
ORD00535,20-07-2022,23-07-2022,John,Anderson,JohnAnderson,Canada,South,Furniture,Storage,1388,-6,8,0.2
ORD00536,24-09-2022,04-10-2022,Noah,Patel,Noah Patel,India,West,Technology,Storage,547,78,12,0.1
ORD00537,19-07-2022,28-07-2022,Emma,Taylor,Emma Taylor,Canada,West,Technology,Phones,1271,-158,1,0.1
ORD00538,25-06-2021,05-07-2021,Sneha,Johnson,Sneha Johnson,Canada,South,Office Supplies,Phones,1937,678,8,0.1
ORD00539,22-03-2021,01-04-2021,Noah,Sharma,Noah Sharma,Canada,South,Furniture,Storage,387,-78,11,0.1
ORD00540,06-12-2022,13-12-2022,Liam,Sharma,LiamSharma,Canada,North,Technology,Accessories,827,171,15,0
ORD00541,30-03-2021,09-04-2021,Priya,Smith,Priya Smith,Australia,North,Office Supplies,Chairs,1156,107,2,0
ORD00542,22-10-2021,31-10-2021,Emma,Patel,Emma Patel,Australia,North,Technology,Tables,421,108,11,0
ORD00543,20-06-2022,24-06-2022,Liam,Verma,Liam Verma,USA,East,Furniture,Tables,505,-73,14,0.1
ORD00544,27-06-2022,07-07-2022,Priya,Johnson,Priya Johnson,Canada,North,Furniture,Chairs,1620,-121,11,0.1
ORD00545,16-08-2022,21-08-2022,Ava,Taylor,AvaTaylor,Canada,West,Furniture,Phones,1781,103,5,0
ORD00546,30-12-2022,08-01-2023,Ava,Johnson,Ava Johnson,Australia,South,Technology,Tables,829,-134,2,0
ORD00547,26-10-2021,30-10-2021,Rahul,Sharma,Rahul Sharma,India,East,Furniture,Chairs,1286,-78,1,0.1
ORD00548,19-07-2022,26-07-2022,Amit,Smith,Amit Smith,USA,South,Office Supplies,Accessories,646,-155,15,0
ORD00549,02-04-2021,11-04-2021,Priya,Brown,Priya Brown,India,East,Technology,Accessories,279,76,11,0
ORD00550,17-03-2021,27-03-2021,Liam,Brown,LiamBrown,India,West,Technology,Accessories,1659,249,10,0.1
ORD00551,26-05-2022,04-06-2022,Rahul,Smith,Rahul Smith,India,South,Furniture,Tables,1941,-223,13,0.2
ORD00552,16-09-2022,20-09-2022,Rahul,Sharma,Rahul Sharma,UK,South,Technology,Storage,1832,-314,14,0.1
ORD00553,23-10-2022,02-11-2022,John,Taylor,John Taylor,Australia,South,Office Supplies,Phones,1975,368,6,0
ORD00554,17-09-2022,24-09-2022,Ava,Johnson,Ava Johnson,UK,South,Technology,Chairs,471,122,13,0
ORD00555,27-12-2021,03-01-2022,Priya,Taylor,PriyaTaylor,UK,East,Technology,Accessories,161,46,8,0
ORD00556,03-07-2021,09-07-2021,Amit,Smith,AmitSmith,UK,East,Technology,Tables,1067,243,8,0.1
ORD00557,14-08-2022,22-08-2022,Priya,Johnson,Priya Johnson,Australia,East,Technology,Storage,586,78,3,0.1
ORD00558,15-03-2021,20-03-2021,Emma,Smith,EmmaSmith,Australia,West,OfficeSupplies,Phones,1320,333,15,0.1
ORD00559,19-07-2021,21-07-2021,Ava,Taylor,AvaTaylor,Australia,West,Technology,Chairs,1934,214,1,0.2
ORD00560,25-10-2022,04-11-2022,Liam,Sharma,Liam Sharma,Canada,West,Technology,Tables,1136,250,9,0
ORD00561,30-01-2021,01-02-2021,Rahul,Sharma,Rahul Sharma,UK,West,Technology,Storage,766,32,9,0
ORD00562,24-07-2021,01-08-2021,Ava,Brown,AvaBrown,UK,West,Technology,Tables,1189,-120,12,0
ORD00563,03-03-2021,04-03-2021,Rahul,Patel,Rahul Patel,USA,North,Furniture,Storage,842,-164,8,0.2
ORD00564,23-07-2021,28-07-2021,John,Anderson,JohnAnderson,USA,West,OfficeSupplies,Chairs,1827,555,9,0
ORD00565,28-11-2021,06-12-2021,Olivia,Smith,Olivia Smith,India,North,Technology,Chairs,788,155,3,0.1
ORD00566,30-09-2021,07-10-2021,Rahul,Taylor,Rahul Taylor,UK,North,Office Supplies,Chairs,240,68,13,0.2
ORD00567,25-07-2021,31-07-2021,Sneha,Brown,Sneha Brown,Australia,North,Technology,Chairs,50,4,2,0.1
ORD00568,16-11-2021,21-11-2021,Sneha,Sharma,Sneha Sharma,USA,North,Technology,Chairs,481,59,10,0.1
ORD00569,21-06-2022,28-06-2022,Rahul,Anderson,Rahul Anderson,UK,West,Furniture,Binders,1841,-540,4,0.2
ORD00570,03-10-2022,07-10-2022,John,Taylor,John Taylor,Australia,East,Technology,Storage,810,133,13,0.1
ORD00571,22-11-2021,24-11-2021,Amit,Patel,Amit Patel,Canada,South,Furniture,Tables,1169,131,6,0
ORD00572,14-10-2021,16-10-2021,Olivia,Patel,Olivia Patel,USA,East,Furniture,Storage,291,-86,14,0
ORD00573,18-10-2022,24-10-2022,Amit,Johnson,Amit Johnson,UK,East,Office Supplies,Accessories,751,-111,6,0
ORD00574,19-11-2022,28-11-2022,Noah,Brown,Noah Brown,UK,East,Furniture,Phones,667,31,7,0
ORD00575,14-01-2022,23-01-2022,Olivia,Anderson,Olivia Anderson,Australia,West,Office Supplies,Phones,1513,-431,5,0.2
ORD00576,19-03-2021,25-03-2021,Priya,Smith,Priya Smith,UK,West,Office Supplies,Chairs,1578,-301,12,0.1
ORD00577,23-06-2021,03-07-2021,Ava,Taylor,Ava Taylor,Canada,North,Furniture,Chairs,666,80,5,0.1
ORD00578,20-04-2021,23-04-2021,Liam,Patel,Liam Patel,USA,East,Office Supplies,Binders,1973,-149,5,0.1
ORD00579,14-05-2022,24-05-2022,Emma,Patel,Emma Patel,Australia,East,Office Supplies,Storage,1418,179,7,0.2
ORD00580,26-09-2021,29-09-2021,Rahul,Patel,Rahul Patel,Australia,West,Office Supplies,Phones,1988,538,6,0.2
ORD00581,15-04-2022,20-04-2022,Ava,Verma,AvaVerma,Australia,South,Furniture,Phones,1692,248,10,0.1
ORD00582,04-09-2021,14-09-2021,Olivia,Patel,Olivia Patel,India,West,Furniture,Tables,996,103,5,0
ORD00583,11-01-2022,18-01-2022,Ava,Sharma,Ava Sharma,Canada,North,Office Supplies,Phones,1991,-557,12,0
ORD00584,24-03-2022,26-03-2022,Rahul,Brown,Rahul Brown,India,East,Technology,Phones,1752,-510,15,0.2
ORD00585,09-10-2021,16-10-2021,Olivia,Patel,OliviaPatel,India,West,Technology,Accessories,440,0,14,0.1
ORD00586,16-09-2022,25-09-2022,Olivia,Sharma,Olivia Sharma,USA,South,Furniture,Phones,1231,-236,7,0.1
ORD00587,12-04-2022,15-04-2022,Ava,Patel,AvaPatel,USA,South,OfficeSupplies,Chairs,668,-138,12,0.1
ORD00588,23-05-2021,26-05-2021,Olivia,Patel,Olivia Patel,UK,West,Furniture,Storage,987,-212,8,0.2
ORD00589,25-12-2021,04-01-2022,Rahul,Taylor,RahulTaylor,UK,West,Technology,Accessories,1945,389,13,0.1
ORD00590,02-10-2021,09-10-2021,Amit,Patel,Amit Patel,USA,East,Technology,Binders,132,-35,8,0.2
ORD00591,16-03-2022,18-03-2022,Liam,Sharma,Liam Sharma,UK,East,Office Supplies,Binders,1310,-264,4,0.1
ORD00592,29-04-2022,04-05-2022,Emma,Smith,Emma Smith,India,East,Technology,Accessories,1325,99,6,0.1
ORD00593,27-10-2021,03-11-2021,Ava,Smith,Ava Smith,India,South,Technology,Accessories,1008,-283,10,0.1
ORD00594,22-06-2021,24-06-2021,Priya,Verma,Priya Verma,UK,North,Office Supplies,Phones,934,187,9,0
ORD00595,06-04-2022,11-04-2022,Priya,Patel,Priya Patel,UK,East,Technology,Storage,1755,405,1,0
ORD00596,30-11-2022,06-12-2022,Olivia,Johnson,Olivia Johnson,USA,East,Furniture,Binders,773,186,13,0
ORD00597,11-04-2021,21-04-2021,Priya,Johnson,Priya Johnson,UK,East,Technology,Storage,1785,-56,1,0.2
ORD00598,21-03-2022,22-03-2022,Olivia,Smith,Olivia Smith,Australia,East,Office Supplies,Tables,383,-10,10,0.2
ORD00599,26-10-2021,28-10-2021,Noah,Anderson,Noah Anderson,USA,East,Furniture,Tables,1897,-231,2,0
ORD00600,10-11-2021,17-11-2021,Liam,Patel,Liam Patel,India,North,Office Supplies,Binders,1308,71,5,0.1
ORD00601,21-09-2021,26-09-2021,Liam,Verma,Liam Verma,USA,North,Furniture,Binders,1270,-30,7,0.2
ORD00602,29-05-2021,30-05-2021,Priya,Brown,Priya Brown,UK,North,Furniture,Phones,397,-117,7,0.2
ORD00603,29-10-2022,01-11-2022,John,Sharma,John Sharma,Australia,South,Furniture,Binders,1670,-413,11,0.1
ORD00604,24-05-2022,26-05-2022,Priya,Brown,PriyaBrown,Australia,North,Furniture,Chairs,539,18,8,0.1
ORD00605,19-11-2021,23-11-2021,Ava,Sharma,Ava Sharma,Canada,West,Furniture,Chairs,289,-5,11,0
ORD00606,21-06-2022,28-06-2022,Sneha,Taylor,Sneha Taylor,USA,West,Technology,Phones,561,-150,3,0
ORD00607,09-01-2021,17-01-2021,Sneha,Taylor,Sneha Taylor,Canada,South,Office Supplies,Binders,173,-36,2,0
ORD00608,30-03-2021,06-04-2021,Emma,Anderson,EmmaAnderson,Canada,North,OfficeSupplies,Storage,1590,515,3,0
ORD00609,06-07-2022,15-07-2022,Priya,Anderson,Priya Anderson,Canada,North,Office Supplies,Binders,1199,-144,15,0.1
ORD00610,28-09-2021,07-10-2021,Noah,Sharma,Noah Sharma,USA,North,Furniture,Accessories,433,100,3,0.1
ORD00611,07-07-2022,14-07-2022,Sneha,Sharma,Sneha Sharma,Australia,North,Furniture,Chairs,716,-214,15,0
ORD00612,19-12-2021,25-12-2021,Ava,Smith,Ava Smith,India,South,Office Supplies,Tables,470,-98,15,0.1
ORD00613,02-11-2022,09-11-2022,Priya,Sharma,Priya Sharma,Canada,West,Office Supplies,Tables,510,-121,11,0.2
ORD00614,20-09-2022,25-09-2022,Rahul,Patel,Rahul Patel,Australia,East,Technology,Storage,1588,-254,5,0
ORD00615,22-08-2021,01-09-2021,Amit,Anderson,Amit Anderson,Australia,North,Technology,Binders,199,9,13,0.1
ORD00616,04-01-2022,13-01-2022,Noah,Sharma,Noah Sharma,USA,West,Technology,Chairs,1483,-68,2,0.1
ORD00617,19-06-2021,24-06-2021,Ava,Brown,AvaBrown,USA,West,Furniture,Chairs,698,12,11,0.1
ORD00618,05-01-2022,07-01-2022,Amit,Smith,Amit Smith,USA,North,Furniture,Chairs,516,110,7,0.1
ORD00619,09-12-2021,13-12-2021,Olivia,Verma,Olivia Verma,UK,North,Office Supplies,Storage,1796,431,2,0
ORD00620,06-01-2021,13-01-2021,John,Anderson,John Anderson,UK,South,Technology,Binders,663,-69,14,0.1
ORD00621,08-04-2022,15-04-2022,John,Johnson,John Johnson,India,West,Office Supplies,Phones,1284,-240,11,0.1
ORD00622,04-09-2022,05-09-2022,Ava,Taylor,Ava Taylor,USA,West,Office Supplies,Phones,817,249,6,0.1
ORD00623,24-07-2021,25-07-2021,Rahul,Patel,Rahul Patel,USA,East,Technology,Storage,328,22,8,0
ORD00624,06-06-2021,09-06-2021,Olivia,Anderson,Olivia Anderson,UK,East,Office Supplies,Storage,1025,-244,2,0.1
ORD00625,22-02-2022,23-02-2022,Ava,Sharma,Ava Sharma,Australia,East,Technology,Binders,1248,87,10,0.2
ORD00626,26-03-2021,27-03-2021,Noah,Johnson,Noah Johnson,Canada,East,Office Supplies,Phones,1477,-392,6,0
ORD00627,16-12-2021,18-12-2021,Priya,Johnson,Priya Johnson,India,East,Technology,Chairs,595,124,2,0.2
ORD00628,12-11-2022,17-11-2022,Ava,Brown,Ava Brown,UK,South,Furniture,Binders,1219,52,15,0
ORD00629,04-02-2021,09-02-2021,Emma,Anderson,EmmaAnderson,UK,North,OfficeSupplies,Binders,231,-27,1,0.1
ORD00630,10-02-2022,18-02-2022,Rahul,Sharma,Rahul Sharma,USA,West,Furniture,Accessories,270,-71,13,0
ORD00631,15-01-2022,20-01-2022,Olivia,Taylor,Olivia Taylor,Australia,North,Technology,Chairs,654,-75,13,0
ORD00632,22-11-2022,26-11-2022,Priya,Sharma,Priya Sharma,India,North,Office Supplies,Chairs,1912,653,2,0.2
ORD00633,03-05-2021,08-05-2021,John,Patel,John Patel,Australia,North,Office Supplies,Tables,1970,286,14,0.1
ORD00634,01-04-2022,03-04-2022,Priya,Patel,Priya Patel,UK,South,Office Supplies,Tables,643,-35,12,0.2
ORD00635,21-04-2021,23-04-2021,Sneha,Anderson,Sneha Anderson,India,East,Technology,Binders,1995,90,14,0.2
ORD00636,27-07-2022,02-08-2022,Olivia,Verma,OliviaVerma,India,South,Furniture,Binders,115,14,12,0.1
ORD00637,22-08-2022,23-08-2022,Rahul,Smith,Rahul Smith,UK,East,Technology,Chairs,1841,-447,1,0.1
ORD00638,24-10-2021,28-10-2021,Priya,Johnson,Priya Johnson,Australia,North,Furniture,Accessories,1132,193,14,0
ORD00639,25-03-2021,29-03-2021,Rahul,Taylor,Rahul Taylor,India,North,Office Supplies,Accessories,1484,156,2,0.2
ORD00640,25-10-2022,27-10-2022,Priya,Smith,Priya Smith,India,North,Office Supplies,Storage,994,67,1,0.1
ORD00641,11-11-2021,19-11-2021,Olivia,Anderson,Olivia Anderson,USA,West,Office Supplies,Phones,1236,372,2,0
ORD00642,22-03-2021,23-03-2021,Emma,Patel,Emma Patel,Canada,West,Furniture,Chairs,238,72,5,0.1
ORD00643,01-12-2021,06-12-2021,Liam,Anderson,LiamAnderson,Canada,East,OfficeSupplies,Chairs,1485,-445,4,0
ORD00644,27-11-2022,03-12-2022,Emma,Taylor,EmmaTaylor,Canada,West,Technology,Accessories,612,43,9,0
ORD00645,20-12-2022,21-12-2022,John,Taylor,John Taylor,Canada,North,Technology,Storage,1471,114,13,0.2
ORD00646,08-02-2022,09-02-2022,Noah,Patel,Noah Patel,Australia,East,Technology,Storage,751,238,9,0.1
ORD00647,01-10-2021,04-10-2021,Sneha,Verma,Sneha Verma,India,East,Office Supplies,Storage,1727,81,7,0.1
ORD00648,31-01-2022,09-02-2022,Emma,Anderson,Emma Anderson,India,South,Technology,Binders,268,-4,5,0.1
ORD00649,17-03-2022,20-03-2022,Noah,Taylor,Noah Taylor,UK,East,Furniture,Chairs,746,231,13,0.1
ORD00650,05-09-2021,08-09-2021,Sneha,Brown,Sneha Brown,Australia,West,Technology,Tables,1944,53,10,0
ORD00651,29-07-2021,03-08-2021,John,Smith,John Smith,USA,South,Technology,Tables,1687,470,7,0.2
ORD00652,07-07-2021,16-07-2021,Rahul,Patel,Rahul Patel,India,East,Technology,Tables,1625,-380,11,0.2
ORD00653,24-03-2022,26-03-2022,Rahul,Taylor,Rahul Taylor,USA,South,Office Supplies,Binders,341,-93,9,0.1
ORD00654,01-07-2021,02-07-2021,Noah,Taylor,NoahTaylor,USA,East,OfficeSupplies,Storage,21,-4,9,0
ORD00655,07-09-2021,14-09-2021,Priya,Sharma,Priya Sharma,Australia,East,Technology,Phones,1638,-282,12,0.1
ORD00656,05-10-2021,08-10-2021,Liam,Patel,Liam Patel,USA,East,Office Supplies,Phones,131,18,12,0.2
ORD00657,28-11-2022,05-12-2022,Rahul,Verma,Rahul Verma,India,West,Office Supplies,Accessories,1218,211,5,0.2
ORD00658,18-07-2022,19-07-2022,Amit,Patel,AmitPatel,India,West,OfficeSupplies,Accessories,656,76,1,0
ORD00659,05-07-2022,13-07-2022,Rahul,Patel,RahulPatel,India,West,Technology,Storage,786,137,15,0.1
ORD00660,12-01-2022,19-01-2022,Liam,Taylor,LiamTaylor,India,West,Furniture,Phones,620,12,3,0
ORD00661,08-01-2021,09-01-2021,Emma,Patel,Emma Patel,Australia,West,Technology,Tables,1010,307,2,0.2
ORD00662,22-12-2021,01-01-2022,Priya,Brown,Priya Brown,India,West,Technology,Chairs,1718,33,3,0
ORD00663,22-10-2021,27-10-2021,Priya,Patel,PriyaPatel,India,West,Furniture,Tables,1568,312,2,0.1
ORD00664,13-06-2022,18-06-2022,Sneha,Patel,SnehaPatel,India,West,OfficeSupplies,Accessories,1735,-491,7,0.1
ORD00665,29-07-2022,05-08-2022,Priya,Verma,Priya Verma,India,South,Furniture,Chairs,398,-70,6,0
ORD00666,18-09-2022,19-09-2022,Rahul,Brown,RahulBrown,India,South,OfficeSupplies,Chairs,1440,-209,15,0
ORD00667,10-07-2022,14-07-2022,Noah,Taylor,Noah Taylor,UK,West,Office Supplies,Storage,345,-87,8,0.2
ORD00668,04-06-2022,07-06-2022,Amit,Sharma,Amit Sharma,UK,North,Office Supplies,Storage,468,-8,7,0
ORD00669,02-11-2022,08-11-2022,John,Patel,John Patel,Canada,North,Furniture,Binders,1274,162,9,0
ORD00670,26-02-2022,06-03-2022,Amit,Patel,Amit Patel,Canada,North,Office Supplies,Phones,693,-59,14,0.1
ORD00671,26-10-2021,27-10-2021,Emma,Smith,EmmaSmith,Canada,North,Furniture,Storage,1166,0,15,0.1
ORD00672,25-02-2021,27-02-2021,Rahul,Taylor,Rahul Taylor,Canada,South,Technology,Phones,1316,364,7,0.1
ORD00673,27-01-2021,02-02-2021,Rahul,Patel,Rahul Patel,UK,West,Office Supplies,Storage,1481,-398,9,0
ORD00674,19-01-2022,27-01-2022,Noah,Brown,Noah Brown,USA,North,Technology,Phones,605,-143,5,0.1
ORD00675,30-03-2022,31-03-2022,Amit,Sharma,AmitSharma,USA,South,OfficeSupplies,Phones,185,46,9,0
ORD00676,03-12-2022,13-12-2022,Ava,Anderson,Ava Anderson,India,South,Furniture,Phones,1593,-337,15,0.1
ORD00677,29-07-2022,30-07-2022,Ava,Brown,Ava Brown,Australia,West,Furniture,Binders,1411,260,9,0.1
ORD00678,12-04-2022,18-04-2022,Olivia,Johnson,Olivia Johnson,USA,West,Office Supplies,Binders,879,230,2,0.1
ORD00679,02-10-2022,08-10-2022,Rahul,Brown,Rahul Brown,Australia,East,Office Supplies,Accessories,1326,-8,8,0
ORD00680,15-02-2022,21-02-2022,Sneha,Smith,Sneha Smith,Australia,West,Furniture,Chairs,1942,-457,14,0.2
ORD00681,29-10-2021,01-11-2021,Emma,Brown,Emma Brown,USA,West,Technology,Tables,1919,302,2,0
ORD00682,10-01-2022,19-01-2022,Priya,Patel,Priya Patel,Australia,South,Furniture,Binders,901,-31,5,0
ORD00683,17-08-2022,19-08-2022,Rahul,Patel,RahulPatel,Australia,North,Furniture,Binders,1873,-527,6,0
ORD00684,08-01-2022,12-01-2022,Liam,Patel,Liam Patel,Canada,North,Office Supplies,Tables,1270,36,4,0.1
ORD00685,20-11-2022,29-11-2022,John,Sharma,John Sharma,USA,West,Office Supplies,Tables,1175,-257,4,0
ORD00686,24-06-2022,01-07-2022,Olivia,Brown,OliviaBrown,USA,North,OfficeSupplies,Storage,571,179,4,0.1
ORD00687,15-05-2021,18-05-2021,Emma,Patel,EmmaPatel,USA,North,Technology,Binders,1934,-26,2,0.1
ORD00688,07-06-2022,12-06-2022,Emma,Sharma,EmmaSharma,USA,North,Technology,Tables,592,2,10,0.2
ORD00689,28-04-2021,07-05-2021,Olivia,Johnson,Olivia Johnson,India,North,Furniture,Binders,1421,-119,12,0.2
ORD00690,04-09-2022,13-09-2022,Priya,Anderson,Priya Anderson,UK,North,Technology,Binders,648,-106,7,0
ORD00691,21-01-2021,24-01-2021,Amit,Patel,Amit Patel,UK,South,Technology,Storage,339,-1,2,0.2
ORD00692,13-04-2021,17-04-2021,Liam,Sharma,Liam Sharma,Australia,South,Technology,Binders,1807,-335,7,0.1
ORD00693,27-11-2021,02-12-2021,Olivia,Patel,Olivia Patel,UK,South,Office Supplies,Chairs,357,58,6,0.1
ORD00694,19-06-2021,22-06-2021,Liam,Smith,LiamSmith,UK,West,Furniture,Storage,200,62,10,0
ORD00695,15-01-2021,18-01-2021,Rahul,Smith,Rahul Smith,USA,West,Furniture,Storage,1340,51,13,0.1
ORD00696,28-02-2022,03-03-2022,Rahul,Smith,Rahul Smith,UK,South,Office Supplies,Chairs,1522,105,7,0
ORD00697,02-06-2021,08-06-2021,Olivia,Verma,Olivia Verma,USA,South,Furniture,Storage,1590,408,7,0
ORD00698,24-11-2021,04-12-2021,John,Smith,John Smith,Canada,North,Office Supplies,Storage,506,-140,5,0
ORD00699,28-10-2021,31-10-2021,Priya,Verma,Priya Verma,Australia,North,Furniture,Binders,1059,-37,7,0
ORD00700,02-01-2021,09-01-2021,Amit,Brown,Amit Brown,India,North,Technology,Phones,1653,-184,9,0
ORD00701,14-06-2021,15-06-2021,Sneha,Johnson,SnehaJohnson,India,West,Technology,Storage,389,7,9,0.1
ORD00702,01-10-2022,05-10-2022,Liam,Johnson,Liam Johnson,Canada,East,Furniture,Accessories,587,-139,8,0.2
ORD00703,29-08-2022,04-09-2022,Noah,Sharma,Noah Sharma,India,North,Furniture,Storage,1149,282,4,0
ORD00704,05-02-2022,08-02-2022,Olivia,Patel,Olivia Patel,India,North,Technology,Phones,1080,-64,10,0
ORD00705,19-02-2021,22-02-2021,Priya,Taylor,Priya Taylor,Australia,East,Technology,Phones,375,105,1,0.1
ORD00706,05-10-2022,06-10-2022,Sneha,Patel,Sneha Patel,India,East,Technology,Chairs,1190,118,14,0
ORD00707,13-01-2022,19-01-2022,Priya,Sharma,PriyaSharma,India,East,Technology,Storage,1395,-64,4,0.1
ORD00708,18-10-2021,20-10-2021,Noah,Sharma,Noah Sharma,Australia,South,Furniture,Accessories,394,13,8,0.1
ORD00709,17-05-2021,25-05-2021,Sneha,Brown,Sneha Brown,India,East,Technology,Tables,1313,118,15,0.1
ORD00710,29-03-2021,31-03-2021,Amit,Taylor,Amit Taylor,India,South,Office Supplies,Storage,1532,288,13,0.2
ORD00711,03-10-2022,08-10-2022,Liam,Patel,Liam Patel,Canada,South,Technology,Binders,1240,214,7,0
ORD00712,03-12-2022,08-12-2022,Priya,Anderson,Priya Anderson,Canada,South,Office Supplies,Binders,1863,385,5,0.2
ORD00713,19-12-2021,22-12-2021,Amit,Johnson,Amit Johnson,India,East,Furniture,Accessories,136,-9,6,0.2
ORD00714,03-11-2021,12-11-2021,Priya,Smith,Priya Smith,Australia,East,Technology,Binders,136,-39,11,0
ORD00715,23-06-2021,26-06-2021,Olivia,Taylor,OliviaTaylor,Australia,East,OfficeSupplies,Binders,483,-8,4,0.1
ORD00716,02-06-2021,09-06-2021,Sneha,Sharma,Sneha Sharma,Australia,East,Furniture,Phones,697,86,14,0
ORD00717,21-07-2021,23-07-2021,Liam,Johnson,Liam Johnson,UK,West,Furniture,Accessories,557,-104,5,0.1
ORD00718,25-02-2022,26-02-2022,John,Sharma,JohnSharma,UK,South,OfficeSupplies,Accessories,1149,-289,9,0.2
ORD00719,02-05-2022,05-05-2022,Rahul,Taylor,RahulTaylor,UK,West,Technology,Phones,280,88,12,0.1
ORD00720,24-10-2022,30-10-2022,John,Sharma,JohnSharma,UK,East,Furniture,Storage,1260,-130,1,0.1
ORD00721,09-09-2021,10-09-2021,Priya,Johnson,Priya Johnson,India,East,Furniture,Phones,984,56,12,0
ORD00722,04-02-2022,06-02-2022,Emma,Anderson,Emma Anderson,Australia,West,Technology,Phones,606,4,11,0.2
ORD00723,06-09-2021,11-09-2021,John,Patel,John Patel,Australia,West,Furniture,Binders,1960,-110,3,0
ORD00724,22-10-2021,27-10-2021,Amit,Smith,Amit Smith,Australia,North,Furniture,Phones,503,174,14,0.2
ORD00725,21-07-2022,28-07-2022,Rahul,Verma,Rahul Verma,India,North,Technology,Binders,1606,439,14,0.2
ORD00726,10-10-2021,16-10-2021,Emma,Anderson,Emma Anderson,Canada,South,Office Supplies,Tables,1924,-184,4,0.1
ORD00727,20-09-2022,30-09-2022,Liam,Patel,Liam Patel,USA,North,Furniture,Chairs,791,157,15,0
ORD00728,18-08-2022,19-08-2022,Sneha,Smith,Sneha Smith,Australia,West,Technology,Tables,1301,31,1,0
ORD00729,31-05-2021,08-06-2021,Liam,Sharma,Liam Sharma,Australia,East,Technology,Phones,1430,-249,12,0
ORD00730,09-03-2021,19-03-2021,Noah,Anderson,Noah Anderson,Canada,South,Technology,Phones,1648,213,10,0.1
ORD00731,07-11-2021,13-11-2021,Noah,Sharma,Noah Sharma,India,South,Furniture,Storage,1898,443,9,0
ORD00732,10-03-2022,20-03-2022,Priya,Patel,Priya Patel,India,East,Furniture,Accessories,1103,-32,3,0
ORD00733,03-07-2022,05-07-2022,Rahul,Sharma,Rahul Sharma,Australia,East,Office Supplies,Tables,1068,242,10,0.1
ORD00734,15-05-2021,25-05-2021,Emma,Verma,EmmaVerma,Australia,East,Technology,Accessories,1397,-101,1,0.2
ORD00735,10-10-2021,11-10-2021,Olivia,Verma,Olivia Verma,USA,East,Technology,Phones,533,-13,7,0
ORD00736,03-07-2022,05-07-2022,Liam,Verma,Liam Verma,India,East,Technology,Chairs,1787,575,10,0
ORD00737,22-03-2021,01-04-2021,Amit,Patel,Amit Patel,UK,West,Office Supplies,Accessories,501,128,3,0.2
ORD00738,13-07-2021,14-07-2021,Priya,Anderson,Priya Anderson,USA,West,Technology,Binders,742,168,6,0.1
ORD00739,08-07-2021,15-07-2021,Emma,Taylor,Emma Taylor,Canada,West,Technology,Chairs,504,71,10,0.1
ORD00740,06-09-2022,09-09-2022,Sneha,Brown,Sneha Brown,India,West,Office Supplies,Binders,126,-16,4,0.1
ORD00741,08-05-2022,10-05-2022,Rahul,Sharma,Rahul Sharma,UK,South,Furniture,Chairs,1592,-307,12,0.1
ORD00742,28-02-2022,04-03-2022,Amit,Brown,Amit Brown,Canada,South,Furniture,Storage,109,-13,4,0.1
ORD00743,14-06-2022,17-06-2022,Rahul,Smith,Rahul Smith,USA,South,Office Supplies,Binders,793,149,1,0.1
ORD00744,24-12-2021,31-12-2021,Emma,Patel,EmmaPatel,USA,South,OfficeSupplies,Phones,598,-164,5,0.1
ORD00745,12-07-2022,14-07-2022,John,Verma,John Verma,Australia,West,Office Supplies,Storage,944,-47,1,0
ORD00746,26-03-2022,04-04-2022,John,Taylor,John Taylor,Canada,West,Technology,Tables,947,150,6,0.2
ORD00747,03-03-2022,06-03-2022,Emma,Anderson,Emma Anderson,USA,West,Office Supplies,Storage,166,34,12,0.1
ORD00748,08-11-2022,12-11-2022,Emma,Taylor,Emma Taylor,Australia,West,Technology,Binders,1080,255,10,0
ORD00749,02-06-2021,09-06-2021,Amit,Patel,AmitPatel,Australia,West,OfficeSupplies,Phones,1725,-497,1,0.1
ORD00750,09-11-2022,15-11-2022,Olivia,Johnson,Olivia Johnson,UK,West,Technology,Phones,937,21,9,0.1
ORD00751,18-10-2021,24-10-2021,Emma,Brown,Emma Brown,Canada,East,Furniture,Binders,1976,680,8,0.1
ORD00752,27-03-2021,30-03-2021,John,Smith,John Smith,India,South,Technology,Binders,103,5,6,0.2
ORD00753,11-06-2021,13-06-2021,Sneha,Sharma,Sneha Sharma,Canada,West,Office Supplies,Chairs,46,0,10,0
ORD00754,19-12-2021,29-12-2021,Rahul,Smith,Rahul Smith,India,South,Office Supplies,Storage,450,109,9,0.1
ORD00755,02-11-2021,11-11-2021,John,Brown,John Brown,USA,South,Furniture,Phones,1959,213,14,0.1
ORD00756,06-07-2022,14-07-2022,Priya,Verma,Priya Verma,UK,East,Office Supplies,Binders,840,-120,3,0
ORD00757,30-07-2022,04-08-2022,John,Anderson,John Anderson,Canada,South,Office Supplies,Storage,463,51,4,0
ORD00758,28-08-2022,01-09-2022,Emma,Anderson,Emma Anderson,Canada,South,Furniture,Tables,442,-69,9,0.2
ORD00759,30-06-2021,02-07-2021,Rahul,Johnson,Rahul Johnson,India,South,Office Supplies,Phones,1804,-481,7,0
ORD00760,08-06-2021,18-06-2021,Noah,Brown,Noah Brown,Canada,East,Technology,Chairs,840,249,15,0
ORD00761,18-10-2022,27-10-2022,John,Anderson,John Anderson,UK,East,Technology,Chairs,1996,-237,9,0.1
ORD00762,19-10-2021,26-10-2021,Amit,Patel,Amit Patel,India,East,Technology,Accessories,1754,-455,9,0.2
ORD00763,07-04-2022,15-04-2022,Priya,Verma,Priya Verma,USA,East,Office Supplies,Binders,1191,32,6,0
ORD00764,14-08-2021,16-08-2021,Noah,Brown,Noah Brown,USA,East,Technology,Phones,1921,-287,15,0
ORD00765,22-06-2022,02-07-2022,Liam,Patel,Liam Patel,Canada,East,Technology,Storage,1358,-277,12,0
ORD00766,28-09-2021,04-10-2021,Amit,Sharma,Amit Sharma,India,East,Furniture,Storage,1226,76,10,0
ORD00767,04-07-2022,11-07-2022,John,Taylor,JohnTaylor,India,North,OfficeSupplies,Storage,870,230,7,0.1
ORD00768,14-07-2021,23-07-2021,Rahul,Patel,Rahul Patel,Canada,North,Technology,Accessories,278,-67,11,0.1
ORD00769,01-11-2022,02-11-2022,Ava,Johnson,Ava Johnson,USA,South,Furniture,Chairs,345,21,12,0.1
ORD00770,11-01-2021,21-01-2021,John,Patel,JohnPatel,USA,South,Technology,Accessories,896,293,2,0
ORD00771,10-02-2021,19-02-2021,Priya,Brown,Priya Brown,USA,North,Technology,Phones,1662,-149,14,0.1
ORD00772,01-07-2022,02-07-2022,Emma,Brown,Emma Brown,Australia,North,Technology,Storage,1041,-40,8,0.1
ORD00773,21-07-2022,31-07-2022,Amit,Anderson,Amit Anderson,UK,West,Office Supplies,Storage,1164,141,3,0.1
ORD00774,03-04-2022,06-04-2022,Amit,Sharma,Amit Sharma,USA,West,Office Supplies,Phones,59,8,15,0.1
ORD00775,29-06-2022,08-07-2022,John,Anderson,John Anderson,India,North,Technology,Phones,1038,76,4,0.1
ORD00776,06-08-2021,09-08-2021,Sneha,Taylor,Sneha Taylor,USA,South,Furniture,Accessories,1501,197,1,0.2
ORD00777,20-06-2022,21-06-2022,Olivia,Johnson,Olivia Johnson,USA,East,Office Supplies,Storage,1847,-340,4,0
ORD00778,30-07-2021,06-08-2021,Liam,Anderson,Liam Anderson,Canada,West,Office Supplies,Chairs,789,57,10,0
ORD00779,18-06-2022,19-06-2022,Priya,Sharma,Priya Sharma,UK,East,Technology,Chairs,1068,10,11,0
ORD00780,23-12-2022,25-12-2022,Ava,Sharma,Ava Sharma,Canada,South,Furniture,Chairs,55,-6,7,0.2
ORD00781,21-10-2021,31-10-2021,Noah,Smith,Noah Smith,Canada,North,Furniture,Storage,510,2,8,0.2
ORD00782,27-06-2022,01-07-2022,Ava,Smith,Ava Smith,USA,West,Technology,Binders,1354,-293,1,0
ORD00783,06-05-2021,12-05-2021,Amit,Taylor,Amit Taylor,Canada,West,Technology,Tables,924,204,8,0.1
ORD00784,04-01-2022,09-01-2022,Emma,Anderson,Emma Anderson,Canada,East,Office Supplies,Phones,600,46,13,0.2
ORD00785,01-01-2021,05-01-2021,John,Smith,John Smith,UK,South,Furniture,Binders,1698,229,12,0
ORD00786,04-02-2022,09-02-2022,Rahul,Verma,Rahul Verma,Canada,North,Office Supplies,Phones,366,110,2,0.1
ORD00787,26-10-2021,28-10-2021,Rahul,Johnson,Rahul Johnson,India,South,Furniture,Binders,1137,99,14,0.1
ORD00788,16-01-2022,19-01-2022,Priya,Verma,PriyaVerma,India,East,Furniture,Accessories,1042,136,14,0.1
ORD00789,07-09-2021,08-09-2021,Emma,Johnson,Emma Johnson,India,South,Furniture,Accessories,148,-41,7,0.1
ORD00790,12-09-2022,21-09-2022,John,Anderson,John Anderson,USA,South,Office Supplies,Accessories,1529,135,8,0.1
ORD00791,05-03-2022,08-03-2022,Amit,Taylor,Amit Taylor,Canada,South,Office Supplies,Phones,1725,-293,13,0
ORD00792,18-03-2022,25-03-2022,Rahul,Brown,Rahul Brown,Canada,North,Technology,Phones,1102,54,6,0
ORD00793,12-12-2021,18-12-2021,Priya,Taylor,Priya Taylor,India,East,Office Supplies,Phones,587,-157,7,0
ORD00794,08-10-2021,13-10-2021,Liam,Sharma,Liam Sharma,Australia,West,Technology,Tables,1104,215,13,0
ORD00795,02-09-2022,04-09-2022,Amit,Smith,AmitSmith,Australia,East,OfficeSupplies,Chairs,451,111,7,0
ORD00796,18-11-2022,23-11-2022,Emma,Sharma,EmmaSharma,Australia,North,Technology,Storage,66,-5,12,0.2
ORD00797,01-08-2021,05-08-2021,Sneha,Verma,Sneha Verma,UK,East,Technology,Phones,847,258,15,0
ORD00798,18-05-2021,20-05-2021,John,Smith,John Smith,Canada,East,Technology,Storage,883,-3,13,0.2
ORD00799,07-06-2022,13-06-2022,John,Patel,John Patel,UK,West,Technology,Chairs,527,-17,14,0
ORD00800,29-11-2022,09-12-2022,Liam,Sharma,Liam Sharma,UK,West,Office Supplies,Accessories,553,130,5,0.1
ORD00801,17-11-2021,25-11-2021,Amit,Johnson,Amit Johnson,Canada,South,Technology,Binders,302,80,10,0
ORD00802,25-03-2021,03-04-2021,Ava,Smith,Ava Smith,UK,North,Furniture,Chairs,455,-62,11,0
ORD00803,02-06-2022,09-06-2022,Ava,Verma,Ava Verma,India,North,Office Supplies,Phones,988,-67,3,0.1
ORD00804,20-01-2021,22-01-2021,Noah,Smith,NoahSmith,India,East,Technology,Tables,1090,-147,11,0
ORD00805,17-03-2021,22-03-2021,Amit,Taylor,Amit Taylor,UK,South,Technology,Binders,811,-75,15,0
ORD00806,13-06-2021,20-06-2021,Priya,Taylor,PriyaTaylor,UK,North,Technology,Binders,664,-85,15,0
ORD00807,02-03-2022,04-03-2022,Sneha,Sharma,Sneha Sharma,Australia,East,Furniture,Accessories,149,20,8,0
ORD00808,03-08-2021,08-08-2021,Emma,Patel,Emma Patel,India,West,Office Supplies,Storage,1532,143,13,0.1
ORD00809,06-05-2021,14-05-2021,Olivia,Anderson,OliviaAnderson,India,West,Furniture,Binders,1048,-248,4,0.1
ORD00810,13-07-2022,19-07-2022,John,Brown,John Brown,USA,South,Office Supplies,Accessories,1698,338,10,0.1
ORD00811,23-09-2021,26-09-2021,Amit,Anderson,Amit Anderson,India,South,Furniture,Storage,1718,64,8,0.2
ORD00812,06-01-2021,11-01-2021,Rahul,Verma,Rahul Verma,Canada,North,Technology,Chairs,1443,252,8,0.1
ORD00813,08-12-2022,18-12-2022,Olivia,Verma,Olivia Verma,UK,North,Technology,Binders,1260,40,4,0
ORD00814,05-09-2022,06-09-2022,Priya,Patel,Priya Patel,USA,North,Office Supplies,Tables,657,-195,5,0.2
ORD00815,03-01-2021,11-01-2021,Emma,Smith,Emma Smith,UK,West,Office Supplies,Tables,1998,-469,10,0
ORD00816,10-01-2022,20-01-2022,Sneha,Smith,Sneha Smith,USA,North,Office Supplies,Chairs,1718,-269,13,0.1
ORD00817,06-10-2022,11-10-2022,Liam,Smith,Liam Smith,India,South,Furniture,Chairs,1946,-441,10,0.2
ORD00818,29-12-2021,31-12-2021,Ava,Taylor,AvaTaylor,India,South,Technology,Storage,1775,584,11,0
ORD00819,08-06-2022,13-06-2022,John,Patel,John Patel,India,East,Furniture,Storage,1918,-503,7,0
ORD00820,18-12-2021,22-12-2021,John,Verma,John Verma,USA,East,Furniture,Storage,229,-2,2,0
ORD00821,24-09-2021,29-09-2021,Ava,Anderson,AvaAnderson,USA,East,Furniture,Tables,791,197,7,0.1
ORD00822,19-09-2021,21-09-2021,Rahul,Brown,Rahul Brown,Australia,West,Technology,Storage,1577,-275,4,0.1
ORD00823,01-09-2022,10-09-2022,Olivia,Smith,Olivia Smith,India,East,Office Supplies,Phones,1734,480,10,0.1
ORD00824,10-11-2021,19-11-2021,Olivia,Johnson,Olivia Johnson,India,West,Furniture,Chairs,473,158,7,0.1
ORD00825,27-11-2021,01-12-2021,Olivia,Taylor,OliviaTaylor,India,North,Furniture,Accessories,1778,518,1,0
ORD00826,19-02-2021,24-02-2021,Sneha,Johnson,Sneha Johnson,Canada,North,Technology,Accessories,648,-185,13,0
ORD00827,28-10-2021,01-11-2021,Amit,Sharma,Amit Sharma,UK,South,Office Supplies,Chairs,1029,-118,6,0.1
ORD00828,09-05-2022,19-05-2022,Olivia,Sharma,Olivia Sharma,UK,West,Office Supplies,Binders,943,-42,9,0.2
ORD00829,02-03-2022,06-03-2022,Sneha,Anderson,Sneha Anderson,India,West,Furniture,Tables,81,21,12,0.1
ORD00830,26-07-2021,03-08-2021,Priya,Taylor,Priya Taylor,Canada,South,Office Supplies,Phones,725,38,15,0
ORD00831,17-07-2021,26-07-2021,Noah,Johnson,Noah Johnson,India,East,Furniture,Phones,1417,275,15,0.1
ORD00832,12-01-2021,14-01-2021,John,Anderson,John Anderson,Canada,West,Furniture,Phones,1888,-165,5,0.1
ORD00833,22-10-2022,29-10-2022,Rahul,Brown,Rahul Brown,UK,West,Furniture,Tables,1371,283,6,0.1
ORD00834,21-12-2021,24-12-2021,Emma,Verma,Emma Verma,UK,West,Office Supplies,Tables,494,-18,5,0
ORD00835,05-06-2022,08-06-2022,Amit,Taylor,Amit Taylor,India,South,Furniture,Chairs,1124,-102,11,0.2
ORD00836,26-07-2022,31-07-2022,Rahul,Verma,Rahul Verma,UK,South,Technology,Storage,553,135,10,0
ORD00837,08-12-2021,12-12-2021,Emma,Smith,EmmaSmith,UK,East,OfficeSupplies,Tables,1180,314,9,0
ORD00838,24-12-2021,31-12-2021,Noah,Verma,Noah Verma,Australia,East,Technology,Storage,901,-126,1,0.2
ORD00839,26-06-2022,04-07-2022,Olivia,Brown,OliviaBrown,Australia,North,OfficeSupplies,Storage,1465,327,10,0.1
ORD00840,01-09-2021,11-09-2021,Amit,Anderson,Amit Anderson,Australia,East,Technology,Storage,397,90,13,0.1
ORD00841,23-02-2022,04-03-2022,Emma,Johnson,Emma Johnson,India,North,Office Supplies,Phones,670,153,13,0
ORD00842,28-02-2021,09-03-2021,Liam,Patel,Liam Patel,Canada,South,Furniture,Binders,540,-8,5,0.1
ORD00843,15-07-2022,19-07-2022,John,Verma,John Verma,Canada,North,Office Supplies,Chairs,1752,-435,2,0
ORD00844,31-08-2021,03-09-2021,Priya,Verma,PriyaVerma,Canada,North,OfficeSupplies,Tables,930,94,10,0
ORD00845,31-07-2021,07-08-2021,John,Verma,John Verma,India,West,Technology,Storage,493,-36,11,0.2
ORD00846,31-12-2022,03-01-2023,Noah,Anderson,Noah Anderson,Australia,West,Furniture,Storage,107,17,15,0.1
ORD00847,04-12-2022,14-12-2022,Amit,Anderson,Amit Anderson,Canada,East,Furniture,Accessories,1516,-409,5,0.1
ORD00848,31-03-2022,03-04-2022,Olivia,Patel,Olivia Patel,USA,West,Technology,Chairs,698,198,8,0.1
ORD00849,10-01-2022,18-01-2022,Amit,Patel,AmitPatel,USA,South,Furniture,Tables,910,-178,15,0.1
ORD00850,18-04-2021,27-04-2021,Sneha,Sharma,Sneha Sharma,UK,North,Technology,Chairs,1249,400,13,0.1
ORD00851,25-04-2021,29-04-2021,Amit,Patel,Amit Patel,Australia,East,Technology,Chairs,248,9,9,0
ORD00852,03-05-2021,12-05-2021,John,Brown,John Brown,India,East,Technology,Tables,214,-19,7,0.1
ORD00853,15-09-2021,18-09-2021,Liam,Brown,Liam Brown,India,South,Furniture,Accessories,1803,-5,5,0.1
ORD00854,04-06-2022,12-06-2022,Priya,Verma,Priya Verma,Canada,West,Technology,Chairs,211,-36,9,0
ORD00855,05-01-2022,06-01-2022,John,Verma,John Verma,India,South,Office Supplies,Chairs,1426,245,1,0.1
ORD00856,17-06-2021,27-06-2021,Amit,Brown,Amit Brown,Australia,North,Furniture,Binders,779,190,14,0
ORD00857,18-09-2022,25-09-2022,Rahul,Taylor,Rahul Taylor,Canada,North,Office Supplies,Storage,1037,236,12,0
ORD00858,25-02-2022,03-03-2022,Sneha,Patel,Sneha Patel,UK,East,Office Supplies,Storage,462,-138,6,0.1
ORD00859,26-04-2021,05-05-2021,Liam,Johnson,Liam Johnson,Canada,North,Technology,Binders,1796,-464,10,0.1
ORD00860,14-12-2021,20-12-2021,Sneha,Anderson,Sneha Anderson,USA,East,Office Supplies,Chairs,1048,-97,9,0.1
ORD00861,13-06-2022,19-06-2022,Priya,Taylor,Priya Taylor,Canada,South,Furniture,Binders,1131,223,15,0.1
ORD00862,18-06-2022,28-06-2022,Rahul,Brown,Rahul Brown,USA,South,Technology,Binders,1846,433,6,0.2
ORD00863,21-09-2021,29-09-2021,Rahul,Brown,Rahul Brown,Australia,West,Technology,Phones,1549,-423,10,0
ORD00864,22-01-2022,29-01-2022,Liam,Sharma,Liam Sharma,India,East,Technology,Phones,550,-153,10,0.2
ORD00865,15-04-2021,22-04-2021,Noah,Anderson,Noah Anderson,India,South,Technology,Storage,1333,455,7,0.1
ORD00866,24-10-2022,29-10-2022,Olivia,Brown,OliviaBrown,India,West,OfficeSupplies,Accessories,338,-87,14,0.2
ORD00867,31-10-2022,01-11-2022,John,Smith,John Smith,Canada,North,Technology,Tables,103,34,2,0.2
ORD00868,15-05-2022,22-05-2022,Liam,Smith,Liam Smith,USA,North,Technology,Tables,771,242,6,0.2
ORD00869,06-08-2021,12-08-2021,Rahul,Brown,RahulBrown,USA,South,OfficeSupplies,Chairs,366,-74,2,0.1
ORD00870,11-08-2021,17-08-2021,Noah,Verma,Noah Verma,UK,East,Technology,Binders,574,-161,9,0.1
ORD00871,06-03-2022,10-03-2022,Ava,Johnson,Ava Johnson,Australia,South,Furniture,Binders,926,254,10,0
ORD00872,28-04-2021,05-05-2021,Sneha,Johnson,SnehaJohnson,Australia,South,Furniture,Tables,916,172,2,0.2
ORD00873,25-01-2021,03-02-2021,Olivia,Johnson,Olivia Johnson,Australia,North,Technology,Tables,1377,177,3,0
ORD00874,06-08-2022,15-08-2022,Sneha,Johnson,Sneha Johnson,Canada,North,Technology,Tables,1865,-93,12,0
ORD00875,21-09-2022,30-09-2022,John,Verma,John Verma,Canada,West,Office Supplies,Chairs,804,151,12,0.1
ORD00876,21-05-2022,31-05-2022,Sneha,Smith,Sneha Smith,UK,South,Furniture,Chairs,395,-118,14,0.1
ORD00877,18-01-2022,22-01-2022,Olivia,Verma,Olivia Verma,Australia,West,Furniture,Chairs,1408,231,6,0
ORD00878,01-04-2022,11-04-2022,Liam,Verma,Liam Verma,India,North,Furniture,Binders,1714,-61,4,0
ORD00879,06-03-2022,08-03-2022,Sneha,Verma,Sneha Verma,UK,East,Furniture,Phones,915,310,3,0.2
ORD00880,24-08-2021,30-08-2021,Sneha,Taylor,Sneha Taylor,Canada,West,Furniture,Accessories,1139,-286,9,0.2
ORD00881,18-01-2021,21-01-2021,Olivia,Verma,Olivia Verma,Australia,South,Furniture,Phones,846,176,5,0
ORD00882,24-11-2021,01-12-2021,Emma,Verma,Emma Verma,Canada,South,Office Supplies,Tables,153,-10,15,0
ORD00883,29-05-2021,30-05-2021,John,Anderson,John Anderson,Australia,West,Office Supplies,Phones,1649,111,7,0.1
ORD00884,03-02-2022,05-02-2022,Liam,Patel,Liam Patel,Canada,East,Technology,Storage,1374,-344,10,0
ORD00885,17-01-2021,23-01-2021,Amit,Sharma,Amit Sharma,India,East,Office Supplies,Phones,224,-46,8,0
ORD00886,12-10-2021,18-10-2021,John,Johnson,John Johnson,USA,East,Furniture,Chairs,912,242,1,0.1
ORD00887,09-11-2022,15-11-2022,Ava,Johnson,Ava Johnson,India,East,Technology,Phones,493,-2,13,0
ORD00888,21-04-2021,29-04-2021,Amit,Taylor,Amit Taylor,USA,West,Office Supplies,Storage,814,-4,7,0.1
ORD00889,10-05-2021,18-05-2021,Amit,Taylor,Amit Taylor,Canada,East,Office Supplies,Binders,856,-250,12,0.2
ORD00890,30-05-2022,04-06-2022,Rahul,Anderson,Rahul Anderson,UK,West,Furniture,Binders,1250,334,13,0.1
ORD00891,13-02-2021,21-02-2021,Amit,Verma,AmitVerma,UK,West,Technology,Tables,1154,-158,12,0
ORD00892,12-06-2022,15-06-2022,Olivia,Brown,OliviaBrown,UK,East,OfficeSupplies,Phones,1945,13,13,0.1
ORD00893,01-10-2021,10-10-2021,Rahul,Sharma,Rahul Sharma,India,West,Furniture,Accessories,323,33,11,0.1
ORD00894,05-04-2021,08-04-2021,John,Patel,John Patel,Canada,South,Technology,Accessories,1406,-77,14,0
ORD00895,20-08-2022,22-08-2022,Amit,Patel,AmitPatel,Canada,South,OfficeSupplies,Accessories,86,-6,15,0.1
ORD00896,17-02-2021,19-02-2021,Noah,Verma,Noah Verma,India,West,Furniture,Accessories,1978,-112,14,0.1
ORD00897,29-07-2022,08-08-2022,Ava,Verma,Ava Verma,India,West,Office Supplies,Accessories,227,17,8,0
ORD00898,17-04-2022,21-04-2022,Rahul,Smith,Rahul Smith,India,East,Furniture,Chairs,694,-194,12,0
ORD00899,20-05-2021,30-05-2021,Emma,Sharma,EmmaSharma,India,South,OfficeSupplies,Storage,1923,-14,4,0
ORD00900,16-05-2021,18-05-2021,Ava,Brown,AvaBrown,India,East,Furniture,Tables,1620,-145,1,0.1
ORD00901,26-06-2021,06-07-2021,Rahul,Taylor,Rahul Taylor,Australia,East,Office Supplies,Accessories,599,-129,9,0
ORD00902,24-06-2021,30-06-2021,John,Smith,John Smith,UK,North,Technology,Accessories,652,33,5,0.1
ORD00903,03-12-2021,11-12-2021,Amit,Sharma,Amit Sharma,UK,North,Office Supplies,Binders,1527,379,11,0
ORD00904,26-03-2021,27-03-2021,John,Sharma,JohnSharma,UK,South,Technology,Tables,484,96,9,0.2
ORD00905,11-12-2022,16-12-2022,Amit,Johnson,Amit Johnson,UK,South,Technology,Binders,988,164,1,0
ORD00906,29-04-2022,30-04-2022,Rahul,Patel,Rahul Patel,Canada,South,Office Supplies,Tables,1935,143,12,0
ORD00907,07-04-2021,11-04-2021,John,Smith,John Smith,USA,North,Technology,Phones,210,-7,8,0.1
ORD00908,26-06-2021,02-07-2021,Priya,Brown,Priya Brown,Australia,East,Technology,Phones,878,27,11,0.1
ORD00909,27-02-2022,28-02-2022,Liam,Johnson,Liam Johnson,India,South,Furniture,Phones,1104,49,2,0.1
ORD00910,26-09-2021,03-10-2021,Sneha,Verma,Sneha Verma,India,South,Technology,Phones,1370,-308,13,0.2
ORD00911,27-04-2021,06-05-2021,Liam,Taylor,Liam Taylor,UK,North,Furniture,Chairs,214,0,13,0.1
ORD00912,02-07-2021,06-07-2021,Olivia,Brown,Olivia Brown,USA,South,Office Supplies,Chairs,570,-32,7,0.1
ORD00913,22-06-2022,29-06-2022,Olivia,Anderson,Olivia Anderson,Australia,South,Office Supplies,Tables,689,130,1,0
ORD00914,08-11-2022,11-11-2022,Olivia,Anderson,Olivia Anderson,Canada,North,Furniture,Storage,422,-32,10,0.1
ORD00915,22-04-2021,23-04-2021,Noah,Verma,Noah Verma,Australia,North,Technology,Chairs,1263,84,13,0.1
ORD00916,03-01-2022,12-01-2022,Liam,Smith,Liam Smith,USA,West,Technology,Chairs,1648,-9,7,0
ORD00917,20-01-2022,27-01-2022,Noah,Taylor,NoahTaylor,USA,East,Technology,Tables,362,60,7,0.1
ORD00918,21-03-2022,31-03-2022,John,Anderson,John Anderson,Canada,North,Technology,Tables,235,77,3,0
ORD00919,05-07-2022,15-07-2022,Rahul,Verma,Rahul Verma,India,South,Furniture,Phones,542,-62,13,0
ORD00920,29-10-2021,05-11-2021,Priya,Verma,Priya Verma,UK,East,Office Supplies,Phones,1544,-282,12,0
ORD00921,01-05-2022,10-05-2022,Liam,Anderson,Liam Anderson,India,North,Technology,Phones,1715,51,2,0.1
ORD00922,26-08-2021,02-09-2021,Sneha,Verma,Sneha Verma,Australia,North,Technology,Chairs,1397,-214,2,0.1
ORD00923,14-02-2022,19-02-2022,Priya,Verma,Priya Verma,UK,South,Office Supplies,Binders,1224,-216,6,0.1
ORD00924,19-01-2021,22-01-2021,Emma,Taylor,Emma Taylor,India,West,Furniture,Binders,799,17,13,0.1
ORD00925,03-05-2021,12-05-2021,Amit,Smith,AmitSmith,India,West,Furniture,Binders,794,215,5,0.2
ORD00926,12-07-2021,14-07-2021,Ava,Sharma,Ava Sharma,India,South,Office Supplies,Binders,585,31,8,0.1
ORD00927,28-04-2021,01-05-2021,Olivia,Anderson,Olivia Anderson,Australia,West,Technology,Accessories,524,-94,6,0.1
ORD00928,17-06-2021,21-06-2021,Liam,Verma,Liam Verma,USA,West,Office Supplies,Tables,75,-11,7,0.1
ORD00929,15-02-2022,18-02-2022,John,Johnson,John Johnson,UK,West,Technology,Tables,873,-189,3,0.1
ORD00930,21-08-2021,26-08-2021,Olivia,Patel,Olivia Patel,Canada,East,Office Supplies,Accessories,577,2,8,0.1
ORD00931,08-08-2021,17-08-2021,Liam,Smith,Liam Smith,USA,South,Technology,Binders,250,75,13,0.1
ORD00932,12-07-2021,17-07-2021,John,Taylor,John Taylor,USA,South,Technology,Chairs,547,-102,9,0
ORD00933,17-04-2022,27-04-2022,Liam,Anderson,Liam Anderson,USA,North,Technology,Chairs,1035,-52,3,0.1
ORD00934,26-05-2022,02-06-2022,Rahul,Verma,Rahul Verma,India,North,Furniture,Accessories,1298,400,4,0.1
ORD00935,31-07-2021,06-08-2021,Amit,Taylor,Amit Taylor,Canada,South,Office Supplies,Chairs,1977,-335,10,0
ORD00936,27-05-2021,28-05-2021,Amit,Brown,Amit Brown,UK,East,Technology,Accessories,971,-166,2,0
ORD00937,01-07-2021,08-07-2021,Priya,Verma,Priya Verma,UK,South,Furniture,Accessories,843,-245,8,0.2
ORD00938,02-04-2022,07-04-2022,Noah,Anderson,Noah Anderson,Australia,South,Office Supplies,Tables,1519,-421,11,0.1
ORD00939,28-09-2021,29-09-2021,Sneha,Brown,Sneha Brown,USA,West,Office Supplies,Binders,310,35,11,0
ORD00940,08-10-2021,13-10-2021,Amit,Smith,Amit Smith,UK,East,Furniture,Accessories,1835,-374,9,0
ORD00941,04-07-2021,11-07-2021,Priya,Brown,Priya Brown,Australia,East,Furniture,Tables,1642,-92,6,0
ORD00942,11-09-2021,18-09-2021,Priya,Anderson,Priya Anderson,USA,East,Office Supplies,Binders,70,20,12,0.1
ORD00943,02-06-2021,06-06-2021,John,Smith,JohnSmith,USA,East,Furniture,Accessories,1161,-146,15,0.1
ORD00944,16-09-2022,25-09-2022,John,Verma,John Verma,India,East,Office Supplies,Chairs,1316,-54,8,0
ORD00945,19-05-2022,22-05-2022,Priya,Brown,Priya Brown,USA,South,Office Supplies,Chairs,1621,-7,2,0.2
ORD00946,25-06-2022,27-06-2022,Liam,Verma,Liam Verma,Australia,South,Office Supplies,Storage,1487,-320,11,0
ORD00947,07-02-2022,16-02-2022,Noah,Patel,Noah Patel,USA,West,Office Supplies,Phones,350,65,8,0.1
ORD00948,15-03-2021,19-03-2021,Olivia,Sharma,Olivia Sharma,Canada,West,Furniture,Binders,634,105,3,0.2
ORD00949,30-07-2022,03-08-2022,Ava,Johnson,Ava Johnson,USA,West,Technology,Binders,1516,-154,7,0
ORD00950,27-10-2022,05-11-2022,Liam,Brown,Liam Brown,Australia,East,Furniture,Storage,117,-2,14,0
ORD00951,24-08-2022,01-09-2022,John,Anderson,John Anderson,India,North,Office Supplies,Storage,857,119,2,0
ORD00952,19-10-2021,20-10-2021,Rahul,Patel,Rahul Patel,USA,North,Office Supplies,Storage,1158,378,15,0.1
ORD00953,18-07-2021,23-07-2021,Amit,Smith,Amit Smith,UK,South,Furniture,Chairs,1491,158,1,0
ORD00954,26-02-2021,04-03-2021,Priya,Sharma,Priya Sharma,India,South,Technology,Chairs,1671,169,1,0.1
ORD00955,20-12-2021,26-12-2021,Rahul,Patel,Rahul Patel,Australia,South,Furniture,Storage,1478,-415,6,0.1
ORD00956,10-11-2022,13-11-2022,Liam,Johnson,Liam Johnson,Canada,South,Furniture,Phones,1210,-80,9,0.2
ORD00957,20-08-2022,22-08-2022,Sneha,Johnson,Sneha Johnson,Australia,South,Office Supplies,Chairs,1266,104,7,0.1
ORD00958,25-10-2022,01-11-2022,Amit,Verma,Amit Verma,India,South,Technology,Phones,1042,85,6,0.1
ORD00959,13-02-2022,20-02-2022,Olivia,Brown,Olivia Brown,USA,North,Office Supplies,Tables,1004,79,10,0.1
ORD00960,25-09-2021,01-10-2021,Noah,Smith,Noah Smith,India,East,Technology,Storage,494,150,10,0.1
ORD00961,04-10-2021,09-10-2021,Ava,Smith,Ava Smith,Canada,South,Office Supplies,Storage,1823,-140,4,0.1
ORD00962,29-12-2022,01-01-2023,Liam,Sharma,Liam Sharma,Australia,South,Office Supplies,Phones,1030,-113,14,0.1
ORD00963,04-01-2021,12-01-2021,Olivia,Sharma,OliviaSharma,Australia,South,OfficeSupplies,Tables,855,-158,15,0.2
ORD00964,01-08-2022,06-08-2022,Emma,Anderson,EmmaAnderson,Australia,South,Technology,Tables,1997,635,1,0.1
ORD00965,18-02-2021,20-02-2021,Priya,Anderson,Priya Anderson,Canada,West,Furniture,Tables,223,37,13,0.1
ORD00966,25-04-2021,30-04-2021,Emma,Brown,EmmaBrown,Canada,West,Furniture,Accessories,1331,220,11,0
ORD00967,25-12-2022,31-12-2022,Liam,Sharma,LiamSharma,Canada,East,OfficeSupplies,Accessories,364,50,15,0.1
ORD00968,03-03-2022,04-03-2022,Sneha,Anderson,Sneha Anderson,Australia,North,Furniture,Tables,305,-46,14,0
ORD00969,13-06-2022,14-06-2022,Olivia,Johnson,OliviaJohnson,Australia,East,OfficeSupplies,Binders,360,-94,10,0.2
ORD00970,17-02-2022,19-02-2022,John,Taylor,JohnTaylor,Australia,East,Furniture,Chairs,1886,146,11,0
ORD00971,15-04-2021,25-04-2021,Amit,Sharma,Amit Sharma,India,East,Office Supplies,Phones,1139,-192,2,0
ORD00972,18-02-2022,28-02-2022,Olivia,Anderson,Olivia Anderson,UK,North,Furniture,Phones,1223,120,1,0.2
ORD00973,15-12-2021,16-12-2021,Noah,Smith,Noah Smith,Australia,North,Furniture,Phones,1239,426,15,0.1
ORD00974,10-09-2022,20-09-2022,Olivia,Taylor,Olivia Taylor,USA,South,Office Supplies,Accessories,1399,-335,9,0.1
ORD00975,16-01-2022,24-01-2022,Rahul,Taylor,Rahul Taylor,Canada,North,Technology,Phones,314,-32,7,0.1
ORD00976,27-08-2021,06-09-2021,Liam,Johnson,Liam Johnson,Canada,South,Office Supplies,Storage,1286,-23,14,0.2
ORD00977,16-12-2021,24-12-2021,Olivia,Taylor,Olivia Taylor,UK,South,Furniture,Tables,1341,37,7,0.1
ORD00978,07-04-2021,08-04-2021,Liam,Patel,Liam Patel,USA,West,Furniture,Tables,375,106,11,0
ORD00979,07-03-2021,16-03-2021,Rahul,Smith,RahulSmith,USA,West,Technology,Tables,1146,-227,3,0
ORD00980,16-12-2021,22-12-2021,Olivia,Smith,OliviaSmith,USA,North,Technology,Phones,35,4,3,0.2
ORD00981,02-07-2021,09-07-2021,Amit,Taylor,Amit Taylor,Australia,South,Technology,Accessories,628,99,9,0.1
ORD00982,07-06-2022,08-06-2022,Emma,Brown,Emma Brown,USA,West,Furniture,Tables,1023,-60,15,0.2
ORD00983,10-12-2022,13-12-2022,Liam,Brown,Liam Brown,USA,North,Office Supplies,Accessories,60,-5,13,0
ORD00984,07-06-2022,14-06-2022,Amit,Brown,Amit Brown,India,South,Office Supplies,Binders,925,-181,13,0.1
ORD00985,19-03-2021,22-03-2021,Rahul,Anderson,Rahul Anderson,Australia,West,Technology,Phones,547,-93,12,0.1
ORD00986,01-04-2021,08-04-2021,Liam,Brown,Liam Brown,UK,West,Technology,Phones,1044,-161,14,0.2
ORD00987,31-10-2021,10-11-2021,John,Smith,JohnSmith,UK,North,Technology,Binders,1614,19,15,0
ORD00988,16-11-2022,21-11-2022,Rahul,Brown,Rahul Brown,USA,West,Office Supplies,Phones,822,266,10,0.1
ORD00989,08-08-2021,11-08-2021,Priya,Sharma,Priya Sharma,Australia,North,Office Supplies,Storage,1653,266,14,0.2
ORD00990,21-06-2021,26-06-2021,Noah,Anderson,Noah Anderson,Australia,North,Furniture,Chairs,1845,632,4,0.2
ORD00991,17-07-2021,27-07-2021,Priya,Brown,Priya Brown,Australia,West,Office Supplies,Chairs,1469,259,13,0.2
ORD00992,15-04-2022,23-04-2022,Noah,Johnson,Noah Johnson,India,West,Office Supplies,Storage,406,-49,13,0.2
ORD00993,23-02-2021,26-02-2021,John,Verma,John Verma,Canada,West,Technology,Phones,339,93,15,0.1
ORD00994,30-03-2021,07-04-2021,Sneha,Smith,Sneha Smith,UK,West,Furniture,Phones,192,49,8,0
ORD00995,01-11-2022,07-11-2022,Rahul,Patel,Rahul Patel,Canada,West,Technology,Phones,1356,-111,5,0
ORD00996,13-05-2022,20-05-2022,Ava,Johnson,Ava Johnson,Australia,North,Furniture,Phones,952,-39,15,0.1
ORD00997,21-08-2022,24-08-2022,Amit,Taylor,Amit Taylor,UK,South,Technology,Tables,1024,-93,13,0
ORD00998,29-04-2022,04-05-2022,Emma,Anderson,Emma Anderson,Australia,North,Office Supplies,Chairs,175,-6,10,0
ORD00999,09-03-2021,14-03-2021,Amit,Johnson,Amit Johnson,UK,West,Furniture,Binders,1266,-377,8,0.2
ORD01000,27-02-2021,06-03-2021,Amit,Verma,Amit Verma,Canada,North,Office Supplies,Binders,769,-159,10,0
ORD01001,26-12-2021,28-12-2021,Sneha,Smith,Sneha Smith,USA,North,Office Supplies,Binders,1434,143,7,0.2
ORD01002,11-09-2022,15-09-2022,Ava,Johnson,Ava Johnson,India,East,Furniture,Tables,735,145,9,0
ORD01003,02-10-2022,11-10-2022,Ava,Patel,Ava Patel,UK,South,Office Supplies,Binders,1777,60,7,0.1
ORD01004,25-06-2022,26-06-2022,Noah,Verma,Noah Verma,USA,North,Office Supplies,Binders,1698,226,7,0
ORD01005,07-02-2022,14-02-2022,Priya,Sharma,Priya Sharma,Canada,East,Technology,Chairs,778,-226,15,0.2
ORD01006,13-12-2021,16-12-2021,John,Verma,John Verma,India,North,Office Supplies,Storage,82,6,15,0
ORD01007,13-09-2021,17-09-2021,Rahul,Patel,Rahul Patel,Canada,East,Furniture,Tables,122,-34,7,0.2
ORD01008,29-05-2022,05-06-2022,Noah,Sharma,Noah Sharma,UK,South,Technology,Binders,1369,420,3,0.2
ORD01009,04-01-2022,13-01-2022,Noah,Patel,Noah Patel,India,East,Office Supplies,Chairs,268,45,7,0.1
ORD01010,05-08-2022,15-08-2022,Rahul,Brown,Rahul Brown,Australia,North,Office Supplies,Phones,1238,399,11,0.1
ORD01011,21-06-2022,27-06-2022,Rahul,Patel,Rahul Patel,Australia,West,Furniture,Accessories,231,-18,11,0.1
ORD01012,26-02-2022,02-03-2022,Emma,Verma,Emma Verma,Canada,East,Office Supplies,Storage,718,-31,9,0
ORD01013,24-11-2021,25-11-2021,Amit,Verma,AmitVerma,Canada,South,Technology,Storage,613,8,11,0.1
ORD01014,24-08-2021,28-08-2021,Priya,Anderson,Priya Anderson,Australia,South,Office Supplies,Accessories,508,169,9,0
ORD01015,08-01-2022,13-01-2022,John,Johnson,John Johnson,India,South,Technology,Binders,1505,-229,4,0.2
ORD01016,18-03-2022,20-03-2022,Rahul,Anderson,Rahul Anderson,Australia,West,Technology,Storage,1145,-197,9,0
ORD01017,07-11-2022,08-11-2022,Ava,Verma,AvaVerma,Australia,East,Technology,Chairs,802,211,8,0
ORD01018,30-01-2022,08-02-2022,Ava,Johnson,Ava Johnson,Canada,West,Office Supplies,Chairs,1043,70,8,0
ORD01019,28-02-2022,04-03-2022,Rahul,Verma,RahulVerma,Canada,North,Technology,Chairs,254,31,11,0
ORD01020,19-11-2022,22-11-2022,John,Patel,John Patel,Canada,West,Office Supplies,Chairs,1149,-189,9,0.2
ORD01021,06-08-2021,10-08-2021,Sneha,Johnson,Sneha Johnson,UK,West,Office Supplies,Chairs,1753,-205,14,0
ORD01022,01-07-2021,11-07-2021,Ava,Brown,AvaBrown,UK,North,Furniture,Chairs,1464,-189,5,0.2
ORD01023,28-07-2021,05-08-2021,Emma,Brown,Emma Brown,India,North,Furniture,Accessories,501,159,3,0.1
ORD01024,27-10-2021,01-11-2021,Amit,Sharma,Amit Sharma,USA,East,Office Supplies,Accessories,1812,-14,7,0.1
ORD01025,06-11-2021,10-11-2021,Liam,Anderson,Liam Anderson,UK,East,Office Supplies,Storage,1056,281,3,0.1
ORD01026,26-01-2021,05-02-2021,Noah,Johnson,Noah Johnson,India,North,Office Supplies,Tables,1543,267,4,0.1
ORD01027,21-11-2021,28-11-2021,Emma,Johnson,EmmaJohnson,India,North,Furniture,Tables,1793,167,6,0
ORD01028,08-04-2022,16-04-2022,Ava,Smith,Ava Smith,USA,East,Furniture,Binders,1643,-293,11,0
ORD01029,16-04-2022,26-04-2022,Olivia,Smith,Olivia Smith,Canada,East,Furniture,Chairs,982,-252,1,0.1
ORD01030,13-01-2021,17-01-2021,Olivia,Anderson,OliviaAnderson,Canada,North,Technology,Chairs,118,-25,9,0
ORD01031,23-05-2022,29-05-2022,Amit,Sharma,Amit Sharma,USA,North,Office Supplies,Chairs,1334,-192,8,0.1
ORD01032,16-09-2022,20-09-2022,Rahul,Taylor,Rahul Taylor,India,North,Furniture,Tables,1673,368,11,0
ORD01033,29-12-2021,30-12-2021,Noah,Johnson,Noah Johnson,USA,North,Office Supplies,Storage,675,177,6,0
ORD01034,05-12-2021,11-12-2021,Rahul,Anderson,Rahul Anderson,Australia,South,Office Supplies,Storage,1785,-111,12,0
ORD01035,20-10-2022,21-10-2022,Amit,Patel,Amit Patel,Canada,West,Office Supplies,Storage,741,-145,1,0.1
ORD01036,08-11-2022,13-11-2022,Ava,Anderson,Ava Anderson,India,North,Furniture,Phones,1424,474,13,0.1
ORD01037,30-05-2022,07-06-2022,Olivia,Johnson,Olivia Johnson,India,West,Technology,Chairs,1681,136,4,0
ORD01038,21-12-2021,25-12-2021,Amit,Brown,AmitBrown,India,East,OfficeSupplies,Binders,1658,451,8,0.1
ORD01039,28-02-2021,07-03-2021,Liam,Sharma,Liam Sharma,Canada,East,Office Supplies,Phones,897,-175,14,0
ORD01040,19-11-2022,28-11-2022,Noah,Patel,Noah Patel,India,North,Technology,Storage,987,-156,11,0.1
ORD01041,01-01-2023,02-01-2023,John,Patel,JohnPatel,India,North,Furniture,Tables,182,49,6,0.1
ORD01042,19-11-2022,20-11-2022,Sneha,Brown,Sneha Brown,UK,East,Furniture,Tables,1077,-282,8,0.1
ORD01043,01-09-2022,08-09-2022,Priya,Anderson,Priya Anderson,India,East,Office Supplies,Tables,1749,-320,7,0
ORD01044,20-01-2021,23-01-2021,Emma,Anderson,Emma Anderson,Australia,North,Furniture,Storage,289,-29,5,0.1
ORD01045,06-01-2022,13-01-2022,Priya,Verma,Priya Verma,UK,East,Technology,Binders,931,-96,1,0.1
ORD01046,20-09-2021,25-09-2021,Amit,Verma,Amit Verma,Canada,North,Technology,Storage,1136,-184,7,0.2
ORD01047,07-06-2022,14-06-2022,Rahul,Anderson,Rahul Anderson,UK,West,Office Supplies,Storage,1109,-316,13,0.2
ORD01048,02-02-2022,08-02-2022,John,Anderson,JohnAnderson,UK,West,OfficeSupplies,Phones,1872,-481,3,0
ORD01049,06-04-2021,12-04-2021,Liam,Taylor,Liam Taylor,USA,South,Technology,Storage,1782,394,9,0
ORD01050,23-03-2022,26-03-2022,Liam,Taylor,Liam Taylor,Australia,South,Technology,Binders,1852,-120,3,0.1
ORD01051,22-09-2022,27-09-2022,Ava,Johnson,Ava Johnson,Canada,West,Furniture,Binders,1045,193,5,0.1
ORD01052,11-12-2022,16-12-2022,Olivia,Patel,Olivia Patel,India,East,Technology,Tables,278,-63,4,0.2
ORD01053,20-12-2022,29-12-2022,Rahul,Anderson,Rahul Anderson,India,West,Office Supplies,Storage,357,-90,3,0
ORD01054,17-09-2021,21-09-2021,Ava,Verma,Ava Verma,USA,East,Technology,Storage,1706,460,7,0.1
ORD01055,27-12-2021,03-01-2022,Noah,Brown,Noah Brown,USA,East,Furniture,Binders,713,-116,7,0.1
ORD01056,08-12-2022,13-12-2022,Rahul,Patel,Rahul Patel,India,West,Office Supplies,Chairs,435,102,15,0
ORD01057,16-10-2021,26-10-2021,John,Taylor,JohnTaylor,India,East,Furniture,Chairs,1511,-106,15,0.1
ORD01058,08-09-2021,09-09-2021,Noah,Verma,Noah Verma,India,East,Furniture,Accessories,1054,340,15,0.1
ORD01059,07-01-2021,12-01-2021,Amit,Patel,Amit Patel,Canada,South,Technology,Accessories,1980,-379,1,0
ORD01060,15-04-2021,23-04-2021,Sneha,Taylor,SnehaTaylor,Canada,East,Technology,Chairs,38,-6,15,0
ORD01061,30-11-2021,04-12-2021,Olivia,Patel,Olivia Patel,USA,North,Furniture,Storage,161,-16,7,0
ORD01062,16-08-2021,23-08-2021,Sneha,Sharma,SnehaSharma,USA,North,Furniture,Tables,376,-10,5,0
ORD01063,22-08-2022,23-08-2022,Olivia,Taylor,Olivia Taylor,UK,West,Furniture,Accessories,209,-12,7,0.1
ORD01064,28-04-2021,02-05-2021,John,Verma,John Verma,Australia,West,Office Supplies,Accessories,445,-81,2,0.1
ORD01065,12-08-2021,22-08-2021,Noah,Smith,Noah Smith,India,South,Office Supplies,Storage,1590,494,12,0
ORD01066,17-08-2021,25-08-2021,Priya,Anderson,Priya Anderson,UK,North,Office Supplies,Accessories,1257,165,4,0
ORD01067,16-12-2021,19-12-2021,Amit,Sharma,Amit Sharma,USA,South,Office Supplies,Accessories,1649,-57,13,0.1
ORD01068,30-06-2021,08-07-2021,Priya,Sharma,Priya Sharma,Canada,South,Office Supplies,Accessories,197,22,14,0.1
ORD01069,10-11-2022,12-11-2022,Liam,Patel,Liam Patel,UK,North,Furniture,Chairs,1891,-427,9,0.1
ORD01070,31-12-2021,05-01-2022,Liam,Patel,Liam Patel,Australia,West,Technology,Tables,211,-52,5,0.2
ORD01071,21-10-2021,25-10-2021,Sneha,Johnson,Sneha Johnson,Canada,West,Technology,Tables,722,-68,14,0
ORD01072,12-01-2022,15-01-2022,Ava,Verma,Ava Verma,Canada,West,Technology,Tables,1601,149,8,0.1
ORD01073,19-06-2022,29-06-2022,Priya,Verma,Priya Verma,India,South,Office Supplies,Chairs,322,-69,9,0.2
ORD01074,21-12-2021,28-12-2021,Amit,Sharma,AmitSharma,India,North,Technology,Tables,1188,-223,5,0.2
ORD01075,06-12-2021,08-12-2021,Liam,Johnson,Liam Johnson,Australia,South,Technology,Storage,658,137,4,0
ORD01076,24-09-2022,26-09-2022,Olivia,Taylor,Olivia Taylor,India,East,Office Supplies,Binders,1339,-272,7,0
ORD01077,26-06-2021,06-07-2021,Emma,Verma,Emma Verma,UK,East,Furniture,Tables,1670,5,2,0
ORD01078,25-07-2022,30-07-2022,Liam,Taylor,Liam Taylor,India,South,Technology,Chairs,910,-180,3,0.1
ORD01079,25-07-2022,01-08-2022,Ava,Johnson,Ava Johnson,India,South,Office Supplies,Tables,1861,472,6,0.1
ORD01080,01-07-2021,11-07-2021,Noah,Sharma,Noah Sharma,India,South,Furniture,Chairs,783,184,12,0.1
ORD01081,16-11-2021,18-11-2021,Sneha,Brown,Sneha Brown,India,West,Office Supplies,Phones,110,-31,1,0
ORD01082,27-02-2021,01-03-2021,Sneha,Smith,Sneha Smith,India,West,Technology,Tables,1477,-432,5,0.1
ORD01083,15-07-2022,21-07-2022,Rahul,Smith,Rahul Smith,UK,North,Technology,Binders,966,50,8,0.2
ORD01084,13-03-2021,14-03-2021,Ava,Anderson,Ava Anderson,USA,North,Office Supplies,Storage,82,15,4,0
ORD01085,18-12-2022,26-12-2022,Ava,Smith,Ava Smith,India,South,Technology,Tables,111,-31,3,0.1
ORD01086,06-04-2021,07-04-2021,John,Patel,John Patel,Canada,South,Technology,Accessories,701,8,6,0.2
ORD01087,28-06-2022,08-07-2022,Rahul,Taylor,Rahul Taylor,Canada,West,Furniture,Phones,474,0,11,0.1
ORD01088,08-12-2022,10-12-2022,Olivia,Johnson,OliviaJohnson,Canada,South,Technology,Binders,860,-235,8,0.1
ORD01089,04-04-2021,13-04-2021,Priya,Taylor,PriyaTaylor,Canada,South,Technology,Phones,344,36,12,0.1
ORD01090,22-01-2022,26-01-2022,Noah,Patel,Noah Patel,UK,South,Furniture,Storage,1953,-210,2,0.1
ORD01091,07-10-2022,09-10-2022,Ava,Sharma,Ava Sharma,Australia,East,Furniture,Accessories,1231,-150,13,0.1
ORD01092,18-12-2022,22-12-2022,Liam,Brown,Liam Brown,UK,West,Furniture,Accessories,672,121,13,0.1
ORD01093,17-05-2021,25-05-2021,Priya,Johnson,PriyaJohnson,UK,West,Technology,Accessories,943,-129,15,0
ORD01094,06-03-2021,12-03-2021,Amit,Johnson,Amit Johnson,Canada,East,Furniture,Tables,528,63,4,0.2
ORD01095,18-11-2022,20-11-2022,Noah,Johnson,Noah Johnson,USA,East,Technology,Tables,1556,-172,9,0
ORD01096,31-01-2021,01-02-2021,Emma,Johnson,EmmaJohnson,USA,East,OfficeSupplies,Binders,583,142,7,0.1
ORD01097,05-09-2021,10-09-2021,Ava,Taylor,Ava Taylor,USA,South,Office Supplies,Binders,1376,225,4,0.1
ORD01098,23-04-2022,26-04-2022,Noah,Taylor,Noah Taylor,Australia,West,Furniture,Tables,1477,468,13,0.2
ORD01099,09-01-2021,18-01-2021,Liam,Anderson,Liam Anderson,Canada,South,Office Supplies,Tables,813,212,5,0.1
ORD01100,23-05-2021,26-05-2021,Ava,Verma,Ava Verma,USA,South,Office Supplies,Chairs,1629,-117,15,0.2
ORD01101,01-01-2022,10-01-2022,Olivia,Johnson,Olivia Johnson,India,North,Technology,Chairs,29,-9,6,0.2
ORD01102,10-01-2021,17-01-2021,Rahul,Anderson,Rahul Anderson,Canada,South,Office Supplies,Phones,640,59,7,0.1
ORD01103,08-01-2022,17-01-2022,Sneha,Sharma,SnehaSharma,Canada,South,Furniture,Tables,750,-202,11,0
ORD01104,07-05-2021,12-05-2021,Ava,Taylor,Ava Taylor,Australia,West,Furniture,Binders,1595,546,10,0.1
ORD01105,05-01-2021,07-01-2021,John,Patel,John Patel,Australia,West,Technology,Binders,457,-106,14,0.2
ORD01106,02-07-2022,03-07-2022,Olivia,Taylor,Olivia Taylor,UK,North,Technology,Phones,1206,417,5,0
ORD01107,27-05-2022,30-05-2022,Liam,Johnson,Liam Johnson,Canada,North,Technology,Phones,643,167,6,0.1
ORD01108,19-07-2022,23-07-2022,Sneha,Verma,Sneha Verma,India,North,Technology,Phones,791,-114,9,0
ORD01109,06-01-2021,16-01-2021,Olivia,Anderson,Olivia Anderson,USA,South,Furniture,Storage,982,36,7,0.2
ORD01110,11-10-2021,21-10-2021,Sneha,Anderson,Sneha Anderson,UK,East,Technology,Storage,1560,-11,7,0.1
ORD01111,18-05-2021,22-05-2021,Rahul,Johnson,Rahul Johnson,India,East,Furniture,Storage,1509,384,1,0
ORD01112,04-06-2022,14-06-2022,Sneha,Anderson,Sneha Anderson,UK,North,Office Supplies,Tables,1632,25,15,0
ORD01113,27-11-2022,06-12-2022,Olivia,Taylor,Olivia Taylor,India,North,Furniture,Storage,934,-172,7,0.1
ORD01114,10-03-2021,13-03-2021,Rahul,Verma,RahulVerma,India,East,Technology,Storage,534,-140,4,0.2
ORD01115,26-09-2021,30-09-2021,Liam,Patel,Liam Patel,USA,West,Technology,Tables,241,72,15,0
ORD01116,04-02-2022,11-02-2022,Sneha,Smith,Sneha Smith,Australia,North,Technology,Accessories,1205,-294,9,0.1
ORD01117,13-01-2021,14-01-2021,Rahul,Verma,RahulVerma,Australia,North,Technology,Binders,1370,391,5,0
ORD01118,27-01-2022,28-01-2022,Rahul,Sharma,Rahul Sharma,Australia,West,Office Supplies,Phones,935,-129,13,0
ORD01119,02-08-2021,11-08-2021,Sneha,Johnson,Sneha Johnson,USA,South,Furniture,Phones,145,-11,8,0.1
ORD01120,28-04-2021,03-05-2021,Priya,Smith,PriyaSmith,USA,South,OfficeSupplies,Storage,1954,24,12,0
ORD01121,16-05-2022,25-05-2022,Amit,Smith,Amit Smith,India,East,Technology,Storage,640,209,3,0.2
ORD01122,02-08-2021,09-08-2021,Amit,Verma,Amit Verma,Canada,North,Office Supplies,Phones,267,65,11,0.2
ORD01123,16-10-2022,21-10-2022,John,Sharma,John Sharma,India,South,Office Supplies,Chairs,42,-3,12,0
ORD01124,22-09-2021,25-09-2021,Amit,Taylor,Amit Taylor,India,South,Furniture,Tables,1023,183,2,0.1
ORD01125,14-01-2021,16-01-2021,Olivia,Sharma,OliviaSharma,India,South,OfficeSupplies,Storage,983,122,14,0
ORD01126,05-10-2022,11-10-2022,Olivia,Johnson,Olivia Johnson,Australia,East,Technology,Chairs,1782,481,5,0
ORD01127,05-10-2021,15-10-2021,Priya,Brown,Priya Brown,Australia,East,Furniture,Storage,1207,-157,8,0
ORD01128,21-11-2022,30-11-2022,Ava,Johnson,Ava Johnson,USA,North,Technology,Chairs,1662,464,7,0.1
ORD01129,14-03-2021,18-03-2021,Noah,Taylor,Noah Taylor,UK,North,Office Supplies,Phones,1919,323,6,0
ORD01130,15-10-2021,20-10-2021,Rahul,Taylor,Rahul Taylor,USA,West,Furniture,Phones,1007,-228,4,0.2
ORD01131,20-12-2022,29-12-2022,Olivia,Smith,OliviaSmith,USA,West,Technology,Tables,798,200,11,0.2
ORD01132,07-08-2022,12-08-2022,John,Smith,John Smith,India,North,Furniture,Storage,1174,-252,3,0.1
ORD01133,16-04-2022,21-04-2022,John,Brown,John Brown,Australia,North,Office Supplies,Chairs,810,91,8,0.2
ORD01134,07-11-2021,10-11-2021,Rahul,Johnson,RahulJohnson,Australia,South,Furniture,Phones,212,45,11,0.1
ORD01135,08-11-2021,17-11-2021,Priya,Verma,Priya Verma,Australia,North,Furniture,Phones,1151,287,11,0.1
ORD01136,27-07-2021,06-08-2021,Rahul,Johnson,Rahul Johnson,India,East,Office Supplies,Tables,299,5,7,0.1
ORD01137,29-10-2022,03-11-2022,Liam,Anderson,Liam Anderson,India,West,Technology,Tables,676,-84,5,0
ORD01138,27-07-2021,30-07-2021,Amit,Verma,Amit Verma,UK,South,Office Supplies,Tables,1139,49,9,0.2
ORD01139,20-08-2022,29-08-2022,Olivia,Johnson,Olivia Johnson,USA,South,Office Supplies,Storage,930,-68,12,0
ORD01140,22-02-2022,01-03-2022,Sneha,Johnson,Sneha Johnson,India,South,Office Supplies,Storage,284,-80,14,0.2
ORD01141,05-09-2022,11-09-2022,Liam,Taylor,Liam Taylor,USA,South,Furniture,Storage,806,-192,11,0.2
ORD01142,20-08-2022,24-08-2022,Priya,Taylor,Priya Taylor,UK,West,Office Supplies,Tables,920,-14,2,0
ORD01143,25-10-2021,28-10-2021,Priya,Patel,Priya Patel,India,North,Technology,Tables,1805,-210,4,0.1
ORD01144,02-11-2022,10-11-2022,Sneha,Brown,Sneha Brown,India,West,Furniture,Binders,1986,-406,11,0.2
ORD01145,10-06-2021,16-06-2021,Priya,Patel,Priya Patel,India,West,Technology,Binders,1400,-102,13,0.1
ORD01146,03-07-2022,08-07-2022,Olivia,Sharma,OliviaSharma,India,North,OfficeSupplies,Chairs,827,-158,1,0
ORD01147,07-02-2021,10-02-2021,Priya,Patel,Priya Patel,Australia,West,Technology,Accessories,1087,-317,11,0.1
ORD01148,07-12-2021,09-12-2021,John,Brown,John Brown,Canada,West,Furniture,Tables,94,-20,11,0
ORD01149,27-10-2021,04-11-2021,Noah,Sharma,Noah Sharma,UK,South,Technology,Chairs,1676,-225,9,0.2
ORD01150,09-08-2022,12-08-2022,Priya,Smith,Priya Smith,Canada,South,Technology,Storage,1357,9,7,0.1
ORD01151,21-09-2022,28-09-2022,Noah,Smith,Noah Smith,Canada,South,Technology,Binders,1452,-285,3,0
ORD01152,06-10-2021,10-10-2021,Noah,Taylor,NoahTaylor,Canada,South,Furniture,Accessories,765,-120,13,0
ORD01153,10-09-2021,16-09-2021,Liam,Patel,Liam Patel,Australia,West,Furniture,Binders,1268,-287,9,0
ORD01154,18-02-2022,24-02-2022,Ava,Smith,AvaSmith,Australia,South,Technology,Binders,285,-53,6,0
ORD01155,30-01-2022,02-02-2022,Priya,Patel,Priya Patel,India,East,Technology,Tables,1126,103,4,0.1
ORD01156,26-05-2022,30-05-2022,Ava,Johnson,AvaJohnson,India,North,OfficeSupplies,Phones,941,-142,6,0
ORD01157,24-03-2022,02-04-2022,Sneha,Johnson,Sneha Johnson,India,South,Furniture,Binders,1009,93,8,0.1
ORD01158,01-01-2022,07-01-2022,Sneha,Smith,Sneha Smith,India,West,Furniture,Binders,1116,44,2,0.1
ORD01159,31-05-2022,05-06-2022,Rahul,Taylor,RahulTaylor,India,South,Technology,Accessories,1039,-266,5,0
ORD01160,14-07-2022,21-07-2022,Amit,Sharma,Amit Sharma,UK,West,Office Supplies,Phones,1641,224,15,0.1
ORD01161,27-11-2021,04-12-2021,Sneha,Sharma,SnehaSharma,UK,North,OfficeSupplies,Phones,1675,-223,11,0
ORD01162,03-07-2021,08-07-2021,Liam,Verma,Liam Verma,Australia,East,Technology,Accessories,1109,300,15,0
ORD01163,19-05-2021,27-05-2021,Olivia,Verma,Olivia Verma,India,East,Office Supplies,Tables,1328,45,2,0.1
ORD01164,16-11-2021,26-11-2021,Emma,Taylor,Emma Taylor,Australia,North,Furniture,Binders,1844,-475,4,0
ORD01165,23-04-2021,26-04-2021,John,Anderson,John Anderson,Canada,North,Office Supplies,Binders,1301,-30,3,0
ORD01166,20-07-2021,29-07-2021,Priya,Taylor,Priya Taylor,USA,East,Office Supplies,Chairs,779,106,6,0.1
ORD01167,25-03-2022,01-04-2022,Priya,Johnson,Priya Johnson,UK,East,Furniture,Phones,813,-24,10,0
ORD01168,16-01-2022,25-01-2022,Amit,Johnson,Amit Johnson,Australia,East,Office Supplies,Phones,592,25,7,0.1
ORD01169,14-10-2022,20-10-2022,Rahul,Patel,Rahul Patel,USA,East,Office Supplies,Chairs,591,-42,3,0.1
ORD01170,23-04-2022,29-04-2022,Sneha,Johnson,SnehaJohnson,USA,North,OfficeSupplies,Chairs,1102,266,9,0
ORD01171,22-06-2022,26-06-2022,Emma,Patel,Emma Patel,Canada,North,Office Supplies,Storage,71,-13,6,0.1
ORD01172,26-08-2021,03-09-2021,Liam,Brown,Liam Brown,India,South,Office Supplies,Storage,1652,166,6,0
ORD01173,06-09-2021,11-09-2021,Priya,Taylor,Priya Taylor,UK,East,Technology,Chairs,1114,217,1,0
ORD01174,06-12-2021,09-12-2021,Sneha,Johnson,Sneha Johnson,Australia,East,Technology,Phones,1373,-49,8,0.1
ORD01175,01-07-2022,10-07-2022,Olivia,Taylor,Olivia Taylor,USA,East,Office Supplies,Phones,1543,-315,13,0.1
ORD01176,26-05-2021,28-05-2021,Sneha,Smith,Sneha Smith,India,South,Technology,Phones,341,77,2,0
ORD01177,10-10-2021,18-10-2021,Noah,Patel,Noah Patel,India,East,Office Supplies,Binders,380,15,7,0.1
ORD01178,01-07-2022,04-07-2022,Olivia,Anderson,Olivia Anderson,India,East,Technology,Binders,684,9,3,0.1
ORD01179,26-10-2022,03-11-2022,Sneha,Sharma,Sneha Sharma,India,South,Furniture,Tables,1584,-263,11,0.1
ORD01180,15-01-2021,25-01-2021,Amit,Patel,AmitPatel,India,East,Technology,Binders,1213,414,7,0
ORD01181,26-04-2021,02-05-2021,Priya,Taylor,PriyaTaylor,India,East,Technology,Accessories,944,153,13,0
ORD01182,02-04-2022,06-04-2022,Ava,Johnson,Ava Johnson,UK,East,Furniture,Accessories,1568,-26,6,0.1
ORD01183,10-12-2022,17-12-2022,Liam,Sharma,Liam Sharma,UK,East,Furniture,Accessories,1160,-333,15,0
ORD01184,26-08-2021,04-09-2021,John,Johnson,John Johnson,USA,East,Technology,Accessories,1337,-119,4,0.1
ORD01185,03-12-2021,11-12-2021,Ava,Brown,Ava Brown,Canada,West,Furniture,Chairs,534,-76,5,0.2
ORD01186,22-01-2021,26-01-2021,John,Sharma,John Sharma,Australia,South,Office Supplies,Accessories,1031,46,7,0.2
ORD01187,09-03-2021,11-03-2021,Liam,Brown,Liam Brown,India,East,Technology,Storage,697,-59,15,0
ORD01188,29-04-2022,08-05-2022,Rahul,Taylor,Rahul Taylor,UK,East,Office Supplies,Binders,700,96,13,0
ORD01189,31-10-2022,07-11-2022,Priya,Brown,Priya Brown,Australia,North,Furniture,Tables,305,81,8,0.1
ORD01190,20-12-2021,22-12-2021,Sneha,Patel,Sneha Patel,USA,West,Furniture,Phones,1009,141,10,0
ORD01191,26-05-2022,27-05-2022,Emma,Verma,Emma Verma,USA,North,Technology,Phones,34,6,7,0.2
ORD01192,19-07-2021,24-07-2021,Olivia,Brown,Olivia Brown,USA,North,Office Supplies,Binders,410,-103,5,0.1
ORD01193,16-01-2022,22-01-2022,Amit,Brown,Amit Brown,India,West,Furniture,Phones,1979,-502,8,0.1
ORD01194,08-12-2022,12-12-2022,John,Verma,John Verma,UK,South,Furniture,Storage,59,12,9,0
ORD01195,26-12-2022,03-01-2023,Priya,Taylor,PriyaTaylor,UK,South,OfficeSupplies,Tables,1893,291,2,0.2
ORD01196,17-03-2021,26-03-2021,Amit,Patel,Amit Patel,Australia,South,Furniture,Tables,1202,409,8,0.1
ORD01197,20-02-2022,23-02-2022,Sneha,Brown,Sneha Brown,Canada,North,Office Supplies,Chairs,739,-90,6,0.1
ORD01198,16-12-2022,24-12-2022,Priya,Johnson,Priya Johnson,USA,East,Office Supplies,Chairs,1648,339,7,0.2
ORD01199,05-07-2022,07-07-2022,Liam,Sharma,LiamSharma,USA,South,Technology,Binders,608,-180,13,0
ORD01200,24-09-2022,02-10-2022,Olivia,Brown,Olivia Brown,Canada,South,Technology,Chairs,1152,186,11,0.1
ORD01201,27-03-2022,02-04-2022,Olivia,Brown,Olivia Brown,Australia,East,Office Supplies,Storage,1523,-365,15,0.2
ORD01202,06-03-2021,08-03-2021,Sneha,Johnson,Sneha Johnson,Australia,North,Technology,Storage,340,-90,4,0.1
ORD01203,23-12-2022,28-12-2022,Priya,Anderson,Priya Anderson,USA,West,Technology,Accessories,537,-73,4,0.1
ORD01204,10-04-2021,14-04-2021,Noah,Taylor,NoahTaylor,USA,West,Furniture,Phones,1472,298,15,0.1
ORD01205,19-11-2022,29-11-2022,John,Johnson,John Johnson,Australia,South,Office Supplies,Accessories,432,112,15,0
ORD01206,28-11-2021,06-12-2021,Ava,Sharma,AvaSharma,Australia,North,Technology,Accessories,1249,-316,4,0
ORD01207,22-11-2021,01-12-2021,Amit,Patel,Amit Patel,Canada,North,Office Supplies,Tables,1918,-33,13,0.2
ORD01208,08-07-2022,11-07-2022,Olivia,Anderson,Olivia Anderson,India,East,Office Supplies,Binders,739,-18,2,0.1
ORD01209,27-08-2021,04-09-2021,Emma,Johnson,Emma Johnson,Canada,South,Office Supplies,Binders,1377,-103,9,0.1
ORD01210,25-12-2022,03-01-2023,Amit,Verma,Amit Verma,UK,South,Furniture,Tables,1822,165,10,0
ORD01211,10-06-2022,19-06-2022,Priya,Taylor,Priya Taylor,India,South,Furniture,Accessories,713,243,2,0.2
ORD01212,04-05-2021,11-05-2021,Noah,Patel,Noah Patel,Australia,South,Technology,Phones,267,78,4,0.1
ORD01213,03-06-2022,12-06-2022,Rahul,Johnson,Rahul Johnson,UK,South,Technology,Binders,253,41,11,0
ORD01214,21-06-2022,25-06-2022,Amit,Smith,Amit Smith,India,East,Technology,Binders,401,-3,1,0
ORD01215,05-11-2021,15-11-2021,Liam,Smith,Liam Smith,Canada,East,Furniture,Chairs,61,13,8,0
ORD01216,08-04-2022,12-04-2022,Priya,Brown,Priya Brown,India,South,Office Supplies,Chairs,730,103,2,0.1
ORD01217,17-12-2022,21-12-2022,Emma,Verma,EmmaVerma,India,South,Technology,Chairs,153,-28,7,0.1
ORD01218,17-02-2021,19-02-2021,Noah,Brown,Noah Brown,USA,West,Furniture,Storage,1091,-117,2,0.2
ORD01219,01-02-2022,03-02-2022,Liam,Taylor,Liam Taylor,Canada,South,Office Supplies,Storage,319,79,4,0.1
ORD01220,30-09-2022,06-10-2022,Olivia,Smith,Olivia Smith,UK,North,Office Supplies,Binders,1406,-35,14,0.1
ORD01221,02-02-2022,07-02-2022,Ava,Johnson,Ava Johnson,USA,North,Furniture,Tables,55,-10,15,0
ORD01222,04-03-2022,12-03-2022,John,Brown,John Brown,Australia,South,Furniture,Binders,576,18,7,0
ORD01223,30-08-2021,09-09-2021,Sneha,Brown,Sneha Brown,USA,North,Office Supplies,Tables,869,206,11,0.1
ORD01224,23-12-2022,30-12-2022,Olivia,Patel,Olivia Patel,UK,East,Technology,Tables,1287,-74,3,0.1
ORD01225,04-02-2021,12-02-2021,Rahul,Verma,Rahul Verma,UK,North,Office Supplies,Phones,1967,-111,1,0
ORD01226,18-02-2021,26-02-2021,Priya,Brown,Priya Brown,Canada,West,Furniture,Phones,165,-40,1,0
ORD01227,01-08-2022,07-08-2022,Rahul,Brown,Rahul Brown,Canada,West,Technology,Chairs,1743,184,1,0.2
ORD01228,05-07-2022,11-07-2022,Rahul,Verma,RahulVerma,Canada,South,OfficeSupplies,Storage,803,71,14,0
ORD01229,24-11-2021,25-11-2021,Priya,Verma,Priya Verma,Australia,South,Technology,Storage,137,40,7,0.2
ORD01230,23-08-2021,24-08-2021,Noah,Smith,Noah Smith,Australia,South,Furniture,Tables,1838,66,11,0.1
ORD01231,25-06-2021,29-06-2021,Ava,Verma,Ava Verma,Canada,South,Furniture,Tables,1901,-402,5,0
ORD01232,12-01-2021,22-01-2021,Emma,Patel,EmmaPatel,Canada,East,OfficeSupplies,Tables,305,-88,13,0.1
ORD01233,07-07-2021,09-07-2021,Amit,Patel,Amit Patel,Canada,North,Furniture,Chairs,529,-71,1,0.2
ORD01234,17-02-2022,18-02-2022,John,Smith,John Smith,USA,West,Office Supplies,Storage,424,-34,2,0
ORD01235,01-10-2021,07-10-2021,Priya,Sharma,Priya Sharma,USA,West,Furniture,Binders,659,197,2,0
ORD01236,22-11-2022,02-12-2022,Priya,Smith,Priya Smith,Canada,West,Office Supplies,Storage,950,-97,13,0.1
ORD01237,21-06-2022,25-06-2022,Liam,Verma,Liam Verma,India,West,Furniture,Storage,206,6,3,0
ORD01238,26-03-2022,30-03-2022,Rahul,Patel,RahulPatel,India,North,Furniture,Chairs,1192,224,9,0
ORD01239,11-02-2021,16-02-2021,Rahul,Patel,Rahul Patel,India,West,Furniture,Binders,1148,-198,1,0
ORD01240,17-08-2022,25-08-2022,Ava,Sharma,Ava Sharma,USA,North,Technology,Chairs,1237,112,13,0
ORD01241,08-03-2022,12-03-2022,Rahul,Anderson,Rahul Anderson,Canada,East,Technology,Tables,400,107,4,0
ORD01242,19-09-2021,29-09-2021,Amit,Anderson,Amit Anderson,Canada,South,Furniture,Chairs,1451,106,8,0.1
ORD01243,04-12-2022,12-12-2022,John,Brown,John Brown,UK,East,Furniture,Phones,1648,-144,3,0.2
ORD01244,11-08-2021,18-08-2021,John,Anderson,John Anderson,USA,South,Technology,Chairs,496,74,13,0.1
ORD01245,03-07-2021,05-07-2021,Sneha,Anderson,Sneha Anderson,UK,South,Office Supplies,Accessories,141,-14,12,0.1
ORD01246,27-05-2021,30-05-2021,John,Verma,JohnVerma,UK,West,OfficeSupplies,Tables,1054,204,12,0
ORD01247,17-01-2022,24-01-2022,Rahul,Verma,Rahul Verma,UK,West,Furniture,Tables,602,159,10,0.1
ORD01248,27-04-2022,05-05-2022,Rahul,Taylor,Rahul Taylor,USA,West,Furniture,Phones,1512,-275,2,0.1
ORD01249,30-01-2022,02-02-2022,Noah,Sharma,Noah Sharma,Canada,South,Technology,Phones,1598,209,8,0
ORD01250,09-08-2022,15-08-2022,John,Smith,John Smith,Australia,West,Furniture,Accessories,64,-3,9,0.1
ORD01251,27-08-2022,04-09-2022,John,Johnson,John Johnson,Australia,East,Office Supplies,Chairs,1520,242,14,0
ORD01252,02-07-2022,03-07-2022,Priya,Taylor,Priya Taylor,Canada,West,Technology,Chairs,949,-124,12,0.1
ORD01253,03-01-2021,06-01-2021,Sneha,Anderson,SnehaAnderson,Canada,East,OfficeSupplies,Phones,1803,137,9,0.1
ORD01254,25-10-2021,30-10-2021,Liam,Smith,Liam Smith,USA,South,Technology,Tables,280,-20,6,0
ORD01255,02-03-2022,08-03-2022,Priya,Taylor,Priya Taylor,Australia,West,Furniture,Binders,1469,282,15,0.2
ORD01256,24-06-2022,26-06-2022,Rahul,Verma,Rahul Verma,Australia,South,Technology,Binders,932,-43,1,0.1
ORD01257,22-05-2021,26-05-2021,Rahul,Anderson,Rahul Anderson,India,South,Furniture,Binders,1343,346,8,0
ORD01258,18-07-2021,25-07-2021,Sneha,Brown,SnehaBrown,India,East,Technology,Binders,1234,404,8,0.1
ORD01259,24-09-2021,29-09-2021,Liam,Sharma,Liam Sharma,India,South,Office Supplies,Binders,450,117,15,0
ORD01260,21-12-2021,30-12-2021,Ava,Verma,Ava Verma,Canada,South,Furniture,Phones,1710,-179,2,0
ORD01261,28-08-2021,31-08-2021,Olivia,Brown,Olivia Brown,USA,South,Furniture,Accessories,1366,266,4,0
ORD01262,05-08-2021,09-08-2021,Amit,Verma,Amit Verma,UK,West,Furniture,Phones,1934,-10,3,0.1
ORD01263,14-08-2021,21-08-2021,Liam,Brown,LiamBrown,UK,South,Technology,Phones,1643,-422,11,0.1
ORD01264,06-01-2021,12-01-2021,Noah,Smith,Noah Smith,UK,West,Technology,Tables,136,-12,14,0.1
ORD01265,25-03-2021,02-04-2021,Amit,Patel,Amit Patel,India,West,Office Supplies,Tables,1159,-253,8,0
ORD01266,16-07-2021,26-07-2021,Olivia,Anderson,OliviaAnderson,India,North,OfficeSupplies,Accessories,1891,489,6,0
ORD01267,08-10-2022,17-10-2022,Priya,Verma,PriyaVerma,India,North,Furniture,Phones,1168,19,1,0
ORD01268,26-01-2021,30-01-2021,Rahul,Verma,Rahul Verma,Canada,North,Furniture,Phones,238,-8,11,0.2
ORD01269,28-04-2021,30-04-2021,Priya,Taylor,Priya Taylor,Canada,East,Office Supplies,Accessories,1208,-70,4,0
ORD01270,23-02-2021,01-03-2021,Noah,Sharma,NoahSharma,Canada,East,Furniture,Chairs,86,29,2,0.2
ORD01271,16-09-2022,24-09-2022,Sneha,Verma,Sneha Verma,India,East,Technology,Accessories,1720,-218,1,0
ORD01272,08-01-2022,15-01-2022,Rahul,Verma,Rahul Verma,USA,East,Furniture,Phones,1624,-351,10,0.1
ORD01273,26-11-2021,30-11-2021,Ava,Johnson,AvaJohnson,USA,East,Furniture,Storage,1769,-167,7,0
ORD01274,20-01-2021,29-01-2021,Ava,Anderson,Ava Anderson,India,West,Office Supplies,Accessories,1574,222,9,0.1
ORD01275,16-06-2021,19-06-2021,Priya,Smith,Priya Smith,UK,South,Office Supplies,Phones,1980,518,13,0.1
ORD01276,05-12-2021,13-12-2021,Sneha,Sharma,Sneha Sharma,Australia,North,Technology,Storage,1315,-378,15,0.2
ORD01277,02-05-2021,09-05-2021,Noah,Smith,NoahSmith,Australia,North,OfficeSupplies,Accessories,1759,94,14,0.1
ORD01278,12-11-2021,22-11-2021,Amit,Smith,AmitSmith,Australia,East,Technology,Phones,1055,-147,6,0.1
ORD01279,18-04-2021,21-04-2021,Emma,Anderson,Emma Anderson,USA,South,Furniture,Tables,1750,330,10,0
ORD01280,11-11-2021,19-11-2021,Rahul,Sharma,Rahul Sharma,India,South,Furniture,Tables,727,-193,14,0
ORD01281,17-04-2021,25-04-2021,Rahul,Anderson,RahulAnderson,India,South,Technology,Storage,574,-41,9,0
ORD01282,30-08-2021,02-09-2021,John,Taylor,John Taylor,Australia,East,Technology,Tables,801,-146,3,0
ORD01283,09-08-2021,15-08-2021,John,Brown,John Brown,India,West,Technology,Tables,1408,229,8,0.2
ORD01284,30-11-2022,07-12-2022,Olivia,Patel,Olivia Patel,India,East,Furniture,Accessories,986,-156,5,0
ORD01285,01-08-2022,07-08-2022,Noah,Brown,Noah Brown,Australia,West,Technology,Chairs,380,88,1,0.1
ORD01286,01-07-2021,08-07-2021,Noah,Sharma,Noah Sharma,USA,North,Furniture,Storage,685,143,8,0.1
ORD01287,12-04-2022,19-04-2022,Rahul,Taylor,Rahul Taylor,Canada,West,Office Supplies,Storage,1877,-447,12,0
ORD01288,01-06-2022,08-06-2022,Olivia,Brown,Olivia Brown,UK,South,Furniture,Chairs,1314,37,11,0
ORD01289,30-10-2021,02-11-2021,John,Brown,John Brown,Australia,West,Office Supplies,Chairs,1013,-194,7,0.1
ORD01290,02-02-2021,07-02-2021,Olivia,Brown,Olivia Brown,India,West,Technology,Phones,342,30,7,0.1
ORD01291,29-09-2021,07-10-2021,Priya,Johnson,Priya Johnson,India,East,Technology,Accessories,1122,-237,1,0
ORD01292,01-05-2022,11-05-2022,Noah,Sharma,NoahSharma,India,South,OfficeSupplies,Phones,636,4,6,0
ORD01293,08-01-2021,11-01-2021,Ava,Johnson,Ava Johnson,Australia,East,Furniture,Tables,999,12,8,0.1
ORD01294,12-07-2022,17-07-2022,Noah,Johnson,Noah Johnson,UK,East,Office Supplies,Chairs,425,120,7,0.1
ORD01295,28-04-2022,05-05-2022,Olivia,Johnson,OliviaJohnson,UK,South,OfficeSupplies,Chairs,1887,375,4,0
ORD01296,16-10-2022,18-10-2022,Liam,Johnson,Liam Johnson,UK,East,Furniture,Binders,774,237,1,0
ORD01297,28-05-2021,06-06-2021,Amit,Taylor,Amit Taylor,UK,West,Technology,Binders,201,-14,11,0.1
ORD01298,11-05-2021,12-05-2021,Olivia,Johnson,OliviaJohnson,UK,West,Technology,Tables,128,38,1,0.1
ORD01299,27-06-2022,02-07-2022,Ava,Verma,Ava Verma,Canada,West,Furniture,Chairs,554,105,6,0.1
ORD01300,27-05-2022,28-05-2022,Amit,Brown,Amit Brown,Australia,North,Technology,Chairs,242,30,1,0
ORD01301,29-04-2022,04-05-2022,Sneha,Smith,Sneha Smith,Canada,North,Technology,Phones,402,-52,7,0.1
ORD01302,16-12-2021,25-12-2021,Rahul,Patel,Rahul Patel,India,West,Office Supplies,Accessories,197,-54,6,0.1
ORD01303,04-03-2022,06-03-2022,Liam,Patel,Liam Patel,UK,North,Office Supplies,Chairs,875,2,6,0.1
ORD01304,10-01-2022,18-01-2022,Sneha,Brown,Sneha Brown,India,West,Furniture,Accessories,1158,337,5,0
ORD01305,22-07-2021,24-07-2021,Noah,Smith,Noah Smith,UK,West,Technology,Phones,1709,-193,5,0
ORD01306,18-07-2021,19-07-2021,Olivia,Verma,Olivia Verma,USA,South,Furniture,Storage,1617,305,14,0.1
ORD01307,19-10-2021,22-10-2021,Emma,Sharma,Emma Sharma,UK,North,Office Supplies,Chairs,549,184,2,0.1
ORD01308,07-01-2021,16-01-2021,Liam,Verma,Liam Verma,India,South,Office Supplies,Chairs,1094,223,9,0.1
ORD01309,22-08-2022,23-08-2022,Sneha,Johnson,Sneha Johnson,India,East,Office Supplies,Storage,311,63,7,0.1
ORD01310,11-07-2021,16-07-2021,Noah,Verma,Noah Verma,UK,East,Furniture,Storage,1536,437,12,0
ORD01311,11-04-2021,16-04-2021,Olivia,Johnson,OliviaJohnson,UK,North,OfficeSupplies,Phones,1843,-278,1,0
ORD01312,12-05-2021,19-05-2021,Rahul,Sharma,Rahul Sharma,UK,South,Furniture,Storage,1580,93,3,0.1
ORD01313,13-12-2022,18-12-2022,Ava,Sharma,Ava Sharma,Canada,East,Technology,Tables,1758,108,13,0.1
ORD01314,22-06-2021,26-06-2021,Priya,Sharma,Priya Sharma,UK,South,Technology,Phones,328,-59,3,0
ORD01315,23-09-2022,25-09-2022,Olivia,Smith,Olivia Smith,USA,North,Furniture,Tables,1466,343,12,0.2
ORD01316,22-02-2022,04-03-2022,Priya,Patel,Priya Patel,Canada,East,Furniture,Chairs,1113,-105,8,0
ORD01317,02-01-2021,03-01-2021,Sneha,Brown,Sneha Brown,Canada,West,Technology,Phones,1846,36,3,0.1
ORD01318,12-11-2021,17-11-2021,Liam,Johnson,Liam Johnson,UK,East,Furniture,Tables,781,-109,2,0
ORD01319,14-01-2021,20-01-2021,Ava,Brown,Ava Brown,Australia,East,Technology,Tables,1784,563,14,0
ORD01320,17-03-2022,18-03-2022,Priya,Anderson,Priya Anderson,UK,North,Technology,Tables,1670,379,5,0.1
ORD01321,12-09-2021,19-09-2021,Liam,Taylor,Liam Taylor,USA,North,Office Supplies,Accessories,1618,-15,7,0.2
ORD01322,19-06-2021,27-06-2021,Sneha,Sharma,Sneha Sharma,UK,South,Technology,Tables,1794,-28,1,0.1
ORD01323,14-08-2021,15-08-2021,Amit,Johnson,Amit Johnson,Canada,North,Technology,Tables,673,6,10,0
ORD01324,12-02-2022,17-02-2022,Noah,Brown,Noah Brown,India,West,Office Supplies,Tables,1406,-145,1,0
ORD01325,19-09-2021,23-09-2021,Liam,Anderson,Liam Anderson,Australia,West,Furniture,Tables,939,214,11,0.1
ORD01326,20-10-2021,26-10-2021,Priya,Brown,Priya Brown,Australia,North,Technology,Tables,1873,594,6,0.1
ORD01327,29-05-2022,30-05-2022,Priya,Taylor,Priya Taylor,USA,West,Technology,Tables,1777,-163,2,0.1
ORD01328,15-02-2021,16-02-2021,John,Brown,John Brown,Canada,West,Furniture,Tables,860,-228,3,0.2
ORD01329,01-04-2022,04-04-2022,Liam,Taylor,Liam Taylor,UK,West,Technology,Chairs,1362,57,14,0.2
ORD01330,13-12-2022,14-12-2022,Rahul,Johnson,Rahul Johnson,India,East,Technology,Chairs,1989,36,4,0.1
ORD01331,07-05-2022,14-05-2022,Amit,Taylor,Amit Taylor,USA,East,Office Supplies,Tables,1859,463,12,0.2
ORD01332,21-04-2021,28-04-2021,Priya,Taylor,Priya Taylor,USA,West,Technology,Tables,924,323,11,0
ORD01333,22-06-2022,27-06-2022,Priya,Sharma,Priya Sharma,UK,South,Furniture,Tables,1018,118,1,0.2
ORD01334,21-07-2022,22-07-2022,Ava,Anderson,Ava Anderson,UK,East,Technology,Tables,1390,314,9,0.2
ORD01335,27-09-2021,04-10-2021,Noah,Brown,Noah Brown,Canada,West,Technology,Storage,306,-19,13,0.1
ORD01336,08-01-2021,10-01-2021,Rahul,Verma,Rahul Verma,India,North,Furniture,Chairs,446,-36,3,0
ORD01337,21-07-2021,31-07-2021,John,Taylor,JohnTaylor,India,East,Technology,Binders,194,-24,15,0
ORD01338,26-06-2021,06-07-2021,Sneha,Johnson,Sneha Johnson,USA,North,Furniture,Storage,847,207,5,0
ORD01339,27-06-2022,30-06-2022,Liam,Verma,LiamVerma,USA,North,Technology,Storage,1631,-370,8,0.1
ORD01340,14-08-2022,20-08-2022,Noah,Smith,Noah Smith,India,South,Furniture,Storage,1648,556,15,0
ORD01341,18-03-2021,22-03-2021,Rahul,Verma,Rahul Verma,UK,North,Office Supplies,Phones,1053,-242,4,0.1
ORD01342,23-11-2021,25-11-2021,Olivia,Johnson,Olivia Johnson,Canada,West,Furniture,Binders,737,152,15,0
ORD01343,24-02-2022,01-03-2022,Liam,Smith,Liam Smith,India,South,Technology,Storage,317,99,11,0.1
ORD01344,27-03-2021,05-04-2021,Priya,Patel,Priya Patel,UK,South,Office Supplies,Storage,1430,-372,2,0.2
ORD01345,25-11-2022,28-11-2022,Olivia,Smith,Olivia Smith,India,West,Office Supplies,Accessories,336,-95,12,0.2
ORD01346,24-02-2022,06-03-2022,Amit,Taylor,Amit Taylor,Canada,South,Furniture,Storage,1657,-57,12,0.1
ORD01347,05-05-2021,13-05-2021,Sneha,Patel,Sneha Patel,India,South,Office Supplies,Binders,462,109,15,0.1
ORD01348,26-09-2021,01-10-2021,Liam,Patel,Liam Patel,India,East,Technology,Phones,433,121,5,0
ORD01349,12-11-2021,19-11-2021,Ava,Smith,AvaSmith,India,East,OfficeSupplies,Accessories,1853,306,10,0
ORD01350,29-10-2021,31-10-2021,Emma,Smith,Emma Smith,Australia,South,Furniture,Accessories,550,168,10,0.1
ORD01351,25-09-2022,27-09-2022,Sneha,Patel,Sneha Patel,Australia,East,Technology,Storage,1812,537,3,0.1
ORD01352,04-06-2021,08-06-2021,John,Brown,John Brown,UK,East,Technology,Phones,794,195,12,0
ORD01353,14-06-2021,24-06-2021,Liam,Brown,Liam Brown,Canada,East,Furniture,Binders,1025,-3,9,0.2
ORD01354,05-02-2021,09-02-2021,Sneha,Taylor,Sneha Taylor,Australia,North,Office Supplies,Storage,102,35,5,0
ORD01355,03-08-2022,09-08-2022,Sneha,Sharma,Sneha Sharma,USA,North,Furniture,Phones,990,-152,10,0.2
ORD01356,01-11-2021,09-11-2021,Noah,Sharma,Noah Sharma,UK,East,Technology,Accessories,1328,-94,7,0.2
ORD01357,22-10-2021,29-10-2021,Noah,Anderson,Noah Anderson,UK,South,Technology,Storage,544,-44,4,0.1
ORD01358,25-02-2022,02-03-2022,Rahul,Taylor,Rahul Taylor,India,North,Office Supplies,Accessories,574,138,15,0
ORD01359,11-02-2021,18-02-2021,Rahul,Sharma,RahulSharma,India,North,OfficeSupplies,Accessories,615,116,13,0.2
ORD01360,07-04-2021,09-04-2021,Ava,Johnson,Ava Johnson,Canada,West,Furniture,Accessories,606,198,11,0.1
ORD01361,29-08-2021,01-09-2021,Emma,Smith,Emma Smith,Australia,West,Office Supplies,Phones,1677,550,4,0.1
ORD01362,08-02-2022,10-02-2022,Priya,Anderson,PriyaAnderson,Australia,West,Furniture,Tables,1941,98,11,0.2
ORD01363,14-05-2022,18-05-2022,Liam,Smith,Liam Smith,Canada,South,Office Supplies,Tables,984,240,15,0
ORD01364,07-07-2022,10-07-2022,Emma,Johnson,Emma Johnson,India,South,Furniture,Chairs,1078,252,12,0.1
ORD01365,31-10-2021,01-11-2021,Rahul,Smith,Rahul Smith,India,South,Furniture,Storage,679,-46,12,0.1
ORD01366,17-02-2021,22-02-2021,Priya,Anderson,Priya Anderson,USA,East,Furniture,Storage,1937,-506,10,0
ORD01367,20-04-2022,23-04-2022,Priya,Sharma,Priya Sharma,Canada,East,Office Supplies,Storage,816,24,3,0.1
ORD01368,03-12-2022,06-12-2022,Emma,Taylor,Emma Taylor,India,West,Technology,Storage,127,-22,1,0
ORD01369,19-02-2022,27-02-2022,Emma,Patel,EmmaPatel,India,East,Technology,Tables,1213,165,8,0.1
ORD01370,13-09-2021,15-09-2021,Amit,Verma,Amit Verma,Australia,West,Furniture,Binders,1712,-486,13,0.1
ORD01371,18-06-2022,28-06-2022,Rahul,Taylor,Rahul Taylor,UK,West,Technology,Tables,785,-227,9,0
ORD01372,28-12-2021,04-01-2022,Priya,Taylor,Priya Taylor,India,West,Office Supplies,Binders,53,14,2,0
ORD01373,15-04-2022,17-04-2022,Olivia,Sharma,Olivia Sharma,USA,West,Furniture,Binders,1962,-109,10,0.1
ORD01374,17-06-2021,22-06-2021,John,Smith,John Smith,Australia,East,Technology,Binders,1940,-309,15,0
ORD01375,29-06-2021,08-07-2021,Noah,Brown,Noah Brown,India,West,Technology,Accessories,395,-24,5,0.2
ORD01376,02-07-2021,08-07-2021,Noah,Sharma,Noah Sharma,Canada,West,Office Supplies,Binders,246,19,14,0.2
ORD01377,05-11-2021,13-11-2021,Olivia,Anderson,OliviaAnderson,Canada,East,Furniture,Accessories,178,40,12,0.1
ORD01378,28-11-2021,06-12-2021,Noah,Taylor,Noah Taylor,India,West,Technology,Storage,1377,372,2,0
ORD01379,28-01-2022,07-02-2022,Liam,Smith,LiamSmith,India,North,Technology,Storage,433,-33,14,0
ORD01380,27-10-2022,06-11-2022,Liam,Johnson,Liam Johnson,UK,North,Furniture,Tables,1504,-318,10,0
ORD01381,02-06-2022,08-06-2022,Liam,Sharma,Liam Sharma,India,South,Furniture,Tables,800,-55,3,0.2
ORD01382,19-02-2021,27-02-2021,Rahul,Taylor,Rahul Taylor,Australia,West,Furniture,Tables,1647,342,12,0.1
ORD01383,18-06-2021,28-06-2021,Ava,Brown,Ava Brown,Canada,West,Furniture,Binders,212,27,4,0
ORD01384,21-06-2021,29-06-2021,Priya,Johnson,PriyaJohnson,Canada,East,Furniture,Chairs,606,199,14,0
ORD01385,14-06-2022,15-06-2022,Amit,Smith,Amit Smith,Australia,North,Furniture,Phones,1369,-97,8,0.1
ORD01386,05-05-2022,08-05-2022,Sneha,Johnson,Sneha Johnson,India,East,Technology,Chairs,104,-15,15,0.2
ORD01387,16-10-2022,20-10-2022,Amit,Sharma,Amit Sharma,Canada,South,Technology,Chairs,1934,-101,15,0.2
ORD01388,15-03-2021,19-03-2021,Noah,Taylor,Noah Taylor,Australia,South,Furniture,Storage,527,-110,4,0.2
ORD01389,20-06-2022,29-06-2022,Noah,Brown,Noah Brown,UK,South,Office Supplies,Chairs,1840,287,8,0.1
ORD01390,05-02-2021,10-02-2021,Rahul,Patel,Rahul Patel,Australia,East,Furniture,Storage,942,-168,4,0.1
ORD01391,25-08-2022,04-09-2022,Olivia,Verma,Olivia Verma,Canada,South,Technology,Chairs,708,-68,12,0.1
ORD01392,19-02-2022,25-02-2022,Liam,Sharma,Liam Sharma,Canada,South,Furniture,Chairs,223,-64,4,0.2
ORD01393,30-06-2021,03-07-2021,Sneha,Smith,Sneha Smith,Australia,West,Furniture,Storage,1993,120,7,0.2
ORD01394,05-01-2022,07-01-2022,Olivia,Verma,Olivia Verma,Canada,North,Office Supplies,Storage,1321,40,15,0.1
ORD01395,14-03-2022,16-03-2022,Amit,Anderson,Amit Anderson,USA,East,Office Supplies,Storage,1632,-222,8,0.2
ORD01396,14-05-2022,20-05-2022,Sneha,Sharma,Sneha Sharma,UK,South,Furniture,Chairs,1840,-468,8,0.1
ORD01397,03-02-2021,04-02-2021,Olivia,Patel,Olivia Patel,USA,East,Furniture,Binders,1157,284,2,0
ORD01398,18-01-2022,22-01-2022,Olivia,Brown,Olivia Brown,India,East,Furniture,Tables,711,-40,9,0
ORD01399,15-09-2021,20-09-2021,Amit,Verma,Amit Verma,UK,East,Office Supplies,Accessories,1298,243,13,0
ORD01400,14-09-2021,20-09-2021,Priya,Sharma,Priya Sharma,Canada,West,Technology,Chairs,426,69,10,0.1
ORD01401,21-07-2022,29-07-2022,John,Smith,John Smith,USA,North,Technology,Accessories,1369,-403,14,0
ORD01402,10-03-2022,19-03-2022,Priya,Sharma,Priya Sharma,Canada,South,Furniture,Accessories,1612,154,13,0.2
ORD01403,17-01-2021,25-01-2021,Ava,Patel,AvaPatel,Canada,East,Furniture,Binders,907,-145,6,0.1
ORD01404,30-09-2022,08-10-2022,Ava,Anderson,AvaAnderson,Canada,East,Furniture,Chairs,393,-72,13,0
ORD01405,04-05-2022,10-05-2022,Olivia,Johnson,Olivia Johnson,UK,East,Furniture,Tables,631,160,11,0.1
ORD01406,28-10-2022,30-10-2022,Emma,Sharma,Emma Sharma,UK,West,Office Supplies,Phones,1887,-548,3,0.1
ORD01407,09-01-2021,17-01-2021,Amit,Anderson,Amit Anderson,USA,South,Furniture,Phones,821,201,5,0.1
ORD01408,31-07-2022,02-08-2022,Ava,Smith,Ava Smith,Canada,North,Office Supplies,Phones,1108,33,4,0.2
ORD01409,28-08-2021,06-09-2021,Ava,Verma,AvaVerma,Canada,South,Technology,Accessories,1575,474,2,0.2
ORD01410,05-01-2021,07-01-2021,Olivia,Verma,Olivia Verma,USA,East,Furniture,Storage,1699,62,1,0.1
ORD01411,15-07-2022,16-07-2022,Liam,Sharma,Liam Sharma,India,West,Furniture,Storage,1640,-229,1,0
ORD01412,16-11-2022,25-11-2022,Amit,Johnson,Amit Johnson,Canada,West,Technology,Accessories,1644,460,10,0.1
ORD01413,08-10-2022,16-10-2022,Olivia,Verma,OliviaVerma,Canada,East,Furniture,Accessories,361,106,8,0.1
ORD01414,28-01-2022,03-02-2022,Liam,Johnson,Liam Johnson,Australia,East,Furniture,Accessories,1797,-94,4,0
ORD01415,22-09-2022,25-09-2022,Noah,Smith,Noah Smith,UK,West,Technology,Accessories,833,-183,2,0
ORD01416,08-02-2022,14-02-2022,Rahul,Brown,Rahul Brown,USA,East,Office Supplies,Accessories,361,-9,5,0
ORD01417,18-11-2021,27-11-2021,Priya,Verma,Priya Verma,India,West,Office Supplies,Chairs,1339,-108,1,0.2
ORD01418,04-06-2022,11-06-2022,Noah,Sharma,Noah Sharma,UK,East,Furniture,Chairs,157,17,13,0.1
ORD01419,02-02-2022,05-02-2022,Sneha,Taylor,Sneha Taylor,Australia,North,Office Supplies,Tables,1351,259,12,0.1
ORD01420,09-01-2021,18-01-2021,John,Taylor,John Taylor,Australia,West,Furniture,Tables,1486,62,13,0.1
ORD01421,17-03-2022,22-03-2022,Emma,Anderson,Emma Anderson,Canada,South,Technology,Phones,358,8,9,0
ORD01422,15-07-2022,23-07-2022,Liam,Johnson,LiamJohnson,Canada,South,OfficeSupplies,Phones,240,23,13,0.1
ORD01423,10-02-2021,18-02-2021,Priya,Patel,Priya Patel,Canada,South,Furniture,Accessories,175,-2,8,0.2
ORD01424,06-05-2022,11-05-2022,Olivia,Smith,Olivia Smith,UK,South,Furniture,Binders,238,28,1,0
ORD01425,29-09-2022,04-10-2022,Noah,Johnson,Noah Johnson,Canada,South,Technology,Tables,1736,412,5,0.2
ORD01426,02-07-2022,07-07-2022,Olivia,Smith,Olivia Smith,UK,East,Furniture,Accessories,137,24,10,0.1
ORD01427,30-12-2021,02-01-2022,Amit,Verma,Amit Verma,UK,North,Technology,Chairs,172,17,8,0
ORD01428,10-10-2021,13-10-2021,Ava,Anderson,Ava Anderson,Australia,North,Technology,Binders,1048,-251,14,0.2
ORD01429,24-04-2022,02-05-2022,Liam,Brown,Liam Brown,Australia,North,Technology,Chairs,1757,-15,12,0
ORD01430,21-09-2022,29-09-2022,Priya,Patel,PriyaPatel,Australia,North,Technology,Tables,772,114,1,0
ORD01431,12-12-2021,15-12-2021,Sneha,Sharma,Sneha Sharma,Australia,North,Technology,Chairs,571,-2,6,0
ORD01432,11-06-2021,17-06-2021,Emma,Anderson,Emma Anderson,USA,North,Furniture,Phones,537,-57,9,0.2
ORD01433,01-12-2021,10-12-2021,John,Verma,John Verma,Australia,East,Furniture,Tables,974,-62,15,0
ORD01434,02-12-2022,05-12-2022,Amit,Verma,Amit Verma,Australia,West,Furniture,Accessories,1120,-276,7,0
ORD01435,20-06-2021,29-06-2021,Amit,Anderson,Amit Anderson,India,West,Technology,Binders,97,-5,6,0.1
ORD01436,06-04-2021,10-04-2021,Noah,Smith,Noah Smith,Canada,West,Furniture,Tables,1304,-350,9,0.1
ORD01437,08-06-2021,13-06-2021,Liam,Taylor,LiamTaylor,Canada,South,Furniture,Tables,1889,3,9,0
ORD01438,08-01-2021,09-01-2021,Rahul,Johnson,RahulJohnson,Canada,South,Technology,Binders,1440,249,1,0.1
ORD01439,12-10-2021,13-10-2021,John,Taylor,John Taylor,Australia,South,Office Supplies,Accessories,1648,238,12,0
ORD01440,01-08-2021,06-08-2021,Priya,Sharma,Priya Sharma,USA,South,Office Supplies,Chairs,1591,-1,13,0.1
ORD01441,19-10-2022,23-10-2022,Ava,Taylor,Ava Taylor,India,North,Office Supplies,Binders,256,32,4,0
ORD01442,20-08-2021,26-08-2021,Noah,Brown,Noah Brown,India,South,Furniture,Tables,615,150,10,0
ORD01443,19-07-2022,29-07-2022,Ava,Taylor,Ava Taylor,UK,West,Technology,Accessories,1099,183,13,0
ORD01444,16-09-2022,21-09-2022,Noah,Verma,Noah Verma,UK,West,Office Supplies,Accessories,1736,-370,13,0.2
ORD01445,16-12-2022,24-12-2022,John,Brown,John Brown,Australia,West,Technology,Storage,1185,341,15,0.1
ORD01446,09-06-2021,12-06-2021,Rahul,Brown,Rahul Brown,Canada,South,Office Supplies,Accessories,359,-27,2,0.1
ORD01447,15-03-2022,21-03-2022,John,Taylor,John Taylor,UK,West,Furniture,Accessories,355,-104,9,0
ORD01448,03-05-2022,04-05-2022,Amit,Anderson,Amit Anderson,USA,West,Office Supplies,Phones,689,240,3,0.2
ORD01449,10-02-2022,11-02-2022,Noah,Brown,Noah Brown,Canada,East,Office Supplies,Binders,190,19,1,0.1
ORD01450,25-09-2021,01-10-2021,Amit,Taylor,Amit Taylor,USA,North,Technology,Chairs,1212,307,11,0
ORD01451,14-12-2021,22-12-2021,Rahul,Patel,Rahul Patel,UK,South,Furniture,Chairs,75,-10,4,0.1
ORD01452,24-06-2021,03-07-2021,Sneha,Verma,Sneha Verma,USA,South,Office Supplies,Phones,1807,265,8,0.1
ORD01453,11-06-2021,17-06-2021,Noah,Brown,NoahBrown,USA,East,Furniture,Accessories,845,-245,2,0.1
ORD01454,23-03-2022,31-03-2022,Liam,Patel,LiamPatel,USA,North,OfficeSupplies,Accessories,436,1,4,0.1
ORD01455,08-11-2021,13-11-2021,Ava,Taylor,Ava Taylor,UK,East,Furniture,Chairs,1941,-54,7,0.2
ORD01456,15-12-2021,23-12-2021,Noah,Smith,Noah Smith,Australia,West,Office Supplies,Accessories,380,-111,1,0
ORD01457,27-09-2021,03-10-2021,Noah,Sharma,Noah Sharma,USA,North,Office Supplies,Accessories,1623,145,1,0
ORD01458,05-04-2022,15-04-2022,Liam,Brown,LiamBrown,USA,East,Furniture,Phones,1113,137,6,0
ORD01459,31-10-2022,10-11-2022,Amit,Johnson,Amit Johnson,UK,East,Office Supplies,Chairs,1578,344,13,0.1
ORD01460,11-08-2022,12-08-2022,Priya,Sharma,Priya Sharma,USA,North,Office Supplies,Chairs,635,-81,6,0
ORD01461,15-01-2022,20-01-2022,Olivia,Taylor,Olivia Taylor,USA,North,Furniture,Tables,1335,419,10,0.2
ORD01462,19-12-2022,20-12-2022,Priya,Patel,Priya Patel,India,South,Technology,Accessories,1618,330,7,0.1
ORD01463,31-01-2021,07-02-2021,Sneha,Anderson,Sneha Anderson,India,North,Furniture,Chairs,874,-241,11,0.2
ORD01464,16-02-2022,23-02-2022,Liam,Brown,Liam Brown,USA,South,Furniture,Tables,286,-32,5,0
ORD01465,16-04-2022,17-04-2022,Rahul,Patel,Rahul Patel,India,South,Furniture,Tables,883,79,9,0
ORD01466,21-08-2022,29-08-2022,John,Patel,John Patel,Canada,South,Office Supplies,Binders,584,-81,4,0
ORD01467,16-09-2022,20-09-2022,Olivia,Brown,OliviaBrown,Canada,South,Technology,Phones,34,7,8,0.2
ORD01468,13-02-2021,16-02-2021,Liam,Sharma,LiamSharma,Canada,East,Technology,Storage,930,78,13,0
ORD01469,27-01-2021,05-02-2021,Olivia,Verma,Olivia Verma,India,East,Technology,Storage,790,89,9,0.1
ORD01470,03-10-2021,08-10-2021,Noah,Smith,NoahSmith,India,East,OfficeSupplies,Storage,1299,196,14,0.1
ORD01471,18-08-2021,24-08-2021,Amit,Johnson,AmitJohnson,India,North,OfficeSupplies,Accessories,713,153,13,0.1
ORD01472,20-09-2021,28-09-2021,Liam,Patel,Liam Patel,Australia,North,Technology,Chairs,1229,347,5,0
ORD01473,16-03-2022,20-03-2022,Sneha,Anderson,Sneha Anderson,India,West,Office Supplies,Storage,1844,452,2,0.1
ORD01474,04-10-2022,07-10-2022,Rahul,Taylor,Rahul Taylor,USA,South,Furniture,Storage,324,-14,1,0.1
ORD01475,03-12-2021,13-12-2021,Sneha,Anderson,Sneha Anderson,UK,South,Technology,Tables,192,-32,15,0
ORD01476,30-01-2021,05-02-2021,Olivia,Smith,Olivia Smith,Canada,South,Technology,Tables,567,-68,8,0
ORD01477,14-09-2021,20-09-2021,Amit,Taylor,Amit Taylor,India,South,Furniture,Binders,346,104,14,0
ORD01478,04-01-2021,13-01-2021,Sneha,Patel,Sneha Patel,UK,North,Technology,Tables,1427,-385,7,0.1
ORD01479,16-01-2021,22-01-2021,Rahul,Patel,Rahul Patel,India,North,Furniture,Chairs,1915,-333,15,0
ORD01480,18-07-2021,26-07-2021,Noah,Patel,Noah Patel,Canada,South,Furniture,Storage,1978,-324,5,0
ORD01481,20-11-2021,26-11-2021,Liam,Sharma,Liam Sharma,UK,South,Technology,Storage,1004,-133,14,0.1
ORD01482,27-04-2022,04-05-2022,Olivia,Brown,OliviaBrown,UK,South,Technology,Accessories,131,-17,9,0
ORD01483,03-04-2021,11-04-2021,Amit,Verma,Amit Verma,UK,South,Office Supplies,Tables,471,-134,14,0
ORD01484,17-03-2021,27-03-2021,Rahul,Sharma,Rahul Sharma,India,West,Technology,Accessories,1409,-237,2,0
ORD01485,09-06-2021,14-06-2021,Olivia,Taylor,OliviaTaylor,India,North,Furniture,Chairs,1803,-105,4,0
ORD01486,10-02-2022,11-02-2022,Priya,Anderson,Priya Anderson,India,West,Furniture,Tables,1593,-197,1,0
ORD01487,31-12-2021,05-01-2022,John,Smith,John Smith,Canada,North,Furniture,Tables,98,-22,4,0.1
ORD01488,27-10-2021,04-11-2021,Priya,Verma,Priya Verma,India,East,Technology,Tables,233,18,3,0.1
ORD01489,22-02-2021,03-03-2021,Noah,Sharma,Noah Sharma,India,North,Office Supplies,Accessories,1921,621,11,0
ORD01490,14-09-2022,16-09-2022,Amit,Sharma,Amit Sharma,Australia,North,Office Supplies,Binders,537,-41,1,0.2
ORD01491,09-05-2021,16-05-2021,Priya,Verma,Priya Verma,USA,South,Technology,Chairs,1992,-409,1,0
ORD01492,11-09-2022,18-09-2022,Liam,Smith,Liam Smith,India,South,Technology,Chairs,1547,183,1,0.1
ORD01493,12-07-2021,22-07-2021,Sneha,Verma,Sneha Verma,Canada,South,Technology,Phones,499,34,7,0
ORD01494,12-10-2022,16-10-2022,Emma,Sharma,EmmaSharma,Canada,West,Technology,Binders,1773,363,2,0
ORD01495,16-08-2022,24-08-2022,Amit,Taylor,Amit Taylor,Australia,South,Technology,Storage,1421,-283,9,0.2
ORD01496,09-01-2021,14-01-2021,Noah,Anderson,Noah Anderson,UK,South,Furniture,Accessories,1675,149,14,0
ORD01497,24-04-2022,28-04-2022,Emma,Patel,Emma Patel,Canada,North,Office Supplies,Phones,1828,568,4,0.2
ORD01498,22-12-2021,01-01-2022,Ava,Anderson,AvaAnderson,Canada,South,OfficeSupplies,Binders,35,11,11,0
ORD01499,09-07-2021,18-07-2021,Amit,Brown,Amit Brown,UK,West,Technology,Tables,1009,193,3,0.1
ORD01500,19-03-2021,28-03-2021,Noah,Sharma,Noah Sharma,Australia,East,Office Supplies,Binders,782,70,4,0.1
ORD01501,14-12-2021,23-12-2021,John,Taylor,JohnTaylor,Australia,East,OfficeSupplies,Chairs,59,1,13,0.1
ORD01502,07-04-2021,12-04-2021,Ava,Patel,Ava Patel,USA,East,Furniture,Storage,676,-195,1,0.2
ORD01503,02-01-2022,11-01-2022,Rahul,Smith,Rahul Smith,Australia,East,Office Supplies,Storage,1568,-454,14,0.1
ORD01504,29-05-2021,02-06-2021,Olivia,Sharma,Olivia Sharma,UK,South,Office Supplies,Chairs,1539,-339,6,0.1
ORD01505,29-03-2021,04-04-2021,Noah,Verma,Noah Verma,Canada,South,Office Supplies,Tables,1783,-324,9,0.2
ORD01506,01-04-2022,08-04-2022,Ava,Johnson,Ava Johnson,UK,West,Office Supplies,Tables,1973,-505,4,0.1
ORD01507,27-10-2021,29-10-2021,John,Taylor,John Taylor,India,South,Furniture,Chairs,1864,472,11,0
ORD01508,11-06-2021,14-06-2021,Amit,Taylor,Amit Taylor,USA,West,Technology,Storage,1897,-141,5,0
ORD01509,20-11-2022,29-11-2022,Liam,Johnson,Liam Johnson,USA,West,Furniture,Storage,408,85,1,0.2
ORD01510,14-05-2022,23-05-2022,Ava,Brown,Ava Brown,USA,North,Technology,Accessories,927,140,6,0
ORD01511,26-09-2022,04-10-2022,Ava,Verma,Ava Verma,Australia,South,Furniture,Chairs,922,236,12,0
ORD01512,22-11-2022,30-11-2022,Amit,Smith,AmitSmith,Australia,West,OfficeSupplies,Accessories,887,-230,2,0
ORD01513,06-03-2022,07-03-2022,Rahul,Verma,Rahul Verma,USA,West,Furniture,Accessories,152,4,2,0.1
ORD01514,15-10-2021,21-10-2021,Rahul,Smith,Rahul Smith,USA,South,Technology,Binders,316,66,3,0.1
ORD01515,08-02-2022,15-02-2022,Noah,Taylor,Noah Taylor,Australia,South,Furniture,Accessories,350,116,14,0
ORD01516,04-10-2022,14-10-2022,Liam,Taylor,Liam Taylor,Australia,South,Office Supplies,Chairs,264,-35,13,0
ORD01517,18-04-2022,25-04-2022,Rahul,Smith,Rahul Smith,Canada,West,Furniture,Tables,428,-114,12,0
ORD01518,29-09-2022,06-10-2022,Ava,Taylor,Ava Taylor,Australia,West,Office Supplies,Chairs,1103,-317,12,0.1
ORD01519,24-11-2022,01-12-2022,Rahul,Taylor,RahulTaylor,Australia,East,Technology,Tables,577,-105,2,0.1
ORD01520,21-12-2021,26-12-2021,Amit,Sharma,AmitSharma,Australia,West,Furniture,Tables,1737,-115,15,0
ORD01521,28-01-2021,31-01-2021,Emma,Anderson,Emma Anderson,India,North,Furniture,Chairs,834,130,14,0.1
ORD01522,22-09-2022,23-09-2022,Rahul,Sharma,Rahul Sharma,Canada,West,Office Supplies,Binders,224,23,5,0
ORD01523,12-02-2022,13-02-2022,Amit,Sharma,Amit Sharma,Canada,West,Office Supplies,Accessories,846,-216,4,0.1
ORD01524,19-11-2021,22-11-2021,Olivia,Verma,Olivia Verma,India,West,Furniture,Accessories,1203,-337,4,0.2
ORD01525,02-02-2022,04-02-2022,Noah,Brown,Noah Brown,UK,West,Office Supplies,Tables,720,-158,1,0
ORD01526,24-07-2021,29-07-2021,Sneha,Patel,SnehaPatel,UK,West,Technology,Storage,525,-34,13,0
ORD01527,01-02-2022,09-02-2022,Rahul,Taylor,Rahul Taylor,Australia,West,Furniture,Storage,1544,-313,12,0
ORD01528,06-12-2022,12-12-2022,John,Johnson,John Johnson,UK,West,Technology,Storage,1652,435,2,0.2
ORD01529,01-07-2022,11-07-2022,Ava,Sharma,Ava Sharma,India,West,Office Supplies,Phones,1826,550,14,0
ORD01530,21-11-2022,27-11-2022,Liam,Brown,Liam Brown,Canada,East,Technology,Storage,1379,-171,15,0.1
ORD01531,29-11-2021,03-12-2021,Olivia,Verma,Olivia Verma,India,South,Furniture,Binders,1031,-309,6,0.1
ORD01532,14-03-2022,19-03-2022,Ava,Verma,Ava Verma,Canada,West,Furniture,Chairs,1054,-48,13,0
ORD01533,07-03-2022,12-03-2022,Olivia,Sharma,Olivia Sharma,USA,South,Office Supplies,Chairs,1052,0,6,0
ORD01534,27-06-2021,05-07-2021,Emma,Verma,Emma Verma,India,North,Technology,Chairs,970,-211,10,0
ORD01535,06-11-2022,11-11-2022,John,Smith,John Smith,USA,East,Technology,Chairs,1113,155,11,0.2
ORD01536,04-05-2021,07-05-2021,Priya,Patel,Priya Patel,India,South,Technology,Chairs,1858,438,2,0.2
ORD01537,12-06-2021,22-06-2021,Emma,Anderson,Emma Anderson,Australia,South,Office Supplies,Accessories,1096,-102,1,0.1
ORD01538,16-10-2022,25-10-2022,Rahul,Johnson,Rahul Johnson,Canada,South,Technology,Storage,1417,-133,4,0
ORD01539,02-01-2021,05-01-2021,Rahul,Taylor,Rahul Taylor,UK,East,Furniture,Phones,396,4,15,0.1
ORD01540,01-05-2021,03-05-2021,Noah,Sharma,Noah Sharma,Canada,East,Office Supplies,Phones,1914,372,9,0.1
ORD01541,21-04-2022,24-04-2022,Olivia,Anderson,Olivia Anderson,India,West,Office Supplies,Accessories,549,26,8,0.1
ORD01542,22-12-2021,01-01-2022,Sneha,Brown,Sneha Brown,USA,North,Technology,Accessories,1588,-152,7,0.1
ORD01543,06-07-2021,14-07-2021,Sneha,Verma,Sneha Verma,Australia,West,Office Supplies,Phones,1518,279,14,0.2
ORD01544,06-10-2021,09-10-2021,Priya,Verma,Priya Verma,India,North,Furniture,Phones,669,-133,5,0.1
ORD01545,22-04-2022,01-05-2022,Olivia,Patel,Olivia Patel,Australia,West,Technology,Phones,821,-238,11,0.2
ORD01546,26-07-2022,30-07-2022,Ava,Anderson,AvaAnderson,Australia,West,Furniture,Phones,516,-128,6,0.1
ORD01547,09-02-2022,18-02-2022,Sneha,Verma,Sneha Verma,Australia,East,Furniture,Storage,142,-18,3,0.1
ORD01548,20-11-2021,24-11-2021,Priya,Smith,Priya Smith,USA,East,Technology,Tables,1003,286,14,0
ORD01549,01-03-2022,05-03-2022,Emma,Anderson,EmmaAnderson,USA,North,OfficeSupplies,Storage,1761,407,14,0
ORD01550,31-07-2021,03-08-2021,Olivia,Patel,Olivia Patel,India,North,Technology,Binders,496,-106,1,0
ORD01551,24-09-2021,01-10-2021,Liam,Patel,Liam Patel,USA,North,Technology,Tables,811,256,6,0
ORD01552,01-01-2022,11-01-2022,Rahul,Brown,Rahul Brown,Australia,South,Office Supplies,Accessories,996,274,15,0
ORD01553,11-07-2021,17-07-2021,John,Sharma,JohnSharma,Australia,West,Furniture,Accessories,129,13,15,0.1
ORD01554,23-04-2021,01-05-2021,Ava,Brown,Ava Brown,UK,North,Technology,Accessories,458,122,1,0.2
ORD01555,27-04-2022,04-05-2022,Emma,Brown,Emma Brown,Australia,South,Office Supplies,Binders,299,32,13,0.2
ORD01556,27-08-2022,01-09-2022,Olivia,Brown,OliviaBrown,Australia,North,OfficeSupplies,Tables,1159,-302,1,0.2
ORD01557,23-03-2022,28-03-2022,Amit,Smith,AmitSmith,Australia,West,OfficeSupplies,Storage,88,14,12,0.1
ORD01558,14-09-2021,19-09-2021,Sneha,Anderson,Sneha Anderson,Canada,West,Technology,Binders,1351,-279,13,0.1
ORD01559,01-07-2021,03-07-2021,Noah,Sharma,Noah Sharma,USA,East,Technology,Storage,691,-205,14,0
ORD01560,30-09-2021,07-10-2021,Rahul,Anderson,RahulAnderson,USA,West,Technology,Storage,644,56,10,0.1
ORD01561,18-02-2022,26-02-2022,Emma,Smith,Emma Smith,Canada,North,Technology,Storage,1040,33,14,0
ORD01562,03-01-2022,11-01-2022,Ava,Sharma,Ava Sharma,UK,South,Furniture,Chairs,999,191,5,0.2
ORD01563,31-05-2021,03-06-2021,Noah,Anderson,Noah Anderson,USA,South,Office Supplies,Chairs,1442,-319,1,0
ORD01564,20-10-2021,24-10-2021,Ava,Smith,AvaSmith,USA,North,OfficeSupplies,Chairs,1468,-23,8,0.2
ORD01565,01-04-2022,09-04-2022,Noah,Anderson,Noah Anderson,India,East,Office Supplies,Binders,1880,183,4,0.1
ORD01566,18-09-2022,23-09-2022,Emma,Sharma,Emma Sharma,UK,North,Technology,Accessories,1386,183,7,0
ORD01567,30-08-2022,04-09-2022,Olivia,Anderson,Olivia Anderson,UK,East,Technology,Chairs,1428,104,8,0
ORD01568,20-07-2021,28-07-2021,Emma,Brown,Emma Brown,UK,South,Technology,Storage,559,177,5,0
ORD01569,03-10-2021,10-10-2021,Ava,Verma,Ava Verma,USA,South,Furniture,Accessories,1505,-378,13,0.1
ORD01570,20-04-2022,30-04-2022,Ava,Anderson,Ava Anderson,Canada,East,Furniture,Storage,798,-146,7,0
ORD01571,25-05-2021,31-05-2021,Olivia,Taylor,OliviaTaylor,Canada,South,Furniture,Tables,1929,294,12,0
ORD01572,09-09-2022,12-09-2022,John,Johnson,John Johnson,Canada,South,Furniture,Chairs,1493,-280,12,0
ORD01573,23-08-2022,01-09-2022,Priya,Johnson,PriyaJohnson,Canada,South,OfficeSupplies,Tables,770,126,6,0.2
ORD01574,10-03-2022,20-03-2022,Liam,Taylor,Liam Taylor,Canada,North,Furniture,Storage,1717,465,9,0
ORD01575,05-07-2022,09-07-2022,John,Sharma,John Sharma,Australia,West,Office Supplies,Tables,1883,293,10,0.1
ORD01576,17-03-2021,22-03-2021,Sneha,Johnson,Sneha Johnson,Australia,East,Office Supplies,Tables,1197,380,13,0
ORD01577,27-01-2021,04-02-2021,Ava,Taylor,Ava Taylor,UK,South,Office Supplies,Binders,580,65,8,0.2
ORD01578,16-09-2022,18-09-2022,Rahul,Verma,Rahul Verma,UK,South,Office Supplies,Phones,139,13,4,0.1
ORD01579,06-03-2021,07-03-2021,Amit,Verma,Amit Verma,Canada,South,Technology,Chairs,1575,471,10,0
ORD01580,21-04-2021,24-04-2021,Noah,Anderson,Noah Anderson,Canada,South,Office Supplies,Phones,1270,-194,7,0.2
ORD01581,13-07-2021,15-07-2021,Emma,Patel,Emma Patel,Australia,South,Furniture,Binders,48,15,1,0.2
ORD01582,06-05-2021,07-05-2021,Olivia,Verma,Olivia Verma,Canada,South,Office Supplies,Chairs,1628,-32,5,0
ORD01583,22-07-2022,25-07-2022,John,Smith,John Smith,UK,South,Technology,Chairs,831,161,8,0
ORD01584,23-07-2022,30-07-2022,Sneha,Patel,Sneha Patel,Australia,North,Furniture,Chairs,1815,-217,14,0.1
ORD01585,11-08-2021,21-08-2021,Noah,Johnson,Noah Johnson,Australia,North,Furniture,Storage,1702,-312,13,0
ORD01586,03-09-2022,13-09-2022,Amit,Verma,Amit Verma,USA,South,Furniture,Binders,1546,-60,4,0.2
ORD01587,28-02-2022,08-03-2022,Amit,Brown,Amit Brown,India,South,Office Supplies,Binders,1785,419,6,0
ORD01588,22-05-2022,29-05-2022,Liam,Sharma,LiamSharma,India,South,OfficeSupplies,Tables,1168,-346,5,0.2
ORD01589,04-11-2022,14-11-2022,Noah,Johnson,Noah Johnson,UK,East,Office Supplies,Tables,1235,157,15,0
ORD01590,05-10-2022,14-10-2022,Olivia,Sharma,Olivia Sharma,UK,South,Office Supplies,Binders,1871,179,15,0.1
ORD01591,19-10-2021,25-10-2021,Ava,Verma,Ava Verma,UK,South,Technology,Chairs,490,42,6,0.2
ORD01592,07-05-2021,17-05-2021,Noah,Johnson,NoahJohnson,UK,East,OfficeSupplies,Tables,1544,247,13,0.1
ORD01593,10-07-2022,16-07-2022,Amit,Smith,Amit Smith,Australia,West,Furniture,Binders,1024,133,11,0
ORD01594,24-04-2022,01-05-2022,Liam,Verma,Liam Verma,UK,South,Furniture,Binders,1365,5,14,0.1
ORD01595,11-04-2022,20-04-2022,Emma,Verma,Emma Verma,India,West,Furniture,Binders,763,-27,10,0
ORD01596,25-12-2021,31-12-2021,Noah,Smith,Noah Smith,UK,East,Furniture,Tables,195,55,2,0
ORD01597,28-07-2021,31-07-2021,Emma,Taylor,Emma Taylor,Australia,East,Technology,Tables,769,-148,9,0
ORD01598,10-03-2021,11-03-2021,John,Johnson,John Johnson,Australia,East,Technology,Storage,1146,366,11,0
ORD01599,15-07-2022,21-07-2022,Noah,Brown,NoahBrown,Australia,North,OfficeSupplies,Storage,323,-61,1,0
ORD01600,15-03-2021,22-03-2021,Priya,Patel,Priya Patel,USA,North,Office Supplies,Storage,900,111,4,0
ORD01601,26-08-2022,30-08-2022,Liam,Johnson,Liam Johnson,UK,North,Office Supplies,Storage,1907,279,4,0.2
ORD01602,03-10-2022,09-10-2022,Ava,Johnson,Ava Johnson,Australia,East,Technology,Binders,1490,212,9,0.1
ORD01603,27-09-2021,01-10-2021,Rahul,Taylor,Rahul Taylor,Australia,East,Office Supplies,Phones,1692,-470,10,0
ORD01604,15-04-2022,20-04-2022,John,Anderson,John Anderson,Canada,South,Furniture,Tables,1317,177,11,0
ORD01605,24-11-2022,04-12-2022,John,Taylor,JohnTaylor,Canada,East,Furniture,Storage,874,-71,2,0
ORD01606,01-08-2021,03-08-2021,Sneha,Verma,Sneha Verma,Canada,East,Technology,Binders,308,29,2,0.1
ORD01607,10-01-2021,15-01-2021,Amit,Johnson,Amit Johnson,India,West,Technology,Binders,1165,274,14,0
ORD01608,13-02-2021,23-02-2021,Rahul,Smith,Rahul Smith,India,West,Technology,Chairs,1032,-46,9,0
ORD01609,16-06-2021,22-06-2021,Emma,Johnson,EmmaJohnson,India,North,Furniture,Accessories,1695,-212,12,0.2
ORD01610,21-08-2021,27-08-2021,Noah,Anderson,Noah Anderson,Canada,North,Furniture,Accessories,1987,288,15,0
ORD01611,25-06-2022,26-06-2022,Ava,Verma,Ava Verma,India,East,Office Supplies,Chairs,671,207,7,0.2
ORD01612,15-01-2021,25-01-2021,Amit,Verma,Amit Verma,USA,East,Technology,Chairs,375,110,12,0
ORD01613,28-05-2021,29-05-2021,Amit,Smith,AmitSmith,USA,South,OfficeSupplies,Chairs,543,-95,14,0.1
ORD01614,24-09-2022,25-09-2022,Emma,Anderson,Emma Anderson,India,West,Technology,Binders,93,-14,6,0.2
ORD01615,27-04-2021,04-05-2021,Ava,Taylor,Ava Taylor,UK,West,Technology,Tables,713,-90,8,0.1
ORD01616,01-09-2021,11-09-2021,Sneha,Taylor,Sneha Taylor,Canada,West,Technology,Tables,406,-83,11,0
ORD01617,24-03-2022,29-03-2022,Sneha,Taylor,Sneha Taylor,Australia,South,Office Supplies,Tables,1283,-68,10,0.2
ORD01618,19-05-2021,21-05-2021,Amit,Johnson,AmitJohnson,Australia,South,Furniture,Chairs,109,28,10,0.1
ORD01619,04-10-2021,06-10-2021,Amit,Verma,AmitVerma,Australia,South,OfficeSupplies,Accessories,192,-39,7,0.2
ORD01620,27-06-2021,05-07-2021,Ava,Smith,AvaSmith,Australia,South,Furniture,Chairs,982,-281,10,0.1
ORD01621,30-09-2022,10-10-2022,Amit,Smith,AmitSmith,Australia,South,Technology,Binders,1354,-328,6,0.1
ORD01622,09-09-2021,18-09-2021,Olivia,Smith,Olivia Smith,Australia,West,Furniture,Storage,567,85,12,0.2
ORD01623,02-01-2022,03-01-2022,Sneha,Verma,Sneha Verma,Australia,West,Office Supplies,Storage,930,-80,8,0.1
ORD01624,03-02-2022,10-02-2022,Olivia,Patel,Olivia Patel,Australia,West,Furniture,Tables,252,-2,5,0.1
ORD01625,18-05-2021,27-05-2021,Liam,Brown,Liam Brown,UK,East,Furniture,Binders,1994,-11,8,0
ORD01626,29-05-2021,03-06-2021,Priya,Taylor,Priya Taylor,USA,East,Office Supplies,Accessories,1093,-177,8,0.1
ORD01627,01-06-2022,06-06-2022,Amit,Anderson,Amit Anderson,USA,East,Office Supplies,Chairs,41,-1,13,0.1
ORD01628,10-08-2021,20-08-2021,Priya,Taylor,Priya Taylor,Australia,West,Furniture,Storage,1778,340,12,0.1
ORD01629,26-04-2022,27-04-2022,Emma,Verma,Emma Verma,India,West,Technology,Accessories,1167,-28,10,0
ORD01630,11-07-2021,19-07-2021,Liam,Smith,Liam Smith,India,North,Furniture,Accessories,500,-87,5,0
ORD01631,10-05-2021,12-05-2021,Rahul,Smith,Rahul Smith,Canada,South,Furniture,Chairs,804,273,3,0.2
ORD01632,22-01-2022,28-01-2022,Sneha,Taylor,Sneha Taylor,USA,North,Technology,Accessories,1963,606,10,0.2
ORD01633,19-09-2022,23-09-2022,Sneha,Anderson,SnehaAnderson,USA,South,OfficeSupplies,Accessories,693,137,9,0
ORD01634,17-09-2022,26-09-2022,John,Taylor,JohnTaylor,USA,East,OfficeSupplies,Tables,96,27,1,0.1
ORD01635,05-08-2021,07-08-2021,Noah,Anderson,Noah Anderson,Australia,East,Technology,Binders,1114,183,5,0
ORD01636,27-03-2022,04-04-2022,Priya,Patel,Priya Patel,India,North,Technology,Binders,1357,464,8,0.1
ORD01637,04-11-2021,08-11-2021,John,Taylor,John Taylor,Canada,North,Office Supplies,Accessories,899,-130,12,0.1
ORD01638,06-12-2021,11-12-2021,Noah,Patel,Noah Patel,Canada,East,Office Supplies,Binders,374,-102,13,0
ORD01639,14-05-2021,17-05-2021,Emma,Anderson,Emma Anderson,USA,East,Technology,Chairs,117,4,7,0
ORD01640,15-09-2022,17-09-2022,Priya,Taylor,Priya Taylor,Canada,North,Furniture,Binders,1847,384,13,0.1
ORD01641,20-01-2022,23-01-2022,John,Johnson,John Johnson,USA,South,Office Supplies,Phones,658,146,14,0.1
ORD01642,16-11-2022,23-11-2022,Liam,Sharma,Liam Sharma,Australia,South,Furniture,Accessories,1918,205,13,0.1
ORD01643,03-09-2021,13-09-2021,Noah,Anderson,Noah Anderson,India,West,Office Supplies,Binders,879,97,4,0.1
ORD01644,26-03-2021,05-04-2021,Olivia,Sharma,Olivia Sharma,UK,West,Furniture,Chairs,1230,-17,10,0
ORD01645,03-02-2022,08-02-2022,Rahul,Taylor,Rahul Taylor,Canada,North,Furniture,Chairs,274,-51,8,0
ORD01646,24-02-2021,05-03-2021,Amit,Patel,Amit Patel,UK,South,Office Supplies,Storage,303,-69,10,0.1
ORD01647,22-07-2021,31-07-2021,Olivia,Smith,OliviaSmith,UK,East,OfficeSupplies,Chairs,495,29,1,0
ORD01648,02-05-2021,12-05-2021,John,Sharma,John Sharma,India,North,Furniture,Binders,1289,299,8,0
ORD01649,19-11-2021,22-11-2021,Olivia,Brown,Olivia Brown,Australia,West,Technology,Tables,1479,-330,6,0.1
ORD01650,21-11-2021,30-11-2021,John,Sharma,John Sharma,UK,South,Furniture,Chairs,934,166,15,0
ORD01651,22-03-2021,31-03-2021,Noah,Taylor,NoahTaylor,UK,South,OfficeSupplies,Binders,789,189,14,0
ORD01652,08-08-2022,15-08-2022,Liam,Patel,Liam Patel,Australia,South,Furniture,Chairs,1599,-97,2,0
ORD01653,28-02-2022,07-03-2022,Rahul,Anderson,Rahul Anderson,Canada,South,Office Supplies,Binders,544,104,12,0.1
ORD01654,13-07-2022,15-07-2022,Emma,Verma,Emma Verma,India,South,Furniture,Storage,1925,-209,14,0
ORD01655,24-05-2021,31-05-2021,Liam,Smith,Liam Smith,Australia,North,Furniture,Storage,1407,90,3,0
ORD01656,02-06-2021,09-06-2021,Liam,Smith,LiamSmith,Australia,West,Technology,Phones,79,-23,12,0
ORD01657,02-01-2021,06-01-2021,Olivia,Brown,Olivia Brown,Canada,South,Technology,Tables,888,170,11,0
ORD01658,21-03-2022,29-03-2022,Liam,Anderson,Liam Anderson,Canada,North,Office Supplies,Tables,1645,152,14,0.1
ORD01659,25-04-2022,03-05-2022,John,Anderson,John Anderson,USA,North,Office Supplies,Accessories,108,29,13,0.2
ORD01660,11-10-2021,20-10-2021,Liam,Verma,Liam Verma,Canada,North,Office Supplies,Phones,49,13,15,0.2
ORD01661,21-01-2022,31-01-2022,Emma,Taylor,Emma Taylor,Canada,West,Technology,Phones,779,173,12,0.2
ORD01662,30-08-2021,05-09-2021,Sneha,Verma,Sneha Verma,India,West,Office Supplies,Phones,1116,-12,14,0.1
ORD01663,13-11-2022,19-11-2022,Emma,Sharma,Emma Sharma,UK,West,Office Supplies,Binders,139,-13,4,0.1
ORD01664,25-04-2021,28-04-2021,Emma,Patel,Emma Patel,India,West,Technology,Chairs,1311,-183,6,0.1
ORD01665,12-05-2022,21-05-2022,Liam,Smith,Liam Smith,India,South,Technology,Accessories,1481,-232,5,0.2
ORD01666,25-05-2021,26-05-2021,Ava,Taylor,Ava Taylor,UK,North,Office Supplies,Tables,1209,-124,5,0
ORD01667,18-05-2022,27-05-2022,Emma,Anderson,Emma Anderson,USA,East,Technology,Phones,1527,185,1,0.1
ORD01668,14-01-2021,18-01-2021,Amit,Johnson,Amit Johnson,Australia,North,Furniture,Tables,896,-89,9,0.2
ORD01669,11-11-2021,16-11-2021,Amit,Johnson,Amit Johnson,USA,North,Furniture,Storage,159,-44,5,0.1
ORD01670,27-07-2021,06-08-2021,Ava,Brown,AvaBrown,USA,West,Furniture,Phones,474,162,15,0.1
ORD01671,15-05-2021,18-05-2021,Liam,Patel,Liam Patel,Canada,East,Furniture,Accessories,1634,-178,1,0.2
ORD01672,28-08-2021,02-09-2021,Liam,Verma,Liam Verma,USA,West,Technology,Binders,1601,260,9,0.1
ORD01673,28-07-2021,02-08-2021,Amit,Patel,Amit Patel,India,North,Furniture,Storage,633,68,8,0.2
ORD01674,12-04-2021,14-04-2021,Rahul,Johnson,Rahul Johnson,UK,West,Office Supplies,Tables,1427,-407,6,0
ORD01675,19-03-2022,26-03-2022,Liam,Taylor,Liam Taylor,Australia,South,Furniture,Tables,1030,15,9,0
ORD01676,23-04-2021,02-05-2021,John,Smith,John Smith,India,South,Furniture,Accessories,1601,524,12,0
ORD01677,03-04-2021,07-04-2021,Noah,Anderson,NoahAnderson,India,South,OfficeSupplies,Tables,945,-25,3,0.1
ORD01678,21-02-2021,03-03-2021,Emma,Taylor,EmmaTaylor,India,South,Technology,Tables,1647,-16,13,0.1
ORD01679,01-03-2022,11-03-2022,Rahul,Verma,Rahul Verma,UK,South,Furniture,Tables,1337,84,10,0.1
ORD01680,02-11-2022,09-11-2022,Priya,Johnson,Priya Johnson,Canada,North,Technology,Binders,910,-246,5,0.1
ORD01681,22-10-2021,29-10-2021,Liam,Johnson,Liam Johnson,UK,North,Office Supplies,Binders,960,301,15,0
ORD01682,14-01-2021,15-01-2021,Priya,Taylor,Priya Taylor,Canada,North,Furniture,Binders,1121,281,5,0
ORD01683,25-01-2021,01-02-2021,Emma,Brown,Emma Brown,Canada,East,Office Supplies,Accessories,1165,180,12,0
ORD01684,10-02-2021,12-02-2021,John,Verma,JohnVerma,Canada,East,Furniture,Binders,521,-67,5,0
ORD01685,18-06-2022,19-06-2022,Noah,Anderson,Noah Anderson,India,North,Office Supplies,Storage,1442,152,10,0
ORD01686,25-07-2022,29-07-2022,Priya,Johnson,Priya Johnson,UK,South,Furniture,Chairs,1561,-130,15,0.1
ORD01687,02-09-2022,05-09-2022,Noah,Smith,Noah Smith,UK,South,Office Supplies,Phones,968,210,13,0.2
ORD01688,17-06-2022,24-06-2022,Priya,Patel,Priya Patel,USA,East,Office Supplies,Phones,644,-109,12,0.1
ORD01689,16-05-2022,24-05-2022,Emma,Anderson,Emma Anderson,Canada,South,Furniture,Binders,97,26,6,0
ORD01690,10-11-2021,16-11-2021,Olivia,Verma,Olivia Verma,UK,West,Technology,Binders,101,29,13,0.1
ORD01691,30-12-2022,09-01-2023,Emma,Sharma,Emma Sharma,USA,North,Furniture,Accessories,1030,-249,13,0
ORD01692,01-03-2021,04-03-2021,Rahul,Brown,Rahul Brown,UK,North,Technology,Chairs,733,-128,7,0.1
ORD01693,12-11-2022,21-11-2022,Noah,Verma,Noah Verma,Canada,West,Furniture,Storage,964,-182,11,0
ORD01694,04-09-2022,11-09-2022,Priya,Verma,Priya Verma,Australia,North,Furniture,Chairs,567,12,7,0.2
ORD01695,16-05-2021,19-05-2021,Priya,Anderson,Priya Anderson,Canada,North,Office Supplies,Accessories,654,-46,8,0.1
ORD01696,03-02-2021,04-02-2021,Sneha,Patel,Sneha Patel,USA,North,Technology,Phones,1774,418,2,0.1
ORD01697,16-05-2021,24-05-2021,Amit,Taylor,Amit Taylor,Australia,West,Technology,Phones,1005,-118,10,0
ORD01698,27-11-2022,07-12-2022,Rahul,Smith,RahulSmith,Australia,East,OfficeSupplies,Chairs,619,-29,2,0
ORD01699,10-05-2021,16-05-2021,Noah,Patel,Noah Patel,USA,East,Furniture,Chairs,1234,341,3,0.1
ORD01700,28-07-2022,06-08-2022,Emma,Anderson,Emma Anderson,Australia,North,Furniture,Accessories,186,-28,4,0
ORD01701,15-09-2022,16-09-2022,Priya,Sharma,Priya Sharma,UK,South,Furniture,Phones,1987,-467,6,0.2
ORD01702,01-07-2022,08-07-2022,Olivia,Patel,Olivia Patel,Canada,South,Furniture,Binders,1026,311,6,0
ORD01703,04-10-2021,09-10-2021,Noah,Smith,Noah Smith,Canada,North,Office Supplies,Accessories,1824,396,9,0.1
ORD01704,10-08-2022,19-08-2022,Priya,Anderson,Priya Anderson,USA,West,Office Supplies,Storage,1104,225,12,0.1
ORD01705,25-06-2021,04-07-2021,Amit,Smith,Amit Smith,India,East,Furniture,Tables,950,-142,14,0.1
ORD01706,31-03-2022,06-04-2022,Rahul,Patel,Rahul Patel,Australia,North,Furniture,Accessories,779,-68,9,0.2
ORD01707,22-09-2022,28-09-2022,Amit,Verma,Amit Verma,Australia,West,Technology,Tables,1826,-397,14,0.1
ORD01708,31-07-2022,07-08-2022,Sneha,Johnson,Sneha Johnson,Canada,East,Furniture,Accessories,1618,-225,10,0
ORD01709,07-08-2022,09-08-2022,Amit,Patel,Amit Patel,UK,East,Furniture,Storage,1620,-419,13,0
ORD01710,21-10-2022,28-10-2022,Ava,Smith,Ava Smith,India,South,Office Supplies,Storage,1098,262,15,0
ORD01711,23-06-2021,29-06-2021,Ava,Verma,AvaVerma,India,North,OfficeSupplies,Phones,869,238,11,0.1
ORD01712,05-09-2021,07-09-2021,Noah,Sharma,Noah Sharma,UK,North,Office Supplies,Accessories,1071,201,15,0.1
ORD01713,06-02-2021,09-02-2021,Emma,Johnson,Emma Johnson,Australia,North,Technology,Accessories,1796,-288,3,0
ORD01714,21-07-2021,30-07-2021,Liam,Johnson,Liam Johnson,Australia,North,Office Supplies,Binders,900,-23,1,0
ORD01715,06-07-2022,10-07-2022,Amit,Anderson,Amit Anderson,USA,North,Office Supplies,Binders,1427,-206,15,0
ORD01716,10-06-2022,15-06-2022,Sneha,Smith,Sneha Smith,Australia,South,Office Supplies,Chairs,369,-59,4,0.1
ORD01717,17-03-2021,27-03-2021,Ava,Smith,Ava Smith,Australia,South,Office Supplies,Phones,802,52,12,0.2
ORD01718,14-04-2022,22-04-2022,John,Anderson,John Anderson,Australia,North,Technology,Storage,1143,-35,4,0.1
ORD01719,26-03-2022,30-03-2022,Liam,Smith,Liam Smith,USA,North,Furniture,Phones,1283,279,11,0.2
ORD01720,20-12-2022,23-12-2022,Sneha,Taylor,Sneha Taylor,USA,North,Furniture,Accessories,1558,-246,4,0.1
ORD01721,31-05-2022,03-06-2022,Priya,Smith,Priya Smith,Australia,North,Furniture,Accessories,402,27,9,0
ORD01722,01-08-2022,09-08-2022,Olivia,Johnson,Olivia Johnson,UK,West,Office Supplies,Tables,1040,316,12,0
ORD01723,28-08-2022,05-09-2022,Emma,Sharma,EmmaSharma,UK,South,Furniture,Binders,162,42,11,0.1
ORD01724,15-03-2022,24-03-2022,Olivia,Taylor,OliviaTaylor,UK,North,Technology,Accessories,909,309,1,0
ORD01725,13-03-2021,19-03-2021,Rahul,Verma,Rahul Verma,USA,North,Office Supplies,Phones,916,240,10,0.1
ORD01726,26-07-2022,05-08-2022,Olivia,Brown,Olivia Brown,UK,East,Technology,Phones,220,7,15,0.2
ORD01727,11-11-2022,21-11-2022,Sneha,Brown,Sneha Brown,USA,West,Furniture,Phones,1945,479,14,0
ORD01728,28-02-2021,05-03-2021,Rahul,Anderson,Rahul Anderson,Australia,West,Office Supplies,Accessories,1314,31,14,0.2
ORD01729,21-03-2021,31-03-2021,Liam,Sharma,Liam Sharma,Canada,East,Office Supplies,Chairs,1443,-246,12,0
ORD01730,06-03-2022,12-03-2022,Ava,Verma,Ava Verma,UK,North,Furniture,Chairs,1156,214,15,0.1
ORD01731,09-02-2022,15-02-2022,Olivia,Sharma,Olivia Sharma,Australia,North,Technology,Chairs,563,30,3,0.1
ORD01732,28-08-2022,01-09-2022,Olivia,Smith,Olivia Smith,Canada,North,Technology,Binders,1841,-213,11,0.1
ORD01733,28-10-2022,01-11-2022,Olivia,Verma,OliviaVerma,Canada,North,Technology,Storage,1212,63,4,0.1
ORD01734,25-11-2022,30-11-2022,John,Anderson,JohnAnderson,Canada,North,OfficeSupplies,Tables,687,17,13,0.2
ORD01735,23-06-2022,28-06-2022,Rahul,Patel,Rahul Patel,Canada,North,Technology,Tables,903,251,4,0
ORD01736,20-07-2022,21-07-2022,Noah,Sharma,Noah Sharma,Australia,West,Furniture,Binders,1128,-185,6,0
ORD01737,01-07-2022,11-07-2022,Sneha,Brown,SnehaBrown,Australia,West,Technology,Phones,1897,-487,14,0.1
ORD01738,02-07-2021,06-07-2021,Liam,Johnson,Liam Johnson,Canada,North,Furniture,Chairs,729,173,15,0
ORD01739,07-03-2021,12-03-2021,Ava,Brown,AvaBrown,Canada,East,Furniture,Binders,492,65,14,0
ORD01740,08-06-2021,12-06-2021,Emma,Taylor,Emma Taylor,Canada,North,Furniture,Storage,1939,390,2,0
ORD01741,08-12-2021,16-12-2021,Rahul,Verma,Rahul Verma,UK,West,Office Supplies,Phones,463,118,4,0.1
ORD01742,07-05-2022,12-05-2022,Ava,Patel,Ava Patel,USA,East,Technology,Chairs,1600,487,15,0.1
ORD01743,13-10-2021,15-10-2021,Liam,Taylor,Liam Taylor,Australia,South,Furniture,Storage,587,161,13,0
ORD01744,21-11-2022,26-11-2022,Amit,Smith,Amit Smith,UK,South,Furniture,Chairs,214,11,5,0.1
ORD01745,22-01-2022,31-01-2022,Noah,Brown,Noah Brown,Australia,South,Office Supplies,Storage,1870,236,9,0
ORD01746,17-02-2021,23-02-2021,Liam,Johnson,LiamJohnson,Australia,East,OfficeSupplies,Chairs,204,-55,13,0.1
ORD01747,27-10-2021,29-10-2021,John,Verma,John Verma,Australia,North,Furniture,Phones,671,-18,13,0.2
ORD01748,22-05-2022,24-05-2022,Sneha,Sharma,Sneha Sharma,Canada,South,Furniture,Phones,1208,-105,4,0.2
ORD01749,11-05-2022,21-05-2022,John,Smith,John Smith,Canada,South,Technology,Accessories,196,-39,1,0.1
ORD01750,10-09-2022,20-09-2022,Liam,Patel,LiamPatel,Canada,South,Technology,Accessories,1564,-382,11,0
ORD01751,15-08-2022,16-08-2022,Olivia,Brown,Olivia Brown,UK,West,Technology,Binders,1720,559,10,0
ORD01752,01-03-2021,06-03-2021,John,Johnson,John Johnson,USA,North,Technology,Chairs,1700,302,6,0
ORD01753,10-01-2021,18-01-2021,Ava,Smith,Ava Smith,UK,West,Office Supplies,Chairs,504,-37,5,0
ORD01754,27-08-2022,04-09-2022,Priya,Brown,Priya Brown,India,North,Technology,Phones,309,-12,2,0.1
ORD01755,09-07-2021,17-07-2021,Ava,Patel,Ava Patel,UK,North,Furniture,Storage,424,104,2,0
ORD01756,28-11-2021,08-12-2021,Liam,Johnson,Liam Johnson,Canada,South,Office Supplies,Storage,1004,206,4,0
ORD01757,11-07-2021,12-07-2021,Emma,Sharma,Emma Sharma,Australia,North,Office Supplies,Binders,1748,-503,5,0
ORD01758,17-11-2021,19-11-2021,Rahul,Verma,Rahul Verma,USA,East,Furniture,Tables,1187,147,4,0.1
ORD01759,16-12-2022,20-12-2022,Ava,Smith,Ava Smith,Canada,South,Technology,Tables,240,38,15,0.1
ORD01760,08-01-2022,13-01-2022,Liam,Sharma,Liam Sharma,USA,West,Furniture,Tables,594,174,6,0
ORD01761,28-04-2022,06-05-2022,Noah,Patel,Noah Patel,UK,North,Furniture,Tables,1599,387,12,0.2
ORD01762,02-09-2022,06-09-2022,Amit,Sharma,Amit Sharma,UK,North,Office Supplies,Tables,700,-88,10,0
ORD01763,28-04-2022,30-04-2022,Ava,Johnson,Ava Johnson,Australia,West,Technology,Binders,741,106,3,0.1
ORD01764,19-01-2022,23-01-2022,Rahul,Johnson,Rahul Johnson,India,West,Technology,Accessories,1823,419,7,0
ORD01765,01-04-2021,07-04-2021,Amit,Patel,Amit Patel,Canada,North,Furniture,Accessories,1608,-119,11,0
ORD01766,24-06-2022,29-06-2022,Liam,Sharma,LiamSharma,Canada,East,Technology,Binders,1161,-329,8,0
ORD01767,03-09-2021,09-09-2021,Noah,Smith,Noah Smith,UK,West,Furniture,Phones,1823,211,3,0.1
ORD01768,26-01-2021,02-02-2021,Rahul,Johnson,RahulJohnson,UK,West,Furniture,Accessories,973,-215,8,0
ORD01769,23-10-2022,02-11-2022,Emma,Brown,Emma Brown,India,North,Technology,Accessories,1251,98,6,0.1
ORD01770,26-07-2021,28-07-2021,Priya,Sharma,Priya Sharma,Canada,North,Technology,Phones,1943,-207,15,0.1
ORD01771,24-09-2021,01-10-2021,Sneha,Brown,Sneha Brown,Canada,North,Furniture,Binders,1465,188,12,0.1
ORD01772,08-12-2021,16-12-2021,Noah,Patel,Noah Patel,India,North,Furniture,Tables,994,79,3,0.1
ORD01773,10-10-2021,13-10-2021,Amit,Patel,Amit Patel,Australia,East,Technology,Chairs,1422,441,7,0.1
ORD01774,29-05-2022,03-06-2022,Emma,Smith,Emma Smith,Canada,East,Technology,Tables,1695,-426,2,0
ORD01775,05-11-2021,11-11-2021,Olivia,Anderson,Olivia Anderson,USA,West,Furniture,Tables,607,178,8,0.1
ORD01776,30-05-2021,06-06-2021,John,Taylor,John Taylor,India,South,Technology,Phones,835,-214,7,0.1
ORD01777,15-04-2021,19-04-2021,Priya,Taylor,PriyaTaylor,India,South,Furniture,Binders,1363,322,5,0.1
ORD01778,17-01-2022,24-01-2022,Rahul,Verma,RahulVerma,India,East,Technology,Binders,395,-15,3,0
ORD01779,22-02-2022,03-03-2022,John,Brown,JohnBrown,India,West,OfficeSupplies,Binders,225,-16,12,0.1
ORD01780,06-05-2021,09-05-2021,Olivia,Brown,OliviaBrown,India,West,Furniture,Accessories,1914,559,13,0
ORD01781,13-05-2021,19-05-2021,Noah,Patel,Noah Patel,USA,South,Office Supplies,Phones,335,100,3,0
ORD01782,15-09-2021,17-09-2021,Ava,Taylor,Ava Taylor,Canada,South,Office Supplies,Phones,962,25,6,0.2
ORD01783,09-10-2022,12-10-2022,Noah,Brown,Noah Brown,UK,West,Office Supplies,Storage,199,3,7,0
ORD01784,23-10-2022,24-10-2022,John,Brown,John Brown,Australia,South,Furniture,Accessories,1872,360,11,0
ORD01785,21-12-2022,22-12-2022,Priya,Smith,PriyaSmith,Australia,South,Technology,Binders,646,-97,12,0
ORD01786,05-11-2021,11-11-2021,Liam,Brown,Liam Brown,UK,West,Furniture,Binders,1700,185,15,0.1
ORD01787,12-09-2021,16-09-2021,Emma,Johnson,EmmaJohnson,UK,North,OfficeSupplies,Binders,442,-107,4,0.2
ORD01788,22-06-2021,23-06-2021,Olivia,Smith,Olivia Smith,Australia,East,Furniture,Chairs,1141,-59,7,0
ORD01789,19-09-2021,27-09-2021,Amit,Taylor,Amit Taylor,USA,North,Office Supplies,Storage,854,150,15,0.2
ORD01790,28-02-2022,08-03-2022,Liam,Brown,Liam Brown,USA,North,Office Supplies,Chairs,198,-4,6,0
ORD01791,18-04-2021,23-04-2021,Sneha,Smith,Sneha Smith,USA,North,Technology,Binders,1176,-72,9,0.1
ORD01792,23-11-2022,28-11-2022,Sneha,Sharma,SnehaSharma,USA,East,Technology,Phones,116,35,3,0.2
ORD01793,09-01-2021,14-01-2021,Emma,Sharma,Emma Sharma,UK,East,Office Supplies,Phones,401,2,4,0
ORD01794,21-02-2022,03-03-2022,Sneha,Taylor,Sneha Taylor,Canada,West,Office Supplies,Accessories,685,62,11,0.1
ORD01795,13-03-2022,17-03-2022,Rahul,Sharma,RahulSharma,Canada,West,Technology,Tables,1261,-282,2,0.2
ORD01796,07-08-2022,09-08-2022,Rahul,Taylor,RahulTaylor,Canada,East,Furniture,Accessories,132,-32,6,0
ORD01797,06-11-2021,09-11-2021,Noah,Verma,Noah Verma,India,South,Furniture,Binders,1420,-7,9,0
ORD01798,04-06-2022,05-06-2022,Liam,Brown,LiamBrown,India,South,Technology,Binders,751,-221,7,0
ORD01799,13-02-2022,23-02-2022,Olivia,Anderson,Olivia Anderson,Australia,East,Furniture,Binders,671,206,1,0.1
ORD01800,20-12-2022,21-12-2022,Amit,Sharma,Amit Sharma,Canada,East,Furniture,Binders,1782,-93,14,0
ORD01801,25-09-2021,30-09-2021,Olivia,Smith,Olivia Smith,UK,East,Furniture,Storage,1045,262,7,0.1
ORD01802,03-01-2022,09-01-2022,Priya,Sharma,Priya Sharma,UK,West,Furniture,Phones,535,-148,10,0.1
ORD01803,06-06-2022,15-06-2022,Liam,Anderson,Liam Anderson,UK,West,Office Supplies,Phones,43,3,15,0
ORD01804,09-03-2021,10-03-2021,Liam,Verma,Liam Verma,Canada,East,Office Supplies,Tables,1629,67,10,0
ORD01805,03-06-2022,07-06-2022,Emma,Anderson,Emma Anderson,Canada,East,Technology,Storage,37,-8,2,0.2
ORD01806,28-04-2021,07-05-2021,Amit,Patel,AmitPatel,Canada,East,OfficeSupplies,Binders,871,-238,6,0.1
ORD01807,23-10-2022,25-10-2022,Ava,Verma,AvaVerma,Canada,East,Technology,Accessories,103,-19,2,0.1
ORD01808,07-04-2022,17-04-2022,Amit,Sharma,Amit Sharma,UK,West,Furniture,Chairs,1015,73,14,0
ORD01809,30-09-2022,04-10-2022,Emma,Brown,Emma Brown,Canada,West,Furniture,Chairs,474,98,1,0.2
ORD01810,01-05-2021,07-05-2021,Olivia,Smith,Olivia Smith,Canada,East,Office Supplies,Chairs,1717,-447,9,0.1
ORD01811,11-10-2021,15-10-2021,Rahul,Verma,RahulVerma,Canada,West,Furniture,Binders,559,-91,9,0.2
ORD01812,05-11-2022,10-11-2022,Noah,Sharma,Noah Sharma,Canada,West,Office Supplies,Tables,1387,330,9,0.1
ORD01813,28-03-2022,31-03-2022,Amit,Patel,Amit Patel,USA,West,Technology,Chairs,1388,-300,1,0.2
ORD01814,01-11-2021,09-11-2021,Rahul,Johnson,Rahul Johnson,Canada,North,Furniture,Storage,753,-13,1,0
ORD01815,12-02-2022,15-02-2022,Sneha,Smith,Sneha Smith,UK,North,Office Supplies,Storage,204,68,13,0.2
ORD01816,13-05-2022,15-05-2022,John,Johnson,John Johnson,Australia,North,Furniture,Storage,346,55,11,0
ORD01817,29-12-2022,04-01-2023,Noah,Anderson,Noah Anderson,Canada,East,Office Supplies,Storage,1490,-46,6,0.1
ORD01818,07-02-2021,17-02-2021,Ava,Smith,AvaSmith,Canada,East,Furniture,Chairs,1254,-191,5,0.2
ORD01819,26-02-2022,28-02-2022,Liam,Sharma,LiamSharma,Canada,East,Technology,Chairs,1567,-335,8,0.1
ORD01820,27-12-2021,01-01-2022,Priya,Johnson,Priya Johnson,UK,West,Technology,Tables,1620,-51,2,0.1
ORD01821,17-01-2022,18-01-2022,Ava,Anderson,Ava Anderson,Canada,South,Office Supplies,Tables,413,-65,11,0.1
ORD01822,20-05-2021,24-05-2021,John,Smith,John Smith,UK,South,Furniture,Phones,221,0,7,0.1
ORD01823,11-04-2021,19-04-2021,Noah,Smith,Noah Smith,USA,North,Furniture,Phones,1740,292,14,0.1
ORD01824,13-02-2022,15-02-2022,Olivia,Verma,Olivia Verma,UK,North,Furniture,Tables,1880,133,8,0.1
ORD01825,23-09-2022,28-09-2022,Sneha,Taylor,SnehaTaylor,UK,West,Technology,Binders,1484,-85,8,0.2
ORD01826,02-12-2022,06-12-2022,Emma,Anderson,Emma Anderson,India,East,Furniture,Accessories,244,-58,3,0
ORD01827,20-04-2021,22-04-2021,Olivia,Taylor,Olivia Taylor,UK,East,Furniture,Accessories,1920,382,6,0
ORD01828,03-10-2021,09-10-2021,Priya,Brown,Priya Brown,Australia,South,Technology,Chairs,708,-15,1,0.1
ORD01829,13-10-2022,20-10-2022,Sneha,Brown,Sneha Brown,Canada,North,Technology,Chairs,456,19,13,0.1
ORD01830,15-05-2022,21-05-2022,Ava,Smith,Ava Smith,India,North,Office Supplies,Tables,1507,-75,5,0
ORD01831,07-01-2021,09-01-2021,Liam,Patel,LiamPatel,India,West,Technology,Binders,997,172,13,0.1
ORD01832,02-08-2021,07-08-2021,Noah,Sharma,NoahSharma,India,South,Technology,Chairs,1735,-114,8,0.2
ORD01833,13-07-2021,17-07-2021,Sneha,Brown,Sneha Brown,USA,North,Furniture,Chairs,877,61,5,0.2
ORD01834,09-12-2021,17-12-2021,Priya,Sharma,Priya Sharma,USA,South,Office Supplies,Chairs,1394,63,9,0
ORD01835,27-04-2022,02-05-2022,Rahul,Sharma,Rahul Sharma,USA,East,Technology,Chairs,1976,-409,7,0
ORD01836,05-12-2022,06-12-2022,Rahul,Brown,Rahul Brown,UK,East,Furniture,Storage,544,-59,11,0
ORD01837,05-07-2021,14-07-2021,John,Patel,John Patel,USA,North,Technology,Phones,526,-38,11,0
ORD01838,25-10-2021,30-10-2021,Emma,Anderson,Emma Anderson,Canada,South,Furniture,Binders,1055,-278,10,0
ORD01839,15-04-2022,16-04-2022,John,Sharma,JohnSharma,Canada,East,OfficeSupplies,Binders,1912,-506,5,0
ORD01840,30-07-2021,03-08-2021,Olivia,Brown,Olivia Brown,India,South,Technology,Chairs,836,-169,2,0
ORD01841,05-12-2021,12-12-2021,Emma,Taylor,EmmaTaylor,India,South,Technology,Tables,520,-102,12,0.2
ORD01842,03-02-2022,11-02-2022,Liam,Sharma,Liam Sharma,Australia,South,Office Supplies,Chairs,328,75,6,0.2
ORD01843,19-03-2022,29-03-2022,John,Verma,John Verma,India,North,Office Supplies,Binders,1445,-386,14,0
ORD01844,03-03-2021,08-03-2021,Ava,Smith,Ava Smith,India,South,Office Supplies,Storage,1325,-67,15,0
ORD01845,08-06-2021,16-06-2021,Priya,Sharma,Priya Sharma,India,West,Technology,Accessories,892,67,8,0.1
ORD01846,18-12-2022,24-12-2022,Noah,Anderson,Noah Anderson,Australia,East,Furniture,Tables,1183,359,2,0
ORD01847,28-01-2022,29-01-2022,Liam,Johnson,LiamJohnson,Australia,East,Technology,Tables,957,203,7,0.2
ORD01848,26-02-2022,05-03-2022,Olivia,Verma,Olivia Verma,UK,West,Furniture,Chairs,338,-16,12,0.1
ORD01849,30-07-2022,09-08-2022,Amit,Brown,Amit Brown,India,North,Office Supplies,Tables,1538,-280,8,0
ORD01850,24-11-2021,04-12-2021,Sneha,Sharma,Sneha Sharma,Canada,North,Technology,Storage,81,6,15,0.1
ORD01851,04-10-2021,14-10-2021,Noah,Patel,Noah Patel,Canada,West,Office Supplies,Accessories,1597,-1,2,0.1
ORD01852,21-01-2021,27-01-2021,Amit,Patel,Amit Patel,Australia,South,Office Supplies,Accessories,96,-22,4,0.1
ORD01853,26-04-2022,28-04-2022,Olivia,Verma,Olivia Verma,India,West,Technology,Tables,229,-51,2,0.2
ORD01854,27-11-2021,06-12-2021,Noah,Patel,Noah Patel,Australia,North,Furniture,Tables,1942,147,6,0
ORD01855,07-04-2021,13-04-2021,Noah,Smith,Noah Smith,USA,South,Office Supplies,Tables,1910,-63,5,0.1
ORD01856,10-12-2022,19-12-2022,Ava,Anderson,Ava Anderson,Canada,South,Furniture,Phones,859,281,11,0.1
ORD01857,25-07-2022,26-07-2022,Rahul,Sharma,Rahul Sharma,USA,West,Office Supplies,Chairs,658,178,6,0.2
ORD01858,28-12-2021,01-01-2022,Olivia,Smith,OliviaSmith,USA,South,Technology,Storage,1156,206,5,0.2
ORD01859,21-10-2021,27-10-2021,Olivia,Johnson,Olivia Johnson,India,South,Office Supplies,Tables,1091,213,4,0.1
ORD01860,19-04-2021,22-04-2021,Noah,Verma,Noah Verma,India,North,Furniture,Accessories,1800,216,10,0.2
ORD01861,05-06-2021,14-06-2021,Emma,Patel,Emma Patel,USA,North,Technology,Binders,1218,17,9,0.1
ORD01862,15-12-2022,23-12-2022,Sneha,Verma,SnehaVerma,USA,North,Technology,Phones,993,165,14,0
ORD01863,01-01-2023,05-01-2023,Rahul,Johnson,Rahul Johnson,India,West,Furniture,Chairs,670,4,7,0
ORD01864,19-02-2022,23-02-2022,Olivia,Taylor,Olivia Taylor,USA,North,Furniture,Accessories,1478,-80,6,0.1
ORD01865,18-05-2022,22-05-2022,Priya,Brown,Priya Brown,India,North,Furniture,Storage,42,-2,13,0
ORD01866,18-03-2021,24-03-2021,Priya,Patel,Priya Patel,UK,North,Technology,Storage,1177,-346,11,0.1
ORD01867,18-06-2021,19-06-2021,Ava,Brown,Ava Brown,USA,East,Furniture,Phones,1855,-333,14,0.1
ORD01868,21-09-2022,26-09-2022,Ava,Patel,Ava Patel,Canada,South,Office Supplies,Chairs,952,-80,10,0.1
ORD01869,11-07-2022,15-07-2022,Olivia,Taylor,Olivia Taylor,UK,South,Furniture,Accessories,770,204,13,0
ORD01870,01-08-2021,11-08-2021,Rahul,Verma,Rahul Verma,Australia,South,Office Supplies,Tables,40,7,11,0
ORD01871,20-02-2021,27-02-2021,Emma,Sharma,EmmaSharma,Australia,East,OfficeSupplies,Chairs,1931,-278,3,0.1
ORD01872,05-12-2022,14-12-2022,Liam,Taylor,Liam Taylor,USA,East,Office Supplies,Phones,458,153,7,0.2
ORD01873,19-08-2021,20-08-2021,Rahul,Taylor,Rahul Taylor,USA,South,Office Supplies,Tables,909,-197,6,0.1
ORD01874,08-04-2021,15-04-2021,Amit,Brown,Amit Brown,UK,South,Technology,Chairs,990,221,15,0.2
ORD01875,06-01-2021,10-01-2021,Noah,Patel,NoahPatel,UK,South,OfficeSupplies,Phones,617,86,15,0
ORD01876,30-03-2021,03-04-2021,Olivia,Patel,Olivia Patel,Canada,South,Furniture,Accessories,1261,89,7,0.2
ORD01877,25-05-2022,30-05-2022,Priya,Patel,PriyaPatel,Canada,West,Furniture,Tables,1406,-273,9,0.1
ORD01878,27-06-2021,07-07-2021,Emma,Brown,Emma Brown,Canada,South,Office Supplies,Accessories,536,72,12,0.1
ORD01879,14-09-2021,24-09-2021,Emma,Patel,Emma Patel,USA,South,Furniture,Accessories,505,-136,7,0
ORD01880,20-11-2021,24-11-2021,John,Sharma,John Sharma,Australia,East,Furniture,Phones,1440,92,6,0.2
ORD01881,08-12-2021,15-12-2021,Amit,Brown,Amit Brown,India,East,Furniture,Phones,1380,-337,10,0.1
ORD01882,20-09-2021,21-09-2021,John,Anderson,John Anderson,UK,East,Office Supplies,Tables,462,-83,4,0.2
ORD01883,15-02-2021,25-02-2021,Sneha,Anderson,SnehaAnderson,UK,East,Technology,Phones,1351,281,10,0.2
ORD01884,25-07-2021,03-08-2021,Amit,Sharma,Amit Sharma,UK,East,Office Supplies,Binders,719,171,3,0.2
ORD01885,30-07-2022,03-08-2022,Priya,Smith,Priya Smith,USA,East,Office Supplies,Storage,1174,195,6,0
ORD01886,21-07-2022,24-07-2022,Emma,Patel,Emma Patel,Australia,South,Office Supplies,Accessories,1839,84,1,0.2
ORD01887,09-02-2021,13-02-2021,John,Verma,John Verma,Australia,West,Office Supplies,Tables,263,59,7,0.1
ORD01888,01-06-2021,05-06-2021,Olivia,Sharma,Olivia Sharma,India,East,Technology,Tables,1885,-369,14,0.2
ORD01889,26-11-2022,04-12-2022,Amit,Brown,Amit Brown,India,North,Furniture,Tables,1652,-139,8,0
ORD01890,04-01-2021,13-01-2021,Noah,Johnson,Noah Johnson,Canada,East,Technology,Phones,258,-28,4,0.1
ORD01891,30-09-2021,10-10-2021,Emma,Taylor,Emma Taylor,USA,South,Technology,Accessories,234,78,7,0.2
ORD01892,21-08-2021,25-08-2021,Noah,Anderson,NoahAnderson,USA,South,Technology,Accessories,1669,-155,9,0
ORD01893,26-02-2021,04-03-2021,Rahul,Anderson,Rahul Anderson,Australia,North,Office Supplies,Accessories,673,-145,15,0
ORD01894,05-11-2022,08-11-2022,Liam,Taylor,Liam Taylor,Australia,North,Technology,Tables,1511,-398,9,0.1
ORD01895,18-11-2021,21-11-2021,Emma,Anderson,Emma Anderson,India,East,Technology,Storage,982,99,13,0
ORD01896,23-04-2021,30-04-2021,Olivia,Patel,Olivia Patel,Canada,North,Furniture,Binders,257,-76,6,0
ORD01897,23-03-2022,26-03-2022,Emma,Johnson,Emma Johnson,USA,West,Technology,Tables,1851,608,4,0
ORD01898,11-04-2022,16-04-2022,Ava,Smith,Ava Smith,India,South,Technology,Storage,307,67,9,0
ORD01899,10-07-2022,12-07-2022,Priya,Johnson,Priya Johnson,USA,South,Furniture,Storage,160,-7,2,0
ORD01900,13-08-2022,23-08-2022,Liam,Brown,Liam Brown,Canada,South,Furniture,Accessories,1113,240,5,0
ORD01901,08-08-2022,14-08-2022,Emma,Patel,EmmaPatel,Canada,East,Technology,Chairs,446,65,1,0
ORD01902,20-07-2022,25-07-2022,Sneha,Patel,Sneha Patel,India,South,Technology,Chairs,1037,232,6,0.1
ORD01903,06-01-2022,15-01-2022,Noah,Johnson,NoahJohnson,India,West,Furniture,Chairs,505,-51,1,0
ORD01904,04-03-2022,12-03-2022,Emma,Sharma,EmmaSharma,India,East,Technology,Accessories,1949,-474,2,0
ORD01905,01-07-2022,05-07-2022,Liam,Johnson,LiamJohnson,India,North,OfficeSupplies,Accessories,1332,-79,14,0
ORD01906,07-05-2022,12-05-2022,Sneha,Smith,Sneha Smith,UK,East,Technology,Storage,1066,303,5,0.2
ORD01907,29-10-2021,04-11-2021,Amit,Patel,Amit Patel,Australia,West,Office Supplies,Accessories,1908,-456,10,0.1
ORD01908,12-11-2022,16-11-2022,Emma,Sharma,Emma Sharma,USA,North,Office Supplies,Accessories,489,-83,6,0.1
ORD01909,02-01-2021,04-01-2021,Priya,Taylor,Priya Taylor,Australia,West,Office Supplies,Phones,1624,-294,8,0.1
ORD01910,08-03-2021,11-03-2021,Ava,Smith,Ava Smith,UK,North,Furniture,Storage,320,79,14,0
ORD01911,24-03-2022,27-03-2022,Noah,Smith,Noah Smith,Australia,North,Technology,Chairs,1400,-58,10,0.2
ORD01912,28-08-2022,04-09-2022,John,Sharma,John Sharma,Australia,East,Office Supplies,Chairs,1362,450,7,0.1
ORD01913,02-10-2022,09-10-2022,Olivia,Smith,Olivia Smith,Australia,South,Technology,Tables,761,145,12,0
ORD01914,24-07-2022,29-07-2022,John,Smith,John Smith,Canada,North,Technology,Binders,1683,465,13,0.1
ORD01915,27-09-2021,01-10-2021,Rahul,Patel,Rahul Patel,Australia,North,Furniture,Phones,1415,10,8,0
ORD01916,15-08-2021,21-08-2021,Sneha,Taylor,SnehaTaylor,Australia,East,Technology,Phones,481,11,14,0.1
ORD01917,19-09-2022,29-09-2022,Noah,Brown,Noah Brown,USA,East,Office Supplies,Accessories,748,154,2,0.1
ORD01918,01-02-2022,04-02-2022,Emma,Verma,Emma Verma,UK,East,Furniture,Accessories,1069,-162,5,0.1
ORD01919,25-06-2022,29-06-2022,Sneha,Smith,Sneha Smith,Australia,West,Technology,Tables,1668,-14,10,0.1
ORD01920,11-06-2022,18-06-2022,John,Anderson,John Anderson,USA,East,Office Supplies,Accessories,1812,-368,4,0
ORD01921,17-11-2021,19-11-2021,Liam,Patel,Liam Patel,USA,South,Furniture,Binders,720,143,14,0
ORD01922,01-02-2021,03-02-2021,Priya,Patel,Priya Patel,India,North,Office Supplies,Tables,721,150,2,0.2
ORD01923,13-12-2022,18-12-2022,Rahul,Verma,RahulVerma,India,East,Technology,Tables,1077,358,14,0
ORD01924,03-04-2021,05-04-2021,Noah,Verma,NoahVerma,India,North,Furniture,Phones,33,-8,9,0.1
ORD01925,22-05-2022,24-05-2022,Rahul,Taylor,Rahul Taylor,Australia,South,Office Supplies,Tables,696,-84,11,0.1
ORD01926,04-12-2021,10-12-2021,Rahul,Smith,Rahul Smith,Australia,North,Furniture,Accessories,1319,122,10,0.1
ORD01927,17-07-2022,22-07-2022,Emma,Anderson,EmmaAnderson,Australia,North,OfficeSupplies,Chairs,377,-18,8,0.1
ORD01928,14-12-2021,23-12-2021,John,Johnson,John Johnson,UK,West,Office Supplies,Accessories,552,148,6,0.1
ORD01929,21-09-2022,23-09-2022,Ava,Sharma,Ava Sharma,UK,South,Furniture,Accessories,529,172,8,0.1
ORD01930,24-11-2021,03-12-2021,Liam,Anderson,Liam Anderson,Canada,North,Office Supplies,Phones,1999,-534,7,0
ORD01931,10-12-2021,17-12-2021,Priya,Smith,Priya Smith,Australia,North,Office Supplies,Tables,843,-186,11,0.1
ORD01932,09-02-2021,12-02-2021,John,Sharma,JohnSharma,Australia,North,OfficeSupplies,Storage,1039,-79,6,0.1
ORD01933,30-07-2021,08-08-2021,Rahul,Smith,Rahul Smith,India,South,Technology,Phones,1573,200,7,0.1
ORD01934,26-03-2021,31-03-2021,Emma,Sharma,Emma Sharma,Australia,South,Furniture,Binders,1433,-251,11,0.1
ORD01935,11-11-2022,13-11-2022,Olivia,Brown,OliviaBrown,Australia,South,OfficeSupplies,Chairs,748,77,11,0
ORD01936,18-09-2022,26-09-2022,Priya,Taylor,Priya Taylor,Australia,East,Technology,Storage,574,95,4,0
ORD01937,22-03-2022,25-03-2022,John,Anderson,John Anderson,India,West,Office Supplies,Phones,1962,-176,9,0
ORD01938,06-04-2022,08-04-2022,Sneha,Johnson,Sneha Johnson,Australia,South,Office Supplies,Phones,729,64,13,0.2
ORD01939,02-03-2021,06-03-2021,Rahul,Smith,Rahul Smith,USA,East,Technology,Phones,1535,-231,3,0.2
ORD01940,13-12-2021,22-12-2021,Priya,Sharma,Priya Sharma,India,East,Technology,Chairs,1360,264,13,0.2
ORD01941,03-01-2022,08-01-2022,Rahul,Brown,Rahul Brown,India,South,Office Supplies,Accessories,1532,425,11,0
ORD01942,02-04-2022,09-04-2022,Olivia,Taylor,OliviaTaylor,India,South,OfficeSupplies,Binders,906,-47,13,0.2
ORD01943,07-08-2022,15-08-2022,John,Smith,John Smith,Australia,North,Technology,Binders,1878,83,7,0.1
ORD01944,27-08-2021,02-09-2021,Olivia,Patel,Olivia Patel,USA,North,Office Supplies,Binders,1266,52,7,0
ORD01945,04-02-2021,06-02-2021,Olivia,Patel,Olivia Patel,India,East,Office Supplies,Accessories,1196,-81,11,0.2
ORD01946,04-09-2022,08-09-2022,Sneha,Patel,SnehaPatel,India,West,Technology,Tables,112,33,6,0
ORD01947,20-06-2021,23-06-2021,Rahul,Johnson,RahulJohnson,India,South,Technology,Tables,707,28,9,0
ORD01948,15-02-2022,18-02-2022,Rahul,Johnson,Rahul Johnson,Canada,North,Technology,Chairs,799,-22,13,0.1
ORD01949,25-06-2021,05-07-2021,Rahul,Brown,Rahul Brown,UK,South,Office Supplies,Storage,1161,137,14,0.2
ORD01950,05-11-2022,13-11-2022,Emma,Smith,Emma Smith,Australia,East,Furniture,Accessories,373,-110,9,0.2
ORD01951,09-05-2021,18-05-2021,Emma,Sharma,Emma Sharma,UK,North,Office Supplies,Tables,168,-34,11,0
ORD01952,01-02-2021,11-02-2021,Ava,Patel,Ava Patel,Canada,West,Office Supplies,Storage,1850,-342,6,0.1
ORD01953,29-06-2022,05-07-2022,Rahul,Patel,Rahul Patel,USA,West,Furniture,Accessories,1402,473,4,0.2
ORD01954,14-09-2021,22-09-2021,Priya,Verma,Priya Verma,Canada,East,Technology,Accessories,1913,509,13,0
ORD01955,03-07-2021,09-07-2021,Noah,Johnson,Noah Johnson,UK,North,Office Supplies,Accessories,1699,457,6,0
ORD01956,22-09-2021,01-10-2021,Olivia,Patel,OliviaPatel,UK,West,Furniture,Storage,709,-209,15,0
ORD01957,30-05-2021,06-06-2021,Ava,Smith,Ava Smith,UK,North,Technology,Storage,1353,407,3,0.1
ORD01958,18-01-2021,23-01-2021,Priya,Sharma,Priya Sharma,USA,East,Office Supplies,Phones,1593,-44,8,0.1
ORD01959,20-05-2021,27-05-2021,Amit,Taylor,Amit Taylor,USA,West,Office Supplies,Binders,73,-18,9,0.1
ORD01960,16-06-2022,17-06-2022,Emma,Smith,Emma Smith,UK,East,Furniture,Storage,1464,142,9,0
ORD01961,03-10-2022,13-10-2022,Sneha,Brown,Sneha Brown,Australia,South,Furniture,Storage,1002,-220,11,0
ORD01962,19-05-2022,28-05-2022,Liam,Patel,LiamPatel,Australia,East,Furniture,Binders,1989,-363,7,0
ORD01963,29-11-2022,01-12-2022,Priya,Verma,Priya Verma,India,West,Technology,Phones,1968,-437,12,0.1
ORD01964,03-10-2021,05-10-2021,Emma,Patel,Emma Patel,UK,North,Furniture,Chairs,1283,-200,15,0
ORD01965,27-03-2021,02-04-2021,Priya,Brown,Priya Brown,India,North,Furniture,Chairs,982,11,12,0.2
ORD01966,24-06-2021,26-06-2021,John,Anderson,JohnAnderson,India,North,Furniture,Binders,1945,146,5,0.1
ORD01967,26-05-2021,27-05-2021,John,Sharma,John Sharma,USA,West,Technology,Chairs,1675,516,13,0.2
ORD01968,15-01-2021,23-01-2021,Rahul,Taylor,Rahul Taylor,UK,South,Office Supplies,Chairs,193,8,7,0
ORD01969,14-03-2021,15-03-2021,Olivia,Brown,Olivia Brown,India,South,Furniture,Binders,1963,516,13,0.1
ORD01970,23-06-2022,29-06-2022,Olivia,Smith,Olivia Smith,Canada,North,Technology,Phones,308,-34,14,0.1
ORD01971,31-01-2021,01-02-2021,Priya,Patel,PriyaPatel,Canada,North,OfficeSupplies,Phones,1685,267,1,0.2
ORD01972,28-12-2022,29-12-2022,Noah,Brown,Noah Brown,Australia,North,Furniture,Chairs,1429,17,13,0.2
ORD01973,11-05-2021,12-05-2021,Ava,Patel,Ava Patel,Canada,West,Office Supplies,Tables,1493,-190,8,0.2
ORD01974,15-05-2021,20-05-2021,Emma,Sharma,Emma Sharma,USA,West,Office Supplies,Storage,1073,-57,5,0.1
ORD01975,04-06-2022,12-06-2022,Sneha,Johnson,Sneha Johnson,USA,West,Technology,Accessories,379,94,1,0.1
ORD01976,10-08-2021,18-08-2021,Emma,Verma,Emma Verma,Australia,South,Office Supplies,Binders,1780,197,5,0.1
ORD01977,17-09-2021,21-09-2021,Priya,Taylor,Priya Taylor,UK,North,Office Supplies,Phones,137,-6,12,0
ORD01978,24-10-2021,01-11-2021,Liam,Anderson,Liam Anderson,UK,North,Furniture,Chairs,1588,94,6,0
ORD01979,14-11-2022,22-11-2022,Noah,Johnson,Noah Johnson,Australia,East,Technology,Storage,996,-16,3,0.1
ORD01980,11-05-2021,15-05-2021,Noah,Anderson,Noah Anderson,USA,West,Office Supplies,Storage,979,328,12,0.2
ORD01981,27-10-2022,01-11-2022,John,Verma,John Verma,USA,East,Furniture,Storage,324,89,6,0
ORD01982,07-03-2022,10-03-2022,Olivia,Verma,Olivia Verma,Canada,East,Office Supplies,Chairs,44,1,2,0.1
ORD01983,02-01-2021,06-01-2021,Olivia,Patel,Olivia Patel,UK,South,Technology,Binders,1314,-270,8,0
ORD01984,11-08-2022,13-08-2022,Olivia,Smith,Olivia Smith,Canada,East,Office Supplies,Phones,1400,-108,13,0.1
ORD01985,05-06-2021,06-06-2021,Liam,Verma,Liam Verma,USA,West,Technology,Phones,773,55,3,0
ORD01986,18-03-2021,23-03-2021,Priya,Sharma,Priya Sharma,India,West,Technology,Binders,1898,388,11,0.1
ORD01987,01-04-2021,09-04-2021,Sneha,Sharma,Sneha Sharma,Australia,West,Furniture,Chairs,1912,109,2,0.1
ORD01988,04-11-2021,14-11-2021,John,Patel,John Patel,India,East,Furniture,Binders,1514,423,7,0
ORD01989,16-08-2021,23-08-2021,Olivia,Verma,Olivia Verma,UK,East,Furniture,Accessories,1153,285,11,0
ORD01990,05-09-2022,13-09-2022,Liam,Sharma,Liam Sharma,Canada,East,Furniture,Chairs,1370,-157,3,0.2
ORD01991,19-07-2022,24-07-2022,Rahul,Sharma,Rahul Sharma,Canada,South,Furniture,Storage,1835,-358,10,0
ORD01992,24-02-2022,04-03-2022,Sneha,Anderson,Sneha Anderson,USA,East,Furniture,Binders,812,140,10,0.1
ORD01993,28-12-2021,06-01-2022,Ava,Verma,Ava Verma,India,West,Technology,Binders,1771,-231,7,0
ORD01994,16-07-2021,22-07-2021,Sneha,Verma,Sneha Verma,UK,South,Furniture,Tables,386,-58,12,0.1
ORD01995,28-08-2021,03-09-2021,Liam,Taylor,Liam Taylor,USA,South,Furniture,Accessories,1042,-100,6,0.1
ORD01996,13-08-2021,21-08-2021,Sneha,Verma,SnehaVerma,USA,West,Furniture,Accessories,1589,-461,3,0.1
ORD01997,18-08-2021,26-08-2021,Sneha,Anderson,Sneha Anderson,India,West,Furniture,Tables,1402,-274,12,0.1
ORD01998,28-08-2022,02-09-2022,Ava,Verma,AvaVerma,India,South,OfficeSupplies,Accessories,1445,-426,13,0
ORD01999,23-04-2021,02-05-2021,Rahul,Verma,Rahul Verma,Australia,North,Technology,Phones,906,-95,11,0.1
ORD02000,29-04-2022,08-05-2022,Liam,Smith,Liam Smith,Australia,North,Office Supplies,Chairs,1409,319,13,0.1
ORD02001,29-08-2021,30-08-2021,Ava,Taylor,Ava Taylor,Canada,North,Technology,Binders,1330,190,4,0
ORD02002,12-01-2021,17-01-2021,Priya,Johnson,PriyaJohnson,Canada,North,OfficeSupplies,Binders,615,211,6,0
ORD02003,01-12-2022,02-12-2022,Liam,Johnson,Liam Johnson,India,North,Office Supplies,Chairs,531,82,1,0.1
ORD02004,07-06-2021,10-06-2021,Ava,Johnson,Ava Johnson,Canada,East,Office Supplies,Binders,25,-6,12,0
ORD02005,26-07-2022,01-08-2022,Sneha,Sharma,Sneha Sharma,Australia,South,Office Supplies,Binders,1127,-116,11,0.1
ORD02006,07-01-2022,12-01-2022,Amit,Verma,Amit Verma,Australia,South,Office Supplies,Phones,839,179,3,0.1
ORD02007,04-03-2021,13-03-2021,Liam,Smith,Liam Smith,Canada,South,Furniture,Tables,1653,336,1,0.1
ORD02008,17-01-2021,23-01-2021,Liam,Patel,LiamPatel,Canada,South,Technology,Phones,289,-77,6,0
ORD02009,23-09-2022,03-10-2022,Ava,Johnson,AvaJohnson,Canada,South,OfficeSupplies,Tables,778,-34,9,0
ORD02010,01-09-2021,04-09-2021,Ava,Brown,Ava Brown,Canada,East,Technology,Phones,509,-109,6,0
ORD02011,07-01-2021,14-01-2021,Ava,Verma,Ava Verma,Australia,East,Technology,Tables,1892,16,15,0.1
ORD02012,01-10-2021,06-10-2021,Rahul,Sharma,Rahul Sharma,India,North,Furniture,Tables,26,1,6,0
ORD02013,14-06-2021,19-06-2021,Noah,Johnson,Noah Johnson,Australia,North,Office Supplies,Storage,1337,-45,5,0.1
ORD02014,26-02-2021,28-02-2021,Liam,Smith,LiamSmith,Australia,North,Technology,Accessories,1261,-132,7,0.1
ORD02015,11-08-2022,20-08-2022,Noah,Taylor,Noah Taylor,Australia,North,Office Supplies,Tables,361,-5,5,0
ORD02016,31-05-2021,10-06-2021,John,Taylor,John Taylor,Australia,South,Office Supplies,Binders,967,278,11,0.1
ORD02017,31-01-2021,04-02-2021,Noah,Brown,Noah Brown,Canada,South,Furniture,Accessories,685,-128,1,0.2
ORD02018,01-02-2021,10-02-2021,Ava,Sharma,AvaSharma,Canada,East,OfficeSupplies,Phones,1818,431,5,0.2
ORD02019,30-09-2021,09-10-2021,Rahul,Verma,Rahul Verma,Canada,East,Furniture,Storage,921,68,3,0
ORD02020,19-01-2022,28-01-2022,John,Brown,John Brown,Canada,East,Office Supplies,Chairs,420,-59,7,0.1
ORD02021,19-05-2022,21-05-2022,Liam,Sharma,LiamSharma,Canada,East,Technology,Binders,1826,-123,2,0
ORD02022,16-12-2021,20-12-2021,Rahul,Taylor,Rahul Taylor,India,East,Technology,Storage,1163,-113,7,0
ORD02023,13-02-2021,14-02-2021,Ava,Johnson,Ava Johnson,Canada,East,Technology,Tables,1385,46,1,0.1
ORD02024,21-04-2022,24-04-2022,Priya,Smith,Priya Smith,Australia,East,Office Supplies,Chairs,1599,464,13,0.1
ORD02025,08-01-2021,18-01-2021,Priya,Verma,Priya Verma,Canada,East,Technology,Chairs,1789,169,1,0
ORD02026,25-09-2021,27-09-2021,Emma,Smith,Emma Smith,Canada,East,Furniture,Storage,1164,-162,12,0.1
ORD02027,01-04-2021,05-04-2021,Noah,Brown,NoahBrown,Canada,East,Technology,Tables,285,26,15,0.1
ORD02028,11-12-2021,12-12-2021,Amit,Verma,Amit Verma,Canada,West,Furniture,Accessories,1186,323,9,0
ORD02029,13-03-2022,16-03-2022,Noah,Patel,Noah Patel,Canada,West,Furniture,Tables,828,-96,8,0
ORD02030,31-01-2021,06-02-2021,Priya,Anderson,Priya Anderson,India,East,Furniture,Binders,598,203,12,0.1
ORD02031,01-08-2022,11-08-2022,Sneha,Verma,Sneha Verma,India,South,Furniture,Tables,944,-76,3,0.1
ORD02032,23-03-2021,27-03-2021,Olivia,Smith,OliviaSmith,India,East,Furniture,Tables,356,93,7,0
ORD02033,02-07-2021,07-07-2021,Olivia,Patel,Olivia Patel,UK,East,Furniture,Tables,246,83,9,0
ORD02034,23-08-2022,01-09-2022,Rahul,Johnson,Rahul Johnson,Australia,East,Technology,Phones,408,22,11,0.2
ORD02035,12-12-2022,20-12-2022,Sneha,Taylor,Sneha Taylor,India,East,Office Supplies,Chairs,1998,97,1,0
ORD02036,22-04-2022,28-04-2022,Priya,Johnson,Priya Johnson,Australia,East,Technology,Tables,316,2,9,0
ORD02037,29-09-2021,06-10-2021,Ava,Sharma,Ava Sharma,India,East,Furniture,Binders,1878,-400,13,0.2
ORD02038,16-01-2021,23-01-2021,Ava,Taylor,Ava Taylor,Australia,South,Office Supplies,Accessories,892,-64,1,0
ORD02039,24-04-2021,25-04-2021,Sneha,Patel,Sneha Patel,India,South,Furniture,Tables,137,-10,12,0.2
ORD02040,25-03-2022,03-04-2022,Olivia,Brown,Olivia Brown,UK,East,Furniture,Accessories,1017,179,6,0.2
ORD02041,20-06-2021,22-06-2021,Emma,Taylor,Emma Taylor,UK,West,Technology,Tables,1518,471,15,0.1
ORD02042,21-04-2022,29-04-2022,Ava,Smith,Ava Smith,USA,North,Technology,Phones,82,-1,13,0.2
ORD02043,12-10-2021,18-10-2021,Noah,Anderson,NoahAnderson,USA,South,Furniture,Storage,1208,174,1,0.1
ORD02044,08-03-2022,12-03-2022,Emma,Verma,Emma Verma,Australia,North,Furniture,Phones,1350,-147,14,0.1
ORD02045,09-04-2022,16-04-2022,Amit,Smith,Amit Smith,Canada,East,Technology,Phones,1261,-283,8,0.2
ORD02046,22-02-2022,23-02-2022,Sneha,Patel,Sneha Patel,Australia,South,Furniture,Accessories,500,-77,14,0.1
ORD02047,17-11-2022,19-11-2022,Rahul,Patel,Rahul Patel,Australia,East,Office Supplies,Accessories,418,-21,4,0.1
ORD02048,01-10-2021,04-10-2021,Olivia,Brown,Olivia Brown,UK,South,Furniture,Binders,1187,-78,11,0
ORD02049,22-07-2022,30-07-2022,Liam,Patel,Liam Patel,Canada,North,Office Supplies,Accessories,970,232,6,0
ORD02050,28-05-2021,07-06-2021,Sneha,Johnson,SnehaJohnson,Canada,East,Furniture,Binders,1911,225,13,0
ORD02051,18-11-2022,27-11-2022,Amit,Anderson,Amit Anderson,Australia,South,Furniture,Tables,1580,-318,6,0
ORD02052,23-04-2022,28-04-2022,Ava,Verma,Ava Verma,USA,East,Furniture,Storage,1274,-104,7,0.1
ORD02053,26-02-2022,07-03-2022,Olivia,Verma,Olivia Verma,India,North,Technology,Storage,576,183,8,0
ORD02054,08-06-2021,16-06-2021,Olivia,Johnson,Olivia Johnson,UK,South,Furniture,Accessories,1812,-71,1,0
ORD02055,14-04-2022,21-04-2022,Emma,Taylor,Emma Taylor,USA,North,Office Supplies,Storage,1377,298,5,0.2
ORD02056,21-01-2022,25-01-2022,Amit,Verma,Amit Verma,Australia,South,Office Supplies,Phones,300,47,15,0.1
ORD02057,20-12-2021,24-12-2021,Noah,Verma,Noah Verma,Canada,North,Furniture,Accessories,1027,-286,7,0.1
ORD02058,26-03-2021,03-04-2021,Sneha,Verma,Sneha Verma,USA,West,Office Supplies,Storage,1996,450,12,0.1
ORD02059,30-04-2021,03-05-2021,John,Patel,John Patel,UK,East,Technology,Tables,1492,137,13,0.1
ORD02060,11-08-2022,13-08-2022,Olivia,Sharma,Olivia Sharma,Australia,East,Technology,Phones,384,52,8,0.1
ORD02061,20-05-2021,22-05-2021,Emma,Anderson,EmmaAnderson,Australia,East,Technology,Phones,1829,-178,11,0
ORD02062,09-10-2022,17-10-2022,Liam,Anderson,Liam Anderson,USA,East,Office Supplies,Accessories,389,-21,2,0
ORD02063,19-07-2022,21-07-2022,Noah,Sharma,NoahSharma,USA,North,OfficeSupplies,Phones,1799,-109,6,0.2
ORD02064,13-09-2021,19-09-2021,Ava,Johnson,AvaJohnson,USA,East,Technology,Chairs,902,-27,8,0.1
ORD02065,18-07-2021,24-07-2021,Sneha,Johnson,Sneha Johnson,India,North,Furniture,Accessories,1671,-418,9,0.1
ORD02066,25-04-2021,26-04-2021,John,Taylor,John Taylor,USA,North,Technology,Binders,856,-113,7,0
ORD02067,18-03-2022,25-03-2022,Noah,Verma,NoahVerma,USA,South,Furniture,Storage,609,70,9,0.1
ORD02068,06-03-2022,11-03-2022,Ava,Taylor,Ava Taylor,UK,West,Furniture,Binders,1000,-229,9,0.1
ORD02069,26-10-2022,29-10-2022,Amit,Sharma,Amit Sharma,Canada,North,Technology,Binders,1884,-263,1,0.2
ORD02070,08-05-2021,09-05-2021,Sneha,Johnson,SnehaJohnson,Canada,North,Technology,Chairs,221,12,5,0
ORD02071,25-10-2022,28-10-2022,Ava,Brown,Ava Brown,USA,East,Office Supplies,Binders,983,169,7,0.1
ORD02072,30-04-2022,10-05-2022,Ava,Sharma,Ava Sharma,India,East,Furniture,Accessories,571,161,1,0.1
ORD02073,01-11-2022,07-11-2022,Ava,Patel,Ava Patel,India,South,Technology,Binders,1290,274,7,0.1
ORD02074,13-03-2022,22-03-2022,Priya,Johnson,Priya Johnson,India,North,Technology,Binders,656,157,10,0.1
ORD02075,22-10-2021,26-10-2021,John,Patel,John Patel,India,South,Office Supplies,Binders,1161,79,14,0.1
ORD02076,30-11-2021,10-12-2021,Priya,Smith,Priya Smith,India,West,Furniture,Phones,1167,-328,5,0.1
ORD02077,27-11-2022,07-12-2022,Rahul,Taylor,RahulTaylor,India,East,Furniture,Accessories,1296,-158,10,0.2
ORD02078,08-09-2022,12-09-2022,John,Smith,John Smith,Canada,North,Furniture,Chairs,1910,-201,11,0.2
ORD02079,13-01-2021,22-01-2021,Liam,Anderson,Liam Anderson,USA,South,Technology,Chairs,1210,-321,6,0.1
ORD02080,13-11-2021,16-11-2021,John,Patel,John Patel,UK,South,Office Supplies,Chairs,1335,-277,15,0.1
ORD02081,25-08-2022,29-08-2022,Noah,Sharma,NoahSharma,UK,South,Furniture,Binders,1160,-240,10,0
ORD02082,22-03-2021,30-03-2021,Olivia,Brown,Olivia Brown,India,North,Technology,Binders,1533,-171,10,0.2
ORD02083,03-07-2021,04-07-2021,Priya,Patel,PriyaPatel,India,West,Furniture,Tables,824,-235,8,0
ORD02084,27-07-2022,02-08-2022,Sneha,Verma,Sneha Verma,Canada,East,Technology,Tables,762,-169,14,0
ORD02085,02-06-2022,11-06-2022,Rahul,Verma,Rahul Verma,USA,East,Furniture,Storage,1254,158,11,0
ORD02086,10-11-2022,12-11-2022,Noah,Brown,NoahBrown,USA,East,OfficeSupplies,Accessories,748,170,11,0.1
ORD02087,22-05-2022,31-05-2022,Rahul,Anderson,Rahul Anderson,India,West,Furniture,Phones,1064,155,14,0.2
ORD02088,31-07-2022,02-08-2022,Liam,Brown,Liam Brown,Australia,South,Office Supplies,Storage,127,9,15,0
ORD02089,04-02-2021,12-02-2021,Liam,Taylor,LiamTaylor,Australia,East,Furniture,Storage,246,43,1,0
ORD02090,14-03-2021,15-03-2021,Rahul,Brown,Rahul Brown,Canada,West,Office Supplies,Storage,1799,-453,3,0
ORD02091,17-10-2021,22-10-2021,Amit,Patel,Amit Patel,Canada,West,Furniture,Tables,773,-6,12,0.2
ORD02092,16-08-2022,25-08-2022,John,Taylor,John Taylor,UK,South,Furniture,Chairs,1764,-373,5,0.1
ORD02093,22-02-2022,28-02-2022,Noah,Brown,NoahBrown,UK,West,OfficeSupplies,Chairs,1649,-273,6,0
ORD02094,10-03-2022,19-03-2022,Liam,Smith,Liam Smith,India,West,Office Supplies,Chairs,1760,500,8,0
ORD02095,10-02-2021,16-02-2021,Amit,Verma,AmitVerma,India,West,Technology,Tables,1750,-499,4,0
ORD02096,31-08-2021,02-09-2021,Amit,Patel,Amit Patel,Australia,East,Office Supplies,Tables,1607,-91,1,0.1
ORD02097,25-04-2021,01-05-2021,Noah,Sharma,Noah Sharma,UK,East,Office Supplies,Accessories,348,119,6,0
ORD02098,25-04-2021,02-05-2021,Sneha,Anderson,SnehaAnderson,UK,North,Furniture,Tables,1051,-163,2,0.1
ORD02099,12-11-2021,15-11-2021,Rahul,Smith,Rahul Smith,India,East,Technology,Phones,935,-90,5,0.1
ORD02100,23-06-2022,26-06-2022,Sneha,Brown,Sneha Brown,India,West,Office Supplies,Tables,556,-66,8,0.1
ORD02101,12-07-2021,22-07-2021,John,Patel,John Patel,USA,West,Furniture,Accessories,1068,-8,3,0.1
ORD02102,11-05-2022,18-05-2022,Sneha,Patel,Sneha Patel,Canada,North,Office Supplies,Binders,636,169,5,0.1
ORD02103,19-07-2021,21-07-2021,Rahul,Anderson,Rahul Anderson,Australia,East,Technology,Accessories,1533,330,8,0
ORD02104,07-05-2022,09-05-2022,Priya,Anderson,Priya Anderson,Australia,West,Furniture,Accessories,912,-51,3,0.2
ORD02105,23-07-2021,24-07-2021,Emma,Verma,EmmaVerma,Australia,West,Furniture,Binders,351,122,11,0
ORD02106,06-09-2022,09-09-2022,Sneha,Johnson,Sneha Johnson,India,West,Office Supplies,Chairs,1345,373,14,0
ORD02107,11-01-2021,15-01-2021,Olivia,Sharma,Olivia Sharma,UK,North,Furniture,Chairs,479,70,9,0.2
ORD02108,21-04-2022,26-04-2022,Noah,Taylor,Noah Taylor,India,North,Furniture,Chairs,850,-33,3,0
ORD02109,11-01-2022,15-01-2022,Emma,Sharma,Emma Sharma,Australia,West,Technology,Binders,1027,-211,6,0.2
ORD02110,24-06-2022,02-07-2022,Amit,Brown,AmitBrown,Australia,West,Technology,Accessories,592,74,9,0.1
ORD02111,10-12-2021,16-12-2021,Ava,Patel,Ava Patel,Australia,North,Office Supplies,Phones,1291,-253,15,0.1
ORD02112,29-12-2022,30-12-2022,Ava,Sharma,Ava Sharma,USA,West,Office Supplies,Accessories,76,5,5,0.1
ORD02113,15-02-2021,25-02-2021,Priya,Johnson,PriyaJohnson,USA,South,OfficeSupplies,Chairs,758,-25,4,0.1
ORD02114,05-10-2022,14-10-2022,Noah,Verma,Noah Verma,India,West,Office Supplies,Chairs,977,151,1,0.2
ORD02115,13-01-2022,18-01-2022,Sneha,Verma,SnehaVerma,India,West,OfficeSupplies,Chairs,721,-183,13,0.2
ORD02116,15-09-2021,22-09-2021,John,Sharma,John Sharma,Australia,South,Technology,Chairs,334,28,6,0.1
ORD02117,26-07-2022,30-07-2022,Noah,Sharma,Noah Sharma,UK,North,Furniture,Chairs,1671,450,10,0.2
ORD02118,24-12-2021,28-12-2021,Amit,Verma,Amit Verma,India,East,Furniture,Chairs,954,-201,12,0
ORD02119,15-04-2021,21-04-2021,Olivia,Taylor,Olivia Taylor,UK,North,Furniture,Binders,1851,-94,14,0.2
ORD02120,29-05-2022,02-06-2022,Sneha,Patel,Sneha Patel,India,South,Furniture,Binders,452,72,10,0.1
ORD02121,10-10-2022,13-10-2022,Olivia,Sharma,Olivia Sharma,India,South,Office Supplies,Phones,282,80,14,0.1
ORD02122,11-12-2022,15-12-2022,Liam,Johnson,Liam Johnson,UK,North,Office Supplies,Accessories,1859,-13,2,0.2
ORD02123,03-04-2021,13-04-2021,Ava,Verma,AvaVerma,UK,North,Technology,Storage,887,-89,13,0.1
ORD02124,05-05-2022,06-05-2022,Rahul,Smith,Rahul Smith,USA,West,Office Supplies,Phones,370,-48,1,0.1
ORD02125,31-10-2021,02-11-2021,Noah,Brown,Noah Brown,Canada,South,Furniture,Storage,1139,49,7,0.2
ORD02126,26-04-2022,02-05-2022,Olivia,Taylor,Olivia Taylor,UK,East,Office Supplies,Phones,1675,-169,13,0
ORD02127,10-01-2021,18-01-2021,Sneha,Smith,Sneha Smith,UK,North,Office Supplies,Phones,215,65,6,0
ORD02128,14-06-2022,21-06-2022,Amit,Johnson,Amit Johnson,USA,West,Technology,Phones,1657,298,2,0.1
ORD02129,21-07-2022,31-07-2022,John,Smith,John Smith,Canada,East,Office Supplies,Tables,1208,-45,4,0
ORD02130,26-10-2021,31-10-2021,Liam,Sharma,Liam Sharma,UK,East,Office Supplies,Tables,544,-32,13,0.2
ORD02131,21-05-2022,29-05-2022,Liam,Brown,Liam Brown,India,North,Office Supplies,Storage,505,-97,5,0.2
ORD02132,02-03-2022,08-03-2022,Ava,Brown,Ava Brown,USA,South,Office Supplies,Binders,871,-114,7,0.1
ORD02133,23-06-2021,28-06-2021,Liam,Anderson,Liam Anderson,India,North,Furniture,Phones,1309,44,3,0
ORD02134,19-11-2021,28-11-2021,Amit,Smith,Amit Smith,Canada,East,Office Supplies,Accessories,1420,-403,13,0.1
ORD02135,19-05-2021,26-05-2021,Noah,Johnson,Noah Johnson,Australia,East,Office Supplies,Chairs,366,-105,2,0.1
ORD02136,04-02-2022,14-02-2022,Liam,Taylor,Liam Taylor,UK,North,Furniture,Phones,814,-85,14,0.1
ORD02137,22-10-2022,28-10-2022,Emma,Anderson,Emma Anderson,UK,South,Technology,Binders,29,4,4,0
ORD02138,16-10-2021,18-10-2021,Ava,Anderson,Ava Anderson,Australia,East,Office Supplies,Binders,416,-38,13,0.1
ORD02139,03-12-2022,05-12-2022,Amit,Sharma,Amit Sharma,India,South,Furniture,Binders,1118,-91,14,0.2
ORD02140,27-07-2021,30-07-2021,Amit,Taylor,Amit Taylor,UK,North,Furniture,Binders,1710,359,6,0.2
ORD02141,21-06-2022,25-06-2022,Liam,Brown,LiamBrown,UK,East,Technology,Phones,849,297,11,0
ORD02142,06-04-2021,07-04-2021,Sneha,Anderson,Sneha Anderson,USA,East,Technology,Storage,655,-49,4,0.1
ORD02143,20-09-2022,30-09-2022,Rahul,Brown,Rahul Brown,Australia,South,Furniture,Binders,114,15,2,0
ORD02144,10-10-2022,17-10-2022,Noah,Sharma,Noah Sharma,Canada,North,Office Supplies,Binders,1592,-168,13,0.1
ORD02145,06-08-2021,12-08-2021,Liam,Johnson,Liam Johnson,Australia,North,Furniture,Phones,526,-38,15,0
ORD02146,17-09-2021,23-09-2021,Ava,Brown,Ava Brown,Australia,North,Furniture,Accessories,339,49,14,0
ORD02147,05-06-2022,15-06-2022,Emma,Patel,Emma Patel,UK,West,Technology,Phones,1699,-337,5,0.2
ORD02148,19-04-2021,27-04-2021,Emma,Smith,Emma Smith,India,West,Office Supplies,Accessories,1587,197,1,0
ORD02149,17-07-2022,19-07-2022,Priya,Smith,PriyaSmith,India,South,Technology,Phones,474,-27,13,0
ORD02150,21-07-2022,24-07-2022,Sneha,Patel,Sneha Patel,USA,North,Technology,Accessories,1095,250,6,0.1
ORD02151,02-04-2021,07-04-2021,Ava,Johnson,Ava Johnson,Australia,South,Technology,Tables,1892,-249,10,0.2
ORD02152,08-03-2021,11-03-2021,Ava,Sharma,AvaSharma,Australia,West,Furniture,Binders,526,-14,10,0
ORD02153,07-09-2021,10-09-2021,Liam,Taylor,Liam Taylor,Australia,West,Office Supplies,Binders,329,-58,14,0
ORD02154,08-11-2021,16-11-2021,Amit,Verma,Amit Verma,Australia,West,Technology,Tables,212,22,6,0
ORD02155,08-03-2022,11-03-2022,Sneha,Anderson,Sneha Anderson,Canada,West,Furniture,Tables,169,54,13,0
ORD02156,19-11-2021,24-11-2021,Amit,Brown,AmitBrown,Canada,West,OfficeSupplies,Tables,452,-78,5,0
ORD02157,17-04-2021,18-04-2021,Emma,Sharma,Emma Sharma,UK,South,Furniture,Accessories,1899,408,11,0.1
ORD02158,02-04-2021,06-04-2021,Olivia,Smith,Olivia Smith,India,South,Technology,Chairs,1840,348,12,0.1
ORD02159,15-09-2021,21-09-2021,Liam,Brown,Liam Brown,USA,West,Furniture,Chairs,454,-1,12,0
ORD02160,07-01-2021,08-01-2021,John,Taylor,John Taylor,Canada,South,Technology,Chairs,1491,170,10,0
ORD02161,02-04-2021,03-04-2021,Amit,Sharma,AmitSharma,Canada,South,OfficeSupplies,Phones,1190,-285,12,0.1
ORD02162,13-03-2022,17-03-2022,Emma,Smith,Emma Smith,India,West,Furniture,Phones,1964,-338,3,0.1
ORD02163,09-01-2021,11-01-2021,Emma,Verma,EmmaVerma,India,East,OfficeSupplies,Phones,243,44,12,0.1
ORD02164,14-07-2022,21-07-2022,Ava,Smith,Ava Smith,India,South,Furniture,Accessories,1743,-35,8,0.1
ORD02165,10-11-2022,17-11-2022,Emma,Sharma,Emma Sharma,USA,West,Technology,Binders,1715,10,10,0.1
ORD02166,30-11-2022,06-12-2022,Rahul,Patel,Rahul Patel,India,West,Technology,Binders,198,-56,2,0.2
ORD02167,27-08-2022,04-09-2022,Sneha,Taylor,Sneha Taylor,India,South,Office Supplies,Accessories,894,173,8,0.1
ORD02168,08-03-2021,12-03-2021,Noah,Verma,Noah Verma,Canada,East,Office Supplies,Tables,1838,15,4,0.1
ORD02169,31-01-2021,06-02-2021,Noah,Johnson,Noah Johnson,USA,North,Furniture,Storage,1915,168,3,0.1
ORD02170,18-08-2022,28-08-2022,Noah,Taylor,Noah Taylor,India,North,Furniture,Phones,671,92,8,0.2
ORD02171,23-07-2021,28-07-2021,Liam,Taylor,Liam Taylor,USA,North,Office Supplies,Chairs,1176,61,11,0
ORD02172,25-12-2021,28-12-2021,Ava,Sharma,Ava Sharma,Canada,North,Office Supplies,Chairs,1792,354,9,0
ORD02173,12-01-2021,13-01-2021,Sneha,Verma,Sneha Verma,Australia,North,Technology,Chairs,953,85,4,0.1
ORD02174,03-07-2022,04-07-2022,Amit,Sharma,Amit Sharma,Australia,South,Technology,Phones,1608,50,5,0.2
ORD02175,05-09-2021,09-09-2021,John,Johnson,John Johnson,Canada,South,Furniture,Phones,246,-11,15,0.1
ORD02176,15-05-2021,19-05-2021,John,Anderson,JohnAnderson,Canada,South,Furniture,Tables,1682,328,7,0
ORD02177,28-10-2021,03-11-2021,Rahul,Johnson,Rahul Johnson,Canada,North,Office Supplies,Storage,1114,-308,14,0.1
ORD02178,25-03-2021,01-04-2021,Rahul,Patel,Rahul Patel,USA,North,Furniture,Chairs,545,94,15,0.1
ORD02179,05-11-2022,12-11-2022,Amit,Verma,Amit Verma,Canada,North,Technology,Binders,1040,197,4,0.1
ORD02180,29-08-2022,06-09-2022,Sneha,Anderson,Sneha Anderson,Australia,South,Furniture,Binders,392,-94,9,0
ORD02181,24-07-2021,28-07-2021,Sneha,Taylor,Sneha Taylor,UK,East,Furniture,Chairs,182,8,6,0.1
ORD02182,16-06-2022,20-06-2022,Liam,Smith,Liam Smith,India,East,Technology,Storage,1386,-145,7,0
ORD02183,27-12-2021,31-12-2021,Amit,Brown,Amit Brown,Australia,West,Technology,Tables,1744,-283,7,0
ORD02184,26-11-2021,03-12-2021,Amit,Sharma,Amit Sharma,UK,West,Technology,Tables,39,3,13,0.1
ORD02185,11-06-2022,13-06-2022,John,Smith,John Smith,Australia,South,Furniture,Accessories,795,-15,6,0.2
ORD02186,25-08-2021,01-09-2021,John,Johnson,John Johnson,India,West,Furniture,Accessories,1173,-143,3,0
ORD02187,20-03-2021,24-03-2021,Sneha,Verma,Sneha Verma,UK,North,Office Supplies,Tables,545,143,14,0
ORD02188,25-06-2021,28-06-2021,Emma,Sharma,Emma Sharma,Canada,North,Furniture,Accessories,1970,38,11,0
ORD02189,23-10-2022,25-10-2022,Priya,Smith,Priya Smith,India,West,Technology,Binders,457,-114,5,0
ORD02190,09-02-2021,13-02-2021,John,Johnson,John Johnson,UK,East,Office Supplies,Storage,1543,-93,13,0.2
ORD02191,07-11-2021,11-11-2021,Rahul,Smith,Rahul Smith,Canada,East,Technology,Storage,180,-46,15,0
ORD02192,05-12-2022,10-12-2022,Liam,Verma,Liam Verma,India,South,Office Supplies,Binders,614,65,6,0.1
ORD02193,26-07-2022,31-07-2022,Noah,Johnson,Noah Johnson,India,South,Office Supplies,Phones,1437,-319,9,0.1
ORD02194,30-12-2022,09-01-2023,Amit,Brown,Amit Brown,UK,South,Furniture,Tables,520,153,1,0
ORD02195,11-05-2021,19-05-2021,Sneha,Johnson,Sneha Johnson,UK,East,Technology,Tables,178,-36,13,0
ORD02196,01-07-2021,04-07-2021,Emma,Smith,EmmaSmith,UK,West,Technology,Phones,617,96,13,0.1
ORD02197,04-08-2022,14-08-2022,John,Taylor,John Taylor,Canada,West,Technology,Binders,782,-27,14,0.2
ORD02198,27-05-2022,30-05-2022,Rahul,Anderson,Rahul Anderson,UK,West,Office Supplies,Phones,1104,-166,14,0.2
ORD02199,11-10-2022,19-10-2022,Rahul,Anderson,Rahul Anderson,India,East,Furniture,Accessories,149,-37,7,0
ORD02200,27-02-2022,28-02-2022,Olivia,Verma,OliviaVerma,India,North,OfficeSupplies,Tables,987,-90,6,0.2
ORD02201,26-10-2021,01-11-2021,Liam,Johnson,Liam Johnson,India,West,Technology,Tables,260,17,14,0
ORD02202,22-07-2022,23-07-2022,Rahul,Sharma,Rahul Sharma,India,East,Furniture,Tables,1561,-222,9,0.1
ORD02203,22-07-2022,29-07-2022,John,Brown,JohnBrown,India,East,Furniture,Storage,188,-45,7,0.1
ORD02204,22-04-2021,26-04-2021,John,Brown,John Brown,India,East,Technology,Tables,1706,-267,14,0
ORD02205,07-02-2022,14-02-2022,Emma,Patel,EmmaPatel,India,East,Technology,Accessories,857,-214,3,0
ORD02206,19-07-2021,23-07-2021,Ava,Sharma,Ava Sharma,Australia,North,Technology,Phones,1142,62,4,0.2
ORD02207,17-03-2022,19-03-2022,Sneha,Verma,Sneha Verma,Canada,South,Technology,Storage,107,30,11,0.2
ORD02208,16-09-2021,26-09-2021,Olivia,Sharma,OliviaSharma,Canada,West,Technology,Storage,1976,-315,9,0
ORD02209,25-09-2021,30-09-2021,Noah,Johnson,Noah Johnson,Canada,South,Office Supplies,Phones,795,-181,2,0.1
ORD02210,03-08-2022,04-08-2022,Priya,Anderson,Priya Anderson,Australia,East,Technology,Phones,721,199,10,0.1
ORD02211,09-05-2022,18-05-2022,Amit,Johnson,Amit Johnson,Australia,East,Office Supplies,Phones,112,0,13,0
ORD02212,24-10-2021,26-10-2021,Rahul,Patel,Rahul Patel,Canada,South,Technology,Phones,734,-183,5,0
ORD02213,02-07-2022,07-07-2022,Olivia,Smith,Olivia Smith,UK,West,Technology,Phones,445,44,1,0
ORD02214,19-12-2021,25-12-2021,Rahul,Patel,Rahul Patel,Australia,North,Furniture,Phones,83,24,15,0
ORD02215,16-04-2021,17-04-2021,Noah,Verma,Noah Verma,Canada,North,Office Supplies,Chairs,563,-147,6,0
ORD02216,05-09-2021,09-09-2021,Sneha,Taylor,Sneha Taylor,India,North,Technology,Accessories,471,85,1,0
ORD02217,06-05-2022,16-05-2022,Ava,Brown,Ava Brown,UK,South,Furniture,Tables,1405,-154,10,0
ORD02218,25-08-2022,30-08-2022,John,Anderson,John Anderson,Canada,South,Technology,Storage,1772,-462,13,0.2
ORD02219,15-12-2021,25-12-2021,Priya,Taylor,Priya Taylor,Canada,South,Technology,Chairs,1269,189,3,0.1
ORD02220,14-09-2021,16-09-2021,Emma,Brown,Emma Brown,Australia,North,Furniture,Chairs,286,68,14,0.1
ORD02221,14-09-2022,21-09-2022,Emma,Brown,Emma Brown,USA,North,Furniture,Tables,1967,675,15,0
ORD02222,18-08-2021,22-08-2021,John,Taylor,John Taylor,USA,North,Technology,Phones,839,20,8,0
ORD02223,05-09-2022,06-09-2022,Rahul,Smith,RahulSmith,USA,West,OfficeSupplies,Phones,1196,213,2,0.1
ORD02224,21-05-2021,24-05-2021,John,Taylor,John Taylor,Canada,South,Technology,Storage,464,1,14,0.1
ORD02225,16-08-2022,22-08-2022,Amit,Anderson,Amit Anderson,USA,East,Office Supplies,Chairs,649,-14,9,0.1
ORD02226,28-08-2022,03-09-2022,Noah,Smith,Noah Smith,India,South,Technology,Chairs,581,-11,5,0.1
ORD02227,03-06-2021,06-06-2021,Sneha,Sharma,Sneha Sharma,Australia,South,Technology,Chairs,975,-123,2,0.1
ORD02228,13-06-2022,16-06-2022,Rahul,Taylor,Rahul Taylor,USA,North,Technology,Storage,1849,460,1,0.1
ORD02229,07-03-2022,10-03-2022,John,Verma,John Verma,Australia,South,Technology,Chairs,838,-94,12,0.2
ORD02230,23-03-2021,28-03-2021,Sneha,Smith,Sneha Smith,UK,East,Office Supplies,Chairs,74,2,14,0.1
ORD02231,31-12-2022,04-01-2023,Emma,Smith,Emma Smith,Australia,North,Office Supplies,Binders,1265,217,12,0
ORD02232,18-08-2022,28-08-2022,Noah,Verma,Noah Verma,Australia,North,Technology,Phones,1386,240,11,0.1
ORD02233,11-09-2021,21-09-2021,Amit,Taylor,Amit Taylor,India,East,Office Supplies,Tables,517,-48,9,0.1
ORD02234,15-05-2021,21-05-2021,John,Verma,JohnVerma,India,West,Furniture,Chairs,1713,-502,8,0.2
ORD02235,15-05-2021,20-05-2021,Priya,Smith,PriyaSmith,India,East,OfficeSupplies,Tables,1651,-352,14,0.2
ORD02236,16-09-2022,26-09-2022,Sneha,Verma,Sneha Verma,USA,West,Office Supplies,Tables,1310,427,5,0
ORD02237,12-04-2022,18-04-2022,Ava,Anderson,Ava Anderson,Australia,South,Office Supplies,Phones,1495,360,1,0
ORD02238,17-11-2021,27-11-2021,Amit,Brown,Amit Brown,India,East,Office Supplies,Phones,1863,389,8,0.1
ORD02239,01-08-2022,09-08-2022,Emma,Sharma,Emma Sharma,Australia,East,Furniture,Binders,1925,-233,2,0
ORD02240,10-02-2021,16-02-2021,Amit,Taylor,Amit Taylor,Australia,East,Office Supplies,Binders,476,38,15,0
ORD02241,04-08-2022,08-08-2022,Emma,Anderson,Emma Anderson,UK,East,Office Supplies,Tables,639,-22,6,0
ORD02242,22-08-2021,29-08-2021,Rahul,Brown,RahulBrown,UK,West,OfficeSupplies,Chairs,431,130,3,0
ORD02243,29-07-2021,07-08-2021,Ava,Patel,AvaPatel,UK,South,Furniture,Storage,1639,-152,13,0.2
ORD02244,12-01-2022,22-01-2022,Noah,Verma,Noah Verma,UK,East,Technology,Accessories,1983,161,13,0
ORD02245,06-11-2022,12-11-2022,Olivia,Sharma,OliviaSharma,UK,West,Technology,Tables,541,-157,6,0.2
ORD02246,29-09-2022,09-10-2022,Priya,Johnson,Priya Johnson,Australia,North,Technology,Storage,1145,275,14,0.1
ORD02247,01-02-2021,11-02-2021,John,Smith,John Smith,Australia,South,Furniture,Tables,1108,-118,15,0.2
ORD02248,02-10-2021,05-10-2021,Liam,Smith,LiamSmith,Australia,West,Technology,Binders,1815,-300,5,0
ORD02249,25-09-2022,05-10-2022,Amit,Anderson,AmitAnderson,Australia,West,Technology,Phones,1664,-27,8,0
ORD02250,03-07-2021,04-07-2021,Priya,Smith,Priya Smith,Canada,South,Technology,Phones,704,167,7,0.1
ORD02251,08-01-2021,15-01-2021,Priya,Sharma,Priya Sharma,India,North,Technology,Chairs,1946,431,7,0
ORD02252,25-08-2021,02-09-2021,Amit,Patel,Amit Patel,Australia,North,Furniture,Chairs,1563,481,4,0.1
ORD02253,21-06-2021,23-06-2021,Priya,Sharma,Priya Sharma,UK,West,Furniture,Chairs,1475,-24,5,0.1
ORD02254,13-01-2022,14-01-2022,John,Johnson,John Johnson,Australia,North,Office Supplies,Tables,1667,125,8,0.1
ORD02255,03-03-2021,04-03-2021,Priya,Sharma,Priya Sharma,UK,North,Furniture,Phones,1082,165,2,0
ORD02256,20-01-2021,22-01-2021,Ava,Sharma,Ava Sharma,UK,South,Technology,Accessories,538,28,1,0.1
ORD02257,30-10-2021,01-11-2021,John,Brown,John Brown,Australia,South,Technology,Accessories,289,54,1,0
ORD02258,21-09-2021,29-09-2021,John,Johnson,John Johnson,Canada,South,Furniture,Phones,584,-7,8,0.2
ORD02259,17-05-2021,25-05-2021,Liam,Brown,Liam Brown,Canada,South,Office Supplies,Phones,800,-193,4,0.2
ORD02260,28-08-2022,31-08-2022,Sneha,Smith,Sneha Smith,India,West,Technology,Phones,257,-62,7,0.2
ORD02261,27-10-2021,31-10-2021,Emma,Taylor,Emma Taylor,UK,East,Furniture,Accessories,606,-143,3,0.1
ORD02262,09-10-2022,17-10-2022,Ava,Patel,Ava Patel,Australia,East,Technology,Chairs,727,209,12,0.1
ORD02263,02-12-2022,12-12-2022,Rahul,Brown,Rahul Brown,Australia,North,Office Supplies,Accessories,1656,323,14,0.2
ORD02264,08-10-2022,16-10-2022,Sneha,Sharma,Sneha Sharma,Canada,South,Furniture,Chairs,800,-50,6,0
ORD02265,19-03-2022,27-03-2022,Priya,Smith,Priya Smith,Australia,West,Office Supplies,Tables,1274,-336,15,0.1
ORD02266,21-04-2021,30-04-2021,Olivia,Verma,Olivia Verma,UK,South,Furniture,Tables,1038,61,2,0
ORD02267,01-01-2021,04-01-2021,Amit,Patel,Amit Patel,India,East,Office Supplies,Phones,1026,-81,4,0
ORD02268,12-11-2022,13-11-2022,John,Sharma,John Sharma,Canada,West,Technology,Accessories,1385,-182,6,0.1
ORD02269,19-09-2021,28-09-2021,Noah,Taylor,Noah Taylor,UK,South,Furniture,Chairs,49,15,9,0.1
ORD02270,14-09-2022,17-09-2022,Rahul,Anderson,Rahul Anderson,Canada,South,Technology,Storage,1853,406,10,0.1
ORD02271,15-06-2021,16-06-2021,Liam,Patel,Liam Patel,USA,South,Furniture,Storage,111,-5,8,0
ORD02272,12-09-2022,18-09-2022,Amit,Taylor,Amit Taylor,Canada,South,Furniture,Phones,479,-97,3,0.1
ORD02273,29-05-2021,08-06-2021,Priya,Sharma,PriyaSharma,Canada,South,Technology,Tables,1020,-78,1,0.2
ORD02274,12-06-2022,20-06-2022,Amit,Smith,Amit Smith,Canada,West,Office Supplies,Accessories,125,-9,11,0
ORD02275,15-10-2022,18-10-2022,Priya,Patel,PriyaPatel,Canada,East,Furniture,Chairs,1100,263,14,0.1
ORD02276,18-07-2021,19-07-2021,John,Smith,John Smith,USA,East,Technology,Binders,1072,13,15,0
ORD02277,25-06-2021,02-07-2021,Ava,Anderson,Ava Anderson,Canada,East,Furniture,Binders,1681,-169,11,0.1
ORD02278,01-10-2022,07-10-2022,Olivia,Smith,Olivia Smith,Canada,East,Technology,Tables,1130,237,3,0.2
ORD02279,10-01-2021,12-01-2021,Ava,Anderson,Ava Anderson,UK,West,Office Supplies,Tables,1010,-64,14,0
ORD02280,10-11-2022,18-11-2022,Rahul,Taylor,Rahul Taylor,India,North,Office Supplies,Accessories,915,-230,4,0.2
ORD02281,24-04-2022,04-05-2022,Liam,Verma,Liam Verma,Canada,North,Technology,Chairs,1588,-133,11,0
ORD02282,11-02-2022,16-02-2022,John,Johnson,John Johnson,UK,East,Office Supplies,Tables,1518,-233,14,0.2
ORD02283,04-05-2022,12-05-2022,Amit,Taylor,AmitTaylor,UK,South,Technology,Storage,493,-140,4,0.1
ORD02284,03-05-2022,12-05-2022,Rahul,Johnson,Rahul Johnson,India,East,Furniture,Storage,1754,28,6,0
ORD02285,04-05-2021,13-05-2021,Rahul,Johnson,Rahul Johnson,Canada,East,Technology,Phones,1504,-151,13,0.1
ORD02286,08-03-2021,12-03-2021,Amit,Taylor,Amit Taylor,UK,East,Furniture,Tables,1736,-231,7,0
ORD02287,06-11-2022,14-11-2022,Amit,Sharma,Amit Sharma,Australia,West,Furniture,Tables,286,87,9,0
ORD02288,07-10-2021,15-10-2021,Sneha,Verma,Sneha Verma,UK,North,Furniture,Tables,76,-1,6,0.1
ORD02289,28-09-2021,07-10-2021,Ava,Smith,Ava Smith,India,West,Office Supplies,Storage,1889,-59,10,0.1
ORD02290,28-10-2021,04-11-2021,Sneha,Taylor,SnehaTaylor,India,North,Furniture,Storage,320,30,10,0.1
ORD02291,27-12-2022,04-01-2023,Liam,Anderson,Liam Anderson,USA,East,Technology,Storage,164,1,11,0.1
ORD02292,11-05-2022,20-05-2022,Liam,Patel,LiamPatel,USA,North,OfficeSupplies,Accessories,951,199,8,0.1
ORD02293,11-01-2021,13-01-2021,John,Patel,John Patel,Australia,West,Office Supplies,Accessories,432,-40,4,0
ORD02294,14-04-2022,16-04-2022,John,Johnson,John Johnson,USA,South,Technology,Tables,727,136,11,0.1
ORD02295,15-06-2021,19-06-2021,Amit,Anderson,Amit Anderson,Canada,West,Furniture,Tables,1303,101,12,0
ORD02296,20-08-2021,22-08-2021,Rahul,Taylor,Rahul Taylor,India,West,Technology,Tables,1434,252,12,0
ORD02297,24-06-2021,03-07-2021,Amit,Verma,Amit Verma,Australia,North,Technology,Chairs,1835,-369,11,0
ORD02298,01-12-2021,07-12-2021,Noah,Anderson,Noah Anderson,India,North,Furniture,Phones,33,2,9,0.1
ORD02299,21-11-2022,26-11-2022,Ava,Smith,Ava Smith,Canada,West,Furniture,Storage,596,153,1,0
ORD02300,25-03-2022,27-03-2022,Rahul,Smith,Rahul Smith,UK,West,Technology,Tables,1490,-67,4,0
ORD02301,25-06-2021,03-07-2021,Emma,Anderson,Emma Anderson,Canada,North,Technology,Chairs,1252,405,9,0.1
ORD02302,05-04-2022,10-04-2022,Noah,Smith,NoahSmith,Canada,North,Furniture,Chairs,1611,545,4,0.1
ORD02303,28-03-2021,03-04-2021,Emma,Sharma,Emma Sharma,USA,West,Office Supplies,Chairs,1770,105,8,0
ORD02304,16-03-2022,23-03-2022,Sneha,Smith,Sneha Smith,UK,West,Office Supplies,Accessories,897,-189,13,0.1
ORD02305,16-10-2021,17-10-2021,John,Verma,JohnVerma,UK,South,Technology,Phones,1553,-185,14,0
ORD02306,17-07-2021,24-07-2021,Sneha,Anderson,Sneha Anderson,India,West,Office Supplies,Tables,1280,-237,4,0
ORD02307,23-07-2022,26-07-2022,Ava,Taylor,Ava Taylor,USA,South,Office Supplies,Tables,1406,-213,13,0
ORD02308,22-02-2022,03-03-2022,John,Taylor,John Taylor,USA,East,Furniture,Chairs,706,-78,11,0
ORD02309,06-09-2022,14-09-2022,Priya,Taylor,Priya Taylor,India,West,Technology,Chairs,381,-76,10,0.1
ORD02310,18-03-2022,27-03-2022,John,Smith,JohnSmith,India,West,OfficeSupplies,Tables,1188,69,6,0
ORD02311,21-09-2022,22-09-2022,Liam,Taylor,Liam Taylor,Australia,West,Furniture,Storage,1901,22,11,0.1
ORD02312,08-04-2021,14-04-2021,Amit,Verma,AmitVerma,Australia,South,OfficeSupplies,Chairs,106,16,5,0.1
ORD02313,06-10-2022,11-10-2022,Olivia,Johnson,Olivia Johnson,Australia,East,Office Supplies,Phones,1721,190,6,0.1
ORD02314,29-11-2021,03-12-2021,Emma,Anderson,Emma Anderson,Australia,North,Technology,Chairs,932,151,15,0.1
ORD02315,22-12-2021,01-01-2022,John,Smith,John Smith,India,South,Office Supplies,Chairs,262,29,15,0
ORD02316,25-12-2021,30-12-2021,Olivia,Anderson,Olivia Anderson,Australia,West,Office Supplies,Binders,129,-15,1,0.2
ORD02317,13-10-2021,21-10-2021,Emma,Brown,Emma Brown,India,South,Technology,Binders,629,-63,2,0
ORD02318,11-10-2021,21-10-2021,Sneha,Brown,Sneha Brown,Australia,West,Office Supplies,Accessories,32,10,9,0
ORD02319,30-11-2022,03-12-2022,Amit,Sharma,Amit Sharma,Australia,South,Technology,Tables,1238,-203,6,0.2
ORD02320,07-03-2022,09-03-2022,Amit,Verma,Amit Verma,UK,West,Technology,Tables,1597,340,2,0.1
ORD02321,06-07-2021,16-07-2021,Noah,Anderson,Noah Anderson,UK,South,Furniture,Binders,785,-205,15,0.2
ORD02322,17-11-2022,24-11-2022,Priya,Sharma,Priya Sharma,Australia,North,Office Supplies,Accessories,422,67,12,0
ORD02323,24-11-2022,04-12-2022,Priya,Patel,Priya Patel,Australia,South,Furniture,Phones,625,-108,1,0.1
ORD02324,10-10-2021,14-10-2021,Liam,Smith,Liam Smith,USA,South,Office Supplies,Phones,355,-41,6,0.1
ORD02325,23-02-2021,03-03-2021,Sneha,Anderson,Sneha Anderson,Canada,North,Office Supplies,Phones,510,-79,1,0.1
ORD02326,26-03-2022,04-04-2022,Priya,Brown,Priya Brown,Canada,West,Furniture,Tables,303,-26,2,0.1
ORD02327,02-07-2021,11-07-2021,Liam,Brown,Liam Brown,UK,East,Office Supplies,Tables,130,8,7,0.1
ORD02328,20-07-2021,21-07-2021,Emma,Taylor,EmmaTaylor,UK,East,Technology,Binders,27,-5,8,0.1
ORD02329,26-04-2022,06-05-2022,Liam,Taylor,LiamTaylor,UK,South,OfficeSupplies,Binders,1166,-153,2,0.2
ORD02330,07-06-2021,11-06-2021,Priya,Smith,PriyaSmith,UK,South,Furniture,Chairs,1144,160,8,0.1
ORD02331,10-05-2021,18-05-2021,Priya,Anderson,Priya Anderson,Australia,North,Furniture,Phones,790,81,13,0
ORD02332,08-06-2021,09-06-2021,Rahul,Anderson,RahulAnderson,Australia,North,Technology,Storage,316,-43,8,0.2
ORD02333,08-04-2022,18-04-2022,Liam,Taylor,Liam Taylor,Australia,West,Furniture,Binders,649,-80,8,0.1
ORD02334,27-08-2022,04-09-2022,Priya,Brown,Priya Brown,Canada,East,Furniture,Binders,474,-38,4,0
ORD02335,08-10-2021,16-10-2021,Amit,Taylor,Amit Taylor,Canada,East,Furniture,Phones,1986,-297,5,0.1
ORD02336,02-01-2021,11-01-2021,Amit,Verma,Amit Verma,UK,East,Office Supplies,Chairs,1282,72,6,0.1
ORD02337,22-05-2022,23-05-2022,Ava,Sharma,Ava Sharma,USA,East,Technology,Tables,1140,9,13,0
ORD02338,08-01-2021,10-01-2021,Priya,Sharma,Priya Sharma,Australia,South,Office Supplies,Accessories,876,-64,3,0.1
ORD02339,08-05-2021,11-05-2021,Priya,Johnson,Priya Johnson,USA,South,Technology,Phones,880,73,7,0.1
ORD02340,07-05-2021,10-05-2021,Rahul,Sharma,Rahul Sharma,USA,West,Office Supplies,Binders,497,-143,7,0
ORD02341,28-05-2021,31-05-2021,Noah,Sharma,NoahSharma,USA,East,Furniture,Chairs,746,-168,8,0.1
ORD02342,08-06-2021,13-06-2021,Sneha,Patel,Sneha Patel,UK,West,Furniture,Accessories,144,-33,12,0
ORD02343,06-12-2022,15-12-2022,Ava,Sharma,Ava Sharma,India,West,Office Supplies,Tables,30,2,13,0
ORD02344,18-06-2022,19-06-2022,Rahul,Johnson,Rahul Johnson,India,East,Office Supplies,Accessories,451,107,11,0.2
ORD02345,24-10-2022,01-11-2022,John,Taylor,John Taylor,Canada,South,Furniture,Accessories,952,-226,10,0.1
ORD02346,19-03-2021,28-03-2021,Priya,Anderson,Priya Anderson,Australia,West,Furniture,Tables,935,183,3,0
ORD02347,27-08-2021,05-09-2021,Olivia,Verma,Olivia Verma,India,West,Technology,Binders,1709,69,6,0.1
ORD02348,10-11-2021,14-11-2021,Olivia,Smith,Olivia Smith,India,West,Furniture,Chairs,769,242,13,0
ORD02349,03-04-2022,08-04-2022,Noah,Anderson,Noah Anderson,Australia,South,Office Supplies,Binders,1602,-21,10,0
ORD02350,13-06-2022,16-06-2022,Liam,Smith,Liam Smith,India,West,Technology,Storage,172,-43,5,0
ORD02351,15-03-2022,17-03-2022,Noah,Taylor,Noah Taylor,India,East,Technology,Accessories,1922,-382,7,0.1
ORD02352,31-08-2021,01-09-2021,Ava,Sharma,Ava Sharma,Canada,East,Office Supplies,Tables,524,-73,2,0.1
ORD02353,20-09-2021,29-09-2021,John,Brown,John Brown,Canada,South,Furniture,Chairs,492,90,6,0.1
ORD02354,27-09-2022,05-10-2022,Rahul,Brown,Rahul Brown,Canada,South,Technology,Binders,910,-147,7,0
ORD02355,14-08-2022,20-08-2022,Amit,Smith,Amit Smith,Canada,West,Office Supplies,Chairs,855,-123,3,0.1
ORD02356,26-11-2021,01-12-2021,Liam,Anderson,Liam Anderson,India,South,Furniture,Tables,223,16,10,0
ORD02357,17-03-2022,23-03-2022,Priya,Verma,Priya Verma,Canada,West,Technology,Accessories,1714,503,7,0.2
ORD02358,27-12-2022,29-12-2022,Emma,Verma,Emma Verma,Australia,East,Furniture,Tables,1367,175,8,0
ORD02359,15-12-2021,21-12-2021,Ava,Verma,Ava Verma,India,North,Office Supplies,Storage,583,3,1,0.2
ORD02360,02-01-2021,10-01-2021,Ava,Patel,AvaPatel,India,East,Furniture,Storage,1471,106,14,0
ORD02361,24-02-2021,27-02-2021,Emma,Taylor,Emma Taylor,India,East,Technology,Accessories,1154,383,11,0
ORD02362,30-06-2021,02-07-2021,John,Johnson,John Johnson,India,East,Furniture,Accessories,1096,85,7,0.1
ORD02363,08-09-2021,12-09-2021,Priya,Brown,Priya Brown,Australia,South,Technology,Accessories,1305,-155,7,0.1
ORD02364,09-05-2021,15-05-2021,Emma,Smith,Emma Smith,UK,North,Technology,Tables,1171,-101,4,0.2
ORD02365,02-09-2021,10-09-2021,Priya,Johnson,Priya Johnson,USA,East,Technology,Chairs,352,48,14,0
ORD02366,07-05-2021,12-05-2021,Sneha,Johnson,Sneha Johnson,Canada,East,Office Supplies,Chairs,1243,-37,13,0
ORD02367,05-04-2022,13-04-2022,Emma,Verma,EmmaVerma,Canada,North,OfficeSupplies,Chairs,122,-3,4,0.2
ORD02368,28-01-2022,05-02-2022,John,Patel,John Patel,UK,North,Office Supplies,Chairs,1508,275,6,0.1
ORD02369,25-11-2022,28-11-2022,Olivia,Smith,Olivia Smith,India,East,Furniture,Chairs,1077,-131,2,0
ORD02370,04-09-2021,12-09-2021,John,Brown,John Brown,Australia,East,Technology,Phones,1502,204,14,0.1
ORD02371,25-02-2022,05-03-2022,Liam,Patel,Liam Patel,India,West,Technology,Tables,1339,168,5,0.1
ORD02372,06-01-2021,11-01-2021,Rahul,Taylor,RahulTaylor,India,East,Furniture,Accessories,905,-102,2,0
ORD02373,28-03-2022,30-03-2022,John,Anderson,John Anderson,Canada,North,Office Supplies,Tables,182,22,9,0.1
ORD02374,29-07-2021,06-08-2021,Priya,Patel,Priya Patel,India,North,Technology,Chairs,326,1,5,0
ORD02375,14-12-2021,22-12-2021,Emma,Anderson,Emma Anderson,Canada,North,Office Supplies,Tables,41,10,2,0
ORD02376,02-02-2022,06-02-2022,John,Brown,John Brown,Canada,East,Office Supplies,Tables,1359,398,14,0.1
ORD02377,05-12-2022,09-12-2022,Noah,Johnson,Noah Johnson,Australia,East,Office Supplies,Tables,1207,288,8,0
ORD02378,26-11-2022,30-11-2022,Ava,Brown,Ava Brown,UK,South,Office Supplies,Accessories,1167,-241,7,0.1
ORD02379,20-05-2021,26-05-2021,Priya,Johnson,Priya Johnson,Canada,North,Furniture,Tables,1765,-256,9,0
ORD02380,26-05-2021,05-06-2021,Olivia,Smith,OliviaSmith,Canada,North,OfficeSupplies,Storage,689,-191,6,0.2
ORD02381,05-01-2022,10-01-2022,Priya,Sharma,Priya Sharma,UK,South,Office Supplies,Binders,1694,371,15,0.2
ORD02382,05-01-2021,07-01-2021,Emma,Johnson,Emma Johnson,Canada,North,Technology,Chairs,522,68,4,0.1
ORD02383,24-03-2021,31-03-2021,Sneha,Anderson,Sneha Anderson,UK,North,Technology,Storage,680,158,15,0.1
ORD02384,23-01-2022,26-01-2022,Noah,Sharma,Noah Sharma,USA,North,Technology,Storage,1542,320,15,0
ORD02385,19-05-2021,28-05-2021,John,Anderson,John Anderson,India,North,Office Supplies,Storage,1859,-295,6,0
ORD02386,19-11-2022,26-11-2022,John,Brown,John Brown,USA,South,Furniture,Storage,1620,365,11,0
ORD02387,22-10-2021,29-10-2021,Sneha,Brown,Sneha Brown,Canada,West,Furniture,Tables,1272,-375,10,0
ORD02388,20-02-2022,02-03-2022,Emma,Taylor,Emma Taylor,UK,East,Technology,Tables,1316,-251,7,0.2
ORD02389,04-05-2021,12-05-2021,Sneha,Anderson,SnehaAnderson,UK,East,OfficeSupplies,Tables,1442,-410,4,0.1
ORD02390,08-02-2022,18-02-2022,Liam,Anderson,Liam Anderson,USA,South,Furniture,Phones,1184,4,2,0
ORD02391,01-01-2023,08-01-2023,Priya,Johnson,Priya Johnson,Australia,South,Furniture,Storage,921,-227,8,0.2
ORD02392,01-07-2022,03-07-2022,Liam,Taylor,Liam Taylor,Canada,East,Furniture,Storage,1372,-371,13,0.1
ORD02393,24-05-2021,25-05-2021,Ava,Verma,AvaVerma,Canada,West,Technology,Tables,842,210,10,0
ORD02394,04-12-2022,08-12-2022,Rahul,Johnson,RahulJohnson,Canada,South,Technology,Chairs,1954,-156,4,0
ORD02395,05-06-2021,12-06-2021,Ava,Taylor,Ava Taylor,Australia,South,Office Supplies,Tables,1203,41,15,0
ORD02396,05-05-2021,12-05-2021,Sneha,Anderson,Sneha Anderson,Australia,East,Technology,Storage,97,15,6,0
ORD02397,23-04-2021,30-04-2021,Priya,Smith,Priya Smith,India,South,Office Supplies,Storage,237,60,14,0
ORD02398,02-07-2022,12-07-2022,Ava,Verma,AvaVerma,India,South,OfficeSupplies,Storage,1725,409,4,0
ORD02399,08-11-2022,15-11-2022,Sneha,Patel,Sneha Patel,USA,West,Technology,Binders,1273,-226,10,0.1
ORD02400,25-09-2021,02-10-2021,Emma,Sharma,Emma Sharma,USA,East,Furniture,Storage,1032,-59,8,0.1
ORD02401,14-08-2022,18-08-2022,Emma,Sharma,Emma Sharma,Canada,East,Furniture,Phones,204,-51,4,0.2
ORD02402,24-03-2021,27-03-2021,Priya,Patel,Priya Patel,USA,East,Office Supplies,Accessories,584,-18,2,0
ORD02403,26-12-2022,05-01-2023,Ava,Smith,Ava Smith,UK,West,Furniture,Chairs,304,45,14,0.2
ORD02404,06-07-2022,08-07-2022,Rahul,Smith,Rahul Smith,India,North,Office Supplies,Chairs,1432,211,15,0
ORD02405,28-03-2022,29-03-2022,Noah,Taylor,Noah Taylor,Canada,North,Furniture,Binders,1297,176,4,0
ORD02406,08-09-2021,16-09-2021,Priya,Taylor,Priya Taylor,India,North,Furniture,Chairs,1468,121,5,0.1
ORD02407,25-02-2022,01-03-2022,John,Taylor,John Taylor,Canada,North,Office Supplies,Chairs,1682,-91,1,0.1
ORD02408,23-02-2021,28-02-2021,Rahul,Johnson,Rahul Johnson,Australia,North,Office Supplies,Binders,576,-107,14,0
ORD02409,13-10-2022,15-10-2022,Sneha,Patel,Sneha Patel,UK,East,Office Supplies,Binders,1895,496,3,0
ORD02410,25-10-2021,01-11-2021,Emma,Sharma,EmmaSharma,UK,North,Furniture,Storage,63,8,15,0.1
ORD02411,06-06-2021,09-06-2021,Emma,Patel,Emma Patel,USA,South,Furniture,Storage,45,0,3,0
ORD02412,17-10-2022,27-10-2022,Olivia,Smith,Olivia Smith,UK,East,Technology,Tables,110,15,2,0.2
ORD02413,19-02-2021,23-02-2021,John,Brown,JohnBrown,UK,South,Technology,Phones,1305,-61,12,0.1
ORD02414,09-04-2022,15-04-2022,John,Verma,JohnVerma,UK,South,Technology,Phones,506,176,14,0.2
ORD02415,30-06-2022,01-07-2022,Amit,Anderson,AmitAnderson,UK,West,Technology,Accessories,1628,-236,8,0
ORD02416,28-03-2022,29-03-2022,Amit,Anderson,Amit Anderson,UK,North,Technology,Storage,427,-14,4,0.1
ORD02417,19-10-2022,28-10-2022,Ava,Sharma,Ava Sharma,Australia,South,Office Supplies,Tables,572,-157,13,0
ORD02418,10-08-2021,20-08-2021,Priya,Verma,PriyaVerma,Australia,North,Furniture,Binders,1889,344,15,0.1
ORD02419,23-06-2021,01-07-2021,Sneha,Anderson,Sneha Anderson,USA,West,Technology,Accessories,1271,-300,4,0.2
ORD02420,01-05-2022,02-05-2022,Rahul,Taylor,Rahul Taylor,USA,West,Technology,Chairs,481,-93,7,0.2
ORD02421,15-04-2021,24-04-2021,Noah,Verma,Noah Verma,Australia,East,Technology,Accessories,803,104,14,0
ORD02422,05-05-2021,07-05-2021,John,Verma,John Verma,Australia,North,Furniture,Chairs,790,242,2,0.2
ORD02423,07-04-2022,12-04-2022,Noah,Patel,NoahPatel,Australia,East,Furniture,Phones,1022,-150,10,0
ORD02424,17-08-2022,19-08-2022,Amit,Verma,Amit Verma,India,North,Technology,Phones,1192,-198,1,0.2
ORD02425,09-12-2022,13-12-2022,Amit,Smith,Amit Smith,Australia,North,Office Supplies,Tables,1918,-250,14,0.1
ORD02426,01-11-2022,06-11-2022,Ava,Brown,Ava Brown,Canada,North,Technology,Chairs,1122,-220,11,0.1
ORD02427,14-05-2022,17-05-2022,Priya,Taylor,Priya Taylor,UK,West,Office Supplies,Chairs,297,85,9,0.1
ORD02428,03-09-2022,06-09-2022,Olivia,Brown,Olivia Brown,USA,West,Furniture,Tables,50,-10,6,0.2
ORD02429,22-02-2021,25-02-2021,Rahul,Sharma,Rahul Sharma,Australia,North,Office Supplies,Accessories,1750,590,3,0
ORD02430,24-08-2022,31-08-2022,Noah,Taylor,Noah Taylor,UK,West,Furniture,Tables,1107,229,3,0
ORD02431,12-10-2021,20-10-2021,Noah,Brown,Noah Brown,India,North,Office Supplies,Phones,766,129,5,0
ORD02432,17-04-2022,24-04-2022,Noah,Patel,Noah Patel,Canada,North,Technology,Accessories,781,-194,3,0.1
ORD02433,13-10-2022,20-10-2022,Sneha,Patel,Sneha Patel,UK,South,Office Supplies,Accessories,108,8,13,0.1
ORD02434,01-12-2021,09-12-2021,Rahul,Verma,RahulVerma,UK,East,Technology,Accessories,1940,-172,9,0.2
ORD02435,28-11-2021,06-12-2021,Ava,Anderson,Ava Anderson,USA,West,Furniture,Accessories,1598,-280,1,0.1
ORD02436,04-08-2021,10-08-2021,John,Patel,JohnPatel,USA,South,Furniture,Phones,799,-42,4,0.2
ORD02437,15-11-2022,17-11-2022,Emma,Taylor,Emma Taylor,India,South,Office Supplies,Phones,1793,-516,11,0.1
ORD02438,05-05-2022,10-05-2022,Liam,Sharma,Liam Sharma,Australia,South,Office Supplies,Phones,1319,354,9,0.2
ORD02439,28-04-2022,04-05-2022,Liam,Patel,Liam Patel,UK,North,Furniture,Phones,1326,-250,15,0
ORD02440,30-01-2021,07-02-2021,Emma,Taylor,EmmaTaylor,UK,East,Furniture,Storage,520,-93,2,0
ORD02441,12-06-2022,20-06-2022,Ava,Sharma,Ava Sharma,Australia,South,Furniture,Phones,1077,20,2,0.2
ORD02442,25-02-2021,04-03-2021,Rahul,Verma,Rahul Verma,Canada,North,Technology,Phones,1297,102,3,0
ORD02443,27-08-2021,03-09-2021,Priya,Anderson,Priya Anderson,USA,South,Furniture,Phones,1455,39,7,0.2
ORD02444,21-11-2022,27-11-2022,Liam,Sharma,Liam Sharma,UK,South,Office Supplies,Tables,1371,328,7,0
ORD02445,01-04-2021,11-04-2021,Priya,Sharma,Priya Sharma,Australia,West,Furniture,Chairs,1816,450,5,0
ORD02446,16-08-2022,26-08-2022,Ava,Johnson,Ava Johnson,UK,North,Furniture,Storage,203,-41,4,0
ORD02447,01-04-2021,05-04-2021,Amit,Brown,Amit Brown,USA,East,Office Supplies,Tables,699,235,6,0.2
ORD02448,21-06-2022,23-06-2022,Emma,Brown,Emma Brown,UK,West,Furniture,Phones,642,26,6,0.2
ORD02449,17-02-2022,25-02-2022,Ava,Brown,Ava Brown,UK,West,Office Supplies,Storage,1488,-248,7,0.1
ORD02450,04-02-2022,14-02-2022,Amit,Brown,Amit Brown,India,North,Furniture,Storage,297,-36,1,0.2
ORD02451,20-08-2022,29-08-2022,John,Sharma,John Sharma,UK,West,Furniture,Storage,1854,179,12,0.2
ORD02452,18-01-2022,23-01-2022,Sneha,Johnson,Sneha Johnson,India,West,Office Supplies,Phones,1257,-174,1,0.2
ORD02453,14-02-2021,22-02-2021,Amit,Brown,Amit Brown,India,West,Technology,Tables,1821,302,3,0.1
ORD02454,31-12-2021,08-01-2022,Amit,Brown,Amit Brown,India,South,Technology,Phones,1111,312,6,0.1
ORD02455,18-05-2022,22-05-2022,Rahul,Sharma,Rahul Sharma,Australia,South,Technology,Tables,220,-38,14,0.1
ORD02456,08-06-2022,14-06-2022,Ava,Verma,Ava Verma,USA,South,Technology,Tables,44,15,14,0
ORD02457,25-05-2021,30-05-2021,John,Johnson,John Johnson,Canada,West,Furniture,Phones,287,-60,3,0.1
ORD02458,18-07-2021,20-07-2021,Priya,Taylor,PriyaTaylor,Canada,East,Technology,Storage,1679,-184,3,0.2
ORD02459,06-05-2021,16-05-2021,Emma,Sharma,Emma Sharma,India,South,Office Supplies,Phones,1790,-267,1,0.1
ORD02460,05-02-2022,10-02-2022,Priya,Patel,Priya Patel,Australia,East,Office Supplies,Chairs,1566,-297,1,0
ORD02461,21-10-2021,30-10-2021,John,Anderson,John Anderson,India,West,Technology,Accessories,1419,430,9,0.1
ORD02462,21-11-2022,22-11-2022,Priya,Patel,PriyaPatel,India,West,OfficeSupplies,Tables,1845,-348,7,0.1
ORD02463,13-09-2021,18-09-2021,Amit,Sharma,Amit Sharma,Australia,West,Furniture,Chairs,45,-12,12,0
ORD02464,02-01-2022,07-01-2022,Ava,Smith,Ava Smith,Canada,East,Office Supplies,Storage,385,56,2,0.2
ORD02465,16-03-2022,21-03-2022,John,Taylor,John Taylor,Australia,South,Furniture,Storage,1396,-129,3,0.1
ORD02466,17-03-2021,23-03-2021,Emma,Smith,EmmaSmith,Australia,South,Furniture,Storage,1330,-20,10,0
ORD02467,09-04-2022,14-04-2022,John,Johnson,John Johnson,USA,East,Office Supplies,Chairs,1077,-280,14,0
ORD02468,01-07-2021,08-07-2021,Rahul,Smith,Rahul Smith,UK,West,Furniture,Binders,784,74,1,0.1
ORD02469,12-09-2021,20-09-2021,Ava,Anderson,Ava Anderson,Australia,East,Technology,Binders,1512,17,14,0
ORD02470,05-11-2021,09-11-2021,Emma,Patel,Emma Patel,UK,North,Office Supplies,Accessories,63,-4,3,0.1
ORD02471,11-10-2022,14-10-2022,Priya,Taylor,PriyaTaylor,UK,East,Furniture,Tables,280,-41,10,0.1
ORD02472,19-08-2022,29-08-2022,Olivia,Brown,Olivia Brown,Canada,South,Furniture,Accessories,697,14,6,0.1
ORD02473,06-08-2022,15-08-2022,Emma,Taylor,Emma Taylor,Canada,South,Office Supplies,Storage,1561,-240,10,0.2
ORD02474,22-04-2022,26-04-2022,John,Sharma,John Sharma,Canada,East,Furniture,Phones,404,-67,9,0
ORD02475,30-08-2022,09-09-2022,Noah,Johnson,Noah Johnson,USA,East,Technology,Accessories,961,-22,2,0.1
ORD02476,27-09-2022,02-10-2022,Noah,Verma,Noah Verma,Canada,East,Technology,Accessories,1298,-343,9,0.1
ORD02477,06-04-2022,12-04-2022,Emma,Smith,Emma Smith,India,North,Technology,Binders,275,80,9,0
ORD02478,05-04-2021,08-04-2021,Amit,Johnson,Amit Johnson,Canada,North,Technology,Binders,1450,418,14,0
ORD02479,16-03-2021,22-03-2021,Rahul,Verma,Rahul Verma,Canada,East,Office Supplies,Phones,1384,10,4,0
ORD02480,25-01-2022,27-01-2022,Noah,Verma,Noah Verma,UK,North,Technology,Phones,139,-22,15,0.1
ORD02481,09-01-2022,12-01-2022,Liam,Sharma,Liam Sharma,USA,South,Office Supplies,Phones,1151,131,2,0.1
ORD02482,04-06-2022,08-06-2022,Rahul,Johnson,Rahul Johnson,UK,South,Office Supplies,Accessories,915,-161,1,0.1
ORD02483,22-03-2022,28-03-2022,Sneha,Smith,Sneha Smith,India,South,Technology,Accessories,1165,248,11,0
ORD02484,30-08-2021,08-09-2021,Rahul,Johnson,RahulJohnson,India,South,Furniture,Phones,24,2,3,0.1
ORD02485,01-09-2022,05-09-2022,Sneha,Verma,Sneha Verma,UK,East,Office Supplies,Phones,636,50,7,0.2
ORD02486,08-03-2021,17-03-2021,Rahul,Brown,Rahul Brown,India,East,Technology,Tables,351,50,9,0.2
ORD02487,09-03-2022,14-03-2022,Amit,Sharma,Amit Sharma,UK,North,Technology,Binders,154,8,13,0.1
ORD02488,16-03-2022,26-03-2022,Liam,Brown,Liam Brown,Canada,South,Furniture,Binders,1983,690,6,0.1
ORD02489,20-06-2021,24-06-2021,Olivia,Anderson,Olivia Anderson,Canada,South,Office Supplies,Tables,1849,409,10,0
ORD02490,09-09-2021,18-09-2021,Liam,Johnson,LiamJohnson,Canada,South,Technology,Chairs,1911,610,10,0
ORD02491,28-10-2021,05-11-2021,Ava,Johnson,Ava Johnson,Australia,East,Office Supplies,Chairs,1947,661,2,0.2
ORD02492,19-11-2021,23-11-2021,John,Smith,John Smith,Canada,East,Office Supplies,Accessories,137,-12,2,0.2
ORD02493,07-06-2022,17-06-2022,Priya,Patel,Priya Patel,India,West,Technology,Phones,1249,200,12,0
ORD02494,07-07-2022,15-07-2022,Ava,Taylor,Ava Taylor,Australia,North,Technology,Tables,1534,310,4,0.1
ORD02495,05-11-2021,12-11-2021,Amit,Taylor,Amit Taylor,USA,East,Technology,Binders,811,-18,5,0.2
ORD02496,14-05-2021,17-05-2021,Ava,Sharma,Ava Sharma,India,East,Technology,Binders,1512,46,13,0.1
ORD02497,03-04-2021,09-04-2021,Olivia,Verma,Olivia Verma,USA,North,Furniture,Chairs,1697,-333,2,0.1
ORD02498,11-07-2022,17-07-2022,Olivia,Patel,Olivia Patel,Canada,East,Technology,Binders,1611,-110,8,0.2
ORD02499,01-06-2022,07-06-2022,Priya,Taylor,Priya Taylor,UK,South,Furniture,Binders,1160,-84,5,0
ORD02500,22-07-2021,26-07-2021,Sneha,Taylor,SnehaTaylor,UK,East,Furniture,Binders,1641,-367,1,0.1
ORD02501,17-06-2022,25-06-2022,Priya,Brown,Priya Brown,USA,East,Furniture,Tables,936,-10,13,0
ORD02502,07-09-2022,09-09-2022,Noah,Johnson,Noah Johnson,Australia,North,Technology,Phones,1618,515,10,0.2
ORD02503,07-03-2021,11-03-2021,Olivia,Taylor,Olivia Taylor,USA,North,Furniture,Phones,574,-155,7,0.1
ORD02504,07-08-2021,09-08-2021,John,Taylor,John Taylor,USA,North,Technology,Phones,501,-112,13,0.1
ORD02505,25-06-2021,28-06-2021,Priya,Verma,Priya Verma,India,West,Furniture,Phones,762,6,7,0.2
ORD02506,04-05-2022,14-05-2022,Liam,Johnson,LiamJohnson,India,West,Technology,Chairs,1311,-338,6,0.1
ORD02507,17-01-2022,24-01-2022,Rahul,Brown,Rahul Brown,Canada,South,Technology,Tables,1864,177,15,0.2
ORD02508,24-09-2021,04-10-2021,Rahul,Verma,Rahul Verma,India,East,Office Supplies,Chairs,1718,36,2,0
ORD02509,06-11-2022,08-11-2022,Olivia,Johnson,Olivia Johnson,USA,South,Furniture,Accessories,87,0,9,0
ORD02510,16-01-2021,21-01-2021,John,Anderson,John Anderson,India,West,Technology,Storage,1538,396,13,0
ORD02511,24-04-2022,29-04-2022,Priya,Taylor,Priya Taylor,Canada,West,Technology,Storage,977,-108,12,0.1
ORD02512,10-11-2021,17-11-2021,Liam,Sharma,Liam Sharma,Canada,North,Office Supplies,Storage,933,178,8,0.1
ORD02513,23-12-2022,31-12-2022,John,Taylor,John Taylor,USA,North,Furniture,Binders,1949,60,4,0.1
ORD02514,29-08-2021,01-09-2021,Rahul,Anderson,Rahul Anderson,India,South,Furniture,Accessories,1336,65,5,0.1
ORD02515,12-01-2022,22-01-2022,Priya,Brown,Priya Brown,Australia,South,Technology,Phones,1456,391,5,0.1
ORD02516,02-05-2022,04-05-2022,John,Smith,John Smith,Australia,West,Furniture,Binders,1869,-95,1,0.1
ORD02517,29-12-2022,01-01-2023,John,Johnson,John Johnson,Canada,West,Furniture,Binders,796,46,2,0.2
ORD02518,06-01-2022,13-01-2022,Priya,Sharma,Priya Sharma,India,West,Furniture,Binders,154,-16,11,0
ORD02519,12-09-2021,15-09-2021,Priya,Taylor,PriyaTaylor,India,West,OfficeSupplies,Phones,1213,-207,15,0
ORD02520,30-07-2021,03-08-2021,Ava,Smith,Ava Smith,Canada,South,Office Supplies,Chairs,1417,378,8,0.1
ORD02521,05-07-2022,09-07-2022,Liam,Verma,Liam Verma,Australia,North,Furniture,Phones,667,56,9,0.2
ORD02522,11-01-2022,17-01-2022,Priya,Anderson,PriyaAnderson,Australia,West,Furniture,Phones,1139,-194,4,0.2
ORD02523,15-07-2022,19-07-2022,Sneha,Verma,Sneha Verma,Canada,East,Office Supplies,Accessories,45,-6,6,0
ORD02524,09-05-2022,19-05-2022,Noah,Verma,Noah Verma,Australia,West,Technology,Accessories,750,143,3,0.1
ORD02525,30-08-2022,02-09-2022,Rahul,Smith,Rahul Smith,Canada,West,Furniture,Accessories,1654,223,1,0.1
ORD02526,22-04-2022,27-04-2022,Rahul,Smith,Rahul Smith,USA,East,Technology,Accessories,1982,-6,6,0
ORD02527,20-07-2021,28-07-2021,Emma,Johnson,Emma Johnson,Australia,East,Furniture,Storage,1599,334,15,0
ORD02528,04-09-2022,13-09-2022,Noah,Verma,Noah Verma,USA,South,Office Supplies,Binders,1026,54,3,0.1
ORD02529,26-11-2022,06-12-2022,Ava,Smith,Ava Smith,UK,West,Furniture,Binders,1868,206,5,0
ORD02530,02-03-2021,04-03-2021,Amit,Johnson,Amit Johnson,India,South,Office Supplies,Binders,613,-52,14,0.1
ORD02531,10-05-2021,12-05-2021,Priya,Sharma,Priya Sharma,India,South,Furniture,Accessories,207,-46,14,0.2
ORD02532,08-06-2021,18-06-2021,Rahul,Sharma,RahulSharma,India,South,Technology,Accessories,1866,-98,9,0
ORD02533,30-03-2022,09-04-2022,Amit,Brown,Amit Brown,Australia,South,Technology,Storage,681,-161,14,0.1
ORD02534,18-08-2022,22-08-2022,Priya,Sharma,Priya Sharma,Canada,North,Furniture,Binders,167,57,11,0.1
ORD02535,16-03-2022,19-03-2022,Noah,Anderson,NoahAnderson,Canada,North,OfficeSupplies,Binders,1429,22,8,0
ORD02536,27-01-2021,30-01-2021,Ava,Patel,Ava Patel,Australia,South,Furniture,Tables,279,-17,6,0
ORD02537,01-08-2022,09-08-2022,Amit,Anderson,AmitAnderson,Australia,North,Technology,Accessories,1742,-193,10,0
ORD02538,29-09-2022,04-10-2022,Rahul,Sharma,RahulSharma,Australia,North,Technology,Storage,1129,-58,12,0.1
ORD02539,21-07-2022,29-07-2022,Ava,Smith,Ava Smith,India,East,Furniture,Accessories,1537,198,3,0
ORD02540,22-03-2022,28-03-2022,Noah,Patel,Noah Patel,UK,West,Technology,Chairs,218,37,12,0
ORD02541,16-07-2021,23-07-2021,Olivia,Sharma,Olivia Sharma,USA,West,Technology,Binders,1758,336,14,0.1
ORD02542,08-12-2021,15-12-2021,Ava,Brown,Ava Brown,India,West,Office Supplies,Storage,635,-98,9,0.1
ORD02543,21-10-2021,25-10-2021,Liam,Sharma,Liam Sharma,USA,West,Furniture,Phones,1134,-313,3,0.1
ORD02544,08-08-2021,15-08-2021,Rahul,Johnson,Rahul Johnson,UK,West,Furniture,Phones,287,78,2,0.2
ORD02545,07-09-2021,13-09-2021,Olivia,Taylor,Olivia Taylor,India,North,Technology,Storage,125,-1,5,0.2
ORD02546,28-12-2022,31-12-2022,Sneha,Verma,Sneha Verma,India,West,Office Supplies,Binders,1192,19,2,0
ORD02547,22-07-2021,25-07-2021,Liam,Taylor,Liam Taylor,UK,North,Technology,Accessories,361,12,1,0.1
ORD02548,31-07-2021,07-08-2021,Emma,Brown,EmmaBrown,UK,North,Technology,Storage,1083,-297,6,0
ORD02549,07-11-2022,13-11-2022,Noah,Johnson,NoahJohnson,UK,West,Furniture,Tables,1549,-242,13,0
ORD02550,13-11-2021,22-11-2021,Noah,Anderson,Noah Anderson,Australia,North,Office Supplies,Binders,36,-4,14,0
ORD02551,08-07-2021,10-07-2021,Emma,Brown,Emma Brown,UK,North,Technology,Binders,1228,219,5,0.1
ORD02552,05-12-2022,15-12-2022,Amit,Taylor,Amit Taylor,USA,West,Office Supplies,Binders,1224,-204,3,0.1
ORD02553,05-10-2022,14-10-2022,Sneha,Brown,Sneha Brown,USA,South,Technology,Phones,1727,409,10,0.1
ORD02554,12-09-2022,18-09-2022,Amit,Verma,Amit Verma,India,North,Office Supplies,Storage,1528,-296,7,0
ORD02555,16-09-2021,20-09-2021,Amit,Verma,Amit Verma,Canada,North,Office Supplies,Phones,64,10,15,0.1
ORD02556,20-10-2021,26-10-2021,Priya,Anderson,Priya Anderson,Canada,South,Furniture,Chairs,405,-42,15,0.1
ORD02557,31-07-2021,05-08-2021,John,Johnson,John Johnson,Canada,North,Technology,Accessories,1689,-397,4,0.1
ORD02558,18-04-2021,23-04-2021,Sneha,Anderson,SnehaAnderson,Canada,South,OfficeSupplies,Accessories,586,94,6,0
ORD02559,29-11-2021,03-12-2021,Emma,Taylor,Emma Taylor,UK,South,Office Supplies,Chairs,1292,370,10,0
ORD02560,26-03-2022,04-04-2022,Emma,Brown,Emma Brown,USA,South,Technology,Storage,164,-8,3,0.1
ORD02561,23-09-2022,29-09-2022,John,Anderson,John Anderson,USA,East,Office Supplies,Accessories,716,-86,15,0.1
ORD02562,13-07-2022,17-07-2022,Priya,Patel,Priya Patel,Australia,South,Technology,Tables,1513,-277,9,0
ORD02563,18-09-2021,19-09-2021,Ava,Smith,AvaSmith,Australia,South,OfficeSupplies,Binders,1420,201,6,0
ORD02564,27-03-2021,04-04-2021,Sneha,Smith,Sneha Smith,Australia,South,Furniture,Accessories,1842,582,1,0.1
ORD02565,06-02-2021,13-02-2021,Rahul,Sharma,Rahul Sharma,USA,South,Furniture,Phones,1318,97,4,0
ORD02566,04-10-2021,14-10-2021,Priya,Taylor,Priya Taylor,USA,North,Technology,Chairs,949,-280,5,0.1
ORD02567,12-08-2021,13-08-2021,Liam,Johnson,Liam Johnson,UK,North,Technology,Storage,1012,-57,6,0.1
ORD02568,03-04-2021,09-04-2021,Priya,Sharma,Priya Sharma,India,North,Furniture,Phones,730,-118,7,0.1
ORD02569,30-08-2022,08-09-2022,Ava,Patel,Ava Patel,Australia,East,Office Supplies,Chairs,449,-23,2,0.1
ORD02570,17-05-2021,22-05-2021,Liam,Taylor,Liam Taylor,USA,East,Technology,Phones,1823,339,9,0.2
ORD02571,17-11-2022,22-11-2022,Noah,Smith,Noah Smith,Australia,East,Office Supplies,Phones,182,10,12,0.2
ORD02572,09-07-2021,17-07-2021,Sneha,Sharma,Sneha Sharma,India,East,Furniture,Tables,568,53,10,0
ORD02573,07-09-2022,08-09-2022,Noah,Smith,Noah Smith,India,West,Office Supplies,Storage,1883,-349,7,0
ORD02574,15-09-2021,16-09-2021,Rahul,Taylor,Rahul Taylor,UK,South,Furniture,Accessories,1172,-223,7,0
ORD02575,30-11-2021,05-12-2021,Sneha,Patel,Sneha Patel,Canada,West,Furniture,Tables,1318,430,14,0.1
ORD02576,02-05-2021,03-05-2021,Rahul,Anderson,Rahul Anderson,Canada,North,Furniture,Chairs,302,-1,8,0.1
ORD02577,30-08-2021,05-09-2021,Priya,Johnson,Priya Johnson,Australia,East,Office Supplies,Chairs,1291,415,2,0.2
ORD02578,28-03-2022,04-04-2022,John,Anderson,John Anderson,Australia,East,Office Supplies,Chairs,1244,31,3,0
ORD02579,07-10-2022,09-10-2022,Sneha,Patel,Sneha Patel,India,North,Furniture,Storage,1666,-66,1,0
ORD02580,06-05-2021,14-05-2021,Ava,Sharma,Ava Sharma,Australia,West,Furniture,Phones,443,-15,14,0.2
ORD02581,18-04-2021,22-04-2021,Amit,Patel,Amit Patel,Australia,North,Furniture,Phones,1846,245,10,0.2
ORD02582,12-02-2021,16-02-2021,Noah,Taylor,Noah Taylor,USA,West,Office Supplies,Accessories,452,85,5,0.2
ORD02583,31-01-2021,07-02-2021,Ava,Verma,Ava Verma,Australia,West,Office Supplies,Tables,1473,464,2,0
ORD02584,29-01-2022,04-02-2022,Amit,Taylor,Amit Taylor,Australia,West,Office Supplies,Phones,1983,-229,15,0
ORD02585,04-08-2021,06-08-2021,Sneha,Anderson,Sneha Anderson,Australia,North,Office Supplies,Storage,1182,-218,11,0.2
ORD02586,05-08-2021,15-08-2021,Ava,Sharma,Ava Sharma,USA,East,Office Supplies,Chairs,50,17,8,0.1
ORD02587,05-09-2022,12-09-2022,John,Verma,John Verma,Australia,South,Office Supplies,Tables,107,-31,12,0.1
ORD02588,10-06-2022,14-06-2022,Liam,Patel,Liam Patel,USA,North,Furniture,Binders,1955,-260,1,0.1
ORD02589,18-03-2021,28-03-2021,Sneha,Anderson,Sneha Anderson,Canada,West,Office Supplies,Storage,404,80,12,0
ORD02590,12-09-2022,18-09-2022,Ava,Brown,Ava Brown,Australia,West,Technology,Chairs,467,-32,7,0.1
ORD02591,23-04-2021,30-04-2021,Liam,Sharma,Liam Sharma,Canada,North,Technology,Chairs,360,2,1,0.2
ORD02592,24-01-2022,30-01-2022,Amit,Patel,AmitPatel,Canada,North,Furniture,Chairs,1553,-441,11,0
ORD02593,12-02-2021,18-02-2021,Sneha,Smith,SnehaSmith,Canada,West,Furniture,Binders,185,33,3,0.1
ORD02594,07-07-2021,16-07-2021,John,Verma,John Verma,Canada,South,Furniture,Phones,964,-242,4,0.1
ORD02595,06-12-2021,15-12-2021,Ava,Brown,Ava Brown,UK,South,Office Supplies,Chairs,1325,-361,3,0
ORD02596,28-08-2021,04-09-2021,Ava,Patel,Ava Patel,UK,South,Furniture,Binders,1811,406,8,0.1
ORD02597,02-02-2021,05-02-2021,Amit,Sharma,Amit Sharma,UK,South,Furniture,Binders,1228,259,12,0.2
ORD02598,21-10-2022,27-10-2022,Noah,Patel,Noah Patel,USA,North,Technology,Accessories,1982,-69,3,0
ORD02599,06-02-2022,08-02-2022,Noah,Smith,Noah Smith,Australia,North,Furniture,Binders,1637,328,11,0.1
ORD02600,10-11-2021,15-11-2021,Olivia,Smith,Olivia Smith,UK,East,Office Supplies,Accessories,1181,-312,2,0.1
ORD02601,09-10-2022,12-10-2022,Olivia,Patel,OliviaPatel,UK,South,Technology,Phones,1275,-24,8,0.1
ORD02602,22-10-2022,01-11-2022,Liam,Patel,Liam Patel,Australia,North,Furniture,Storage,459,-33,6,0
ORD02603,30-01-2021,03-02-2021,Ava,Smith,AvaSmith,Australia,South,Technology,Chairs,806,-73,2,0
ORD02604,08-10-2021,11-10-2021,Sneha,Sharma,Sneha Sharma,Canada,South,Office Supplies,Chairs,687,-131,1,0.1
ORD02605,29-04-2021,01-05-2021,Ava,Smith,Ava Smith,Canada,South,Office Supplies,Phones,698,-55,5,0.2
ORD02606,13-11-2022,17-11-2022,Emma,Johnson,Emma Johnson,USA,South,Furniture,Storage,1443,68,10,0.2
ORD02607,26-11-2021,29-11-2021,Noah,Smith,NoahSmith,USA,West,Technology,Storage,174,-7,6,0.1
ORD02608,20-10-2022,23-10-2022,Noah,Sharma,Noah Sharma,UK,South,Technology,Phones,147,33,11,0
ORD02609,08-10-2021,11-10-2021,Noah,Taylor,NoahTaylor,UK,South,Technology,Tables,1363,2,8,0.1
ORD02610,25-09-2022,26-09-2022,Rahul,Anderson,Rahul Anderson,UK,South,Furniture,Chairs,1620,354,2,0
ORD02611,08-06-2021,15-06-2021,John,Sharma,John Sharma,Canada,North,Furniture,Binders,1698,230,1,0.2
ORD02612,21-04-2022,01-05-2022,John,Sharma,John Sharma,UK,North,Office Supplies,Storage,1010,208,14,0.1
ORD02613,11-11-2022,12-11-2022,Noah,Taylor,Noah Taylor,Australia,North,Office Supplies,Chairs,935,-174,15,0.1
ORD02614,26-08-2022,02-09-2022,Olivia,Smith,OliviaSmith,Australia,West,OfficeSupplies,Phones,1093,13,2,0.2
ORD02615,24-09-2022,28-09-2022,Emma,Patel,Emma Patel,Australia,West,Office Supplies,Accessories,1830,176,13,0
ORD02616,24-05-2022,30-05-2022,Priya,Verma,Priya Verma,USA,North,Office Supplies,Accessories,630,143,2,0
ORD02617,04-05-2021,09-05-2021,Priya,Brown,Priya Brown,USA,East,Furniture,Chairs,510,-24,2,0.1
ORD02618,11-09-2021,12-09-2021,Sneha,Anderson,Sneha Anderson,India,East,Office Supplies,Binders,1962,-396,4,0.1
ORD02619,30-04-2022,10-05-2022,Amit,Taylor,Amit Taylor,Australia,East,Technology,Binders,1908,611,8,0.1
ORD02620,06-02-2022,10-02-2022,Emma,Patel,EmmaPatel,Australia,West,OfficeSupplies,Binders,676,-8,8,0.2
ORD02621,17-08-2021,21-08-2021,Ava,Johnson,AvaJohnson,Australia,North,OfficeSupplies,Chairs,565,-121,1,0.1
ORD02622,07-11-2021,12-11-2021,Ava,Taylor,Ava Taylor,India,East,Furniture,Binders,29,9,15,0.1
ORD02623,16-07-2022,26-07-2022,Amit,Brown,Amit Brown,Australia,West,Furniture,Accessories,1225,-280,7,0.2
ORD02624,03-07-2022,08-07-2022,Amit,Verma,Amit Verma,Canada,West,Office Supplies,Phones,1135,243,1,0.1
ORD02625,17-07-2021,26-07-2021,Rahul,Anderson,Rahul Anderson,Canada,West,Technology,Phones,1009,-150,10,0
ORD02626,03-03-2022,04-03-2022,Emma,Verma,Emma Verma,USA,East,Office Supplies,Binders,160,-26,4,0.2
ORD02627,16-04-2021,22-04-2021,Emma,Sharma,Emma Sharma,Canada,East,Technology,Tables,402,68,15,0.2
ORD02628,21-01-2022,25-01-2022,John,Sharma,John Sharma,India,West,Furniture,Storage,1176,-256,3,0.1
ORD02629,16-04-2022,26-04-2022,Rahul,Sharma,RahulSharma,India,South,OfficeSupplies,Storage,1240,-102,14,0.1
ORD02630,23-12-2021,01-01-2022,Rahul,Verma,Rahul Verma,USA,South,Furniture,Phones,1134,70,2,0.1
ORD02631,22-10-2021,01-11-2021,Sneha,Johnson,Sneha Johnson,UK,East,Office Supplies,Accessories,740,-11,3,0.1
ORD02632,24-06-2022,02-07-2022,Sneha,Taylor,Sneha Taylor,USA,North,Furniture,Binders,732,255,5,0.2
ORD02633,04-08-2022,10-08-2022,Noah,Taylor,Noah Taylor,India,South,Furniture,Binders,688,237,11,0.2
ORD02634,19-12-2021,22-12-2021,Sneha,Brown,Sneha Brown,India,South,Technology,Phones,352,-8,13,0.1
ORD02635,17-01-2021,24-01-2021,John,Sharma,JohnSharma,India,North,OfficeSupplies,Phones,1947,85,6,0.1
ORD02636,13-09-2022,16-09-2022,Rahul,Sharma,Rahul Sharma,UK,South,Office Supplies,Phones,752,259,13,0.1
ORD02637,03-11-2021,04-11-2021,Sneha,Sharma,Sneha Sharma,Canada,South,Technology,Phones,828,24,13,0.1
ORD02638,24-03-2022,28-03-2022,Olivia,Anderson,OliviaAnderson,Canada,East,OfficeSupplies,Phones,1405,82,6,0.1
ORD02639,11-08-2021,21-08-2021,Noah,Smith,Noah Smith,Australia,South,Furniture,Phones,1727,-130,9,0
ORD02640,03-06-2021,04-06-2021,John,Verma,John Verma,UK,North,Furniture,Accessories,1793,240,15,0
ORD02641,29-09-2021,30-09-2021,Olivia,Verma,Olivia Verma,India,North,Office Supplies,Chairs,1346,-186,9,0.2
ORD02642,18-08-2021,25-08-2021,Liam,Taylor,Liam Taylor,India,North,Technology,Binders,1519,288,3,0.2
ORD02643,25-11-2021,30-11-2021,Emma,Verma,Emma Verma,India,East,Technology,Binders,68,-3,2,0.2
ORD02644,02-08-2022,04-08-2022,Rahul,Taylor,Rahul Taylor,Australia,West,Office Supplies,Binders,1219,277,13,0.1
ORD02645,15-05-2021,16-05-2021,Liam,Brown,Liam Brown,India,West,Office Supplies,Binders,1816,-263,7,0.2
ORD02646,03-11-2021,12-11-2021,Noah,Anderson,Noah Anderson,UK,South,Office Supplies,Chairs,1140,134,10,0.2
ORD02647,13-11-2021,20-11-2021,Liam,Taylor,Liam Taylor,Australia,South,Technology,Phones,1869,305,14,0.1
ORD02648,21-09-2021,25-09-2021,Emma,Taylor,Emma Taylor,India,North,Technology,Tables,56,-14,10,0.1
ORD02649,24-08-2021,03-09-2021,Liam,Brown,Liam Brown,UK,North,Furniture,Tables,580,34,1,0
ORD02650,20-12-2021,23-12-2021,John,Taylor,John Taylor,UK,East,Furniture,Storage,1603,-341,4,0.1
ORD02651,23-04-2022,30-04-2022,Noah,Anderson,Noah Anderson,India,North,Furniture,Chairs,1775,478,3,0.1
ORD02652,23-08-2021,02-09-2021,Sneha,Sharma,Sneha Sharma,UK,West,Office Supplies,Storage,1389,-272,10,0.1
ORD02653,31-12-2022,10-01-2023,Noah,Anderson,NoahAnderson,UK,West,Technology,Chairs,481,-49,9,0.1
ORD02654,22-11-2022,02-12-2022,Ava,Anderson,Ava Anderson,Canada,West,Office Supplies,Phones,1656,-18,5,0
ORD02655,20-01-2022,29-01-2022,Sneha,Brown,SnehaBrown,Canada,North,Furniture,Chairs,362,1,12,0.2
ORD02656,04-02-2022,12-02-2022,Noah,Sharma,Noah Sharma,India,North,Furniture,Phones,1158,-347,14,0.2
ORD02657,16-10-2022,17-10-2022,Ava,Johnson,AvaJohnson,India,East,Furniture,Tables,1922,638,6,0.2
ORD02658,19-12-2021,21-12-2021,Amit,Brown,AmitBrown,India,North,Technology,Accessories,472,-74,3,0.1
ORD02659,14-08-2022,16-08-2022,Priya,Sharma,Priya Sharma,Australia,South,Technology,Binders,743,-211,13,0.1
ORD02660,11-07-2021,19-07-2021,Noah,Patel,Noah Patel,India,South,Furniture,Binders,279,-14,10,0
ORD02661,19-11-2021,23-11-2021,Rahul,Johnson,RahulJohnson,India,North,OfficeSupplies,Binders,325,9,3,0.1
ORD02662,28-08-2022,29-08-2022,John,Patel,John Patel,Australia,West,Furniture,Storage,1570,-32,10,0.1
ORD02663,07-11-2021,09-11-2021,Ava,Sharma,Ava Sharma,UK,West,Technology,Binders,736,149,12,0
ORD02664,18-10-2021,25-10-2021,Sneha,Taylor,Sneha Taylor,USA,East,Office Supplies,Chairs,1816,233,2,0.1
ORD02665,13-10-2022,15-10-2022,John,Brown,John Brown,UK,East,Office Supplies,Storage,511,-82,10,0.2
ORD02666,09-11-2022,19-11-2022,John,Verma,John Verma,UK,South,Furniture,Chairs,593,-10,9,0
ORD02667,29-03-2022,01-04-2022,Priya,Verma,Priya Verma,Canada,North,Office Supplies,Tables,969,-257,9,0
ORD02668,27-03-2021,04-04-2021,Sneha,Verma,SnehaVerma,Canada,East,Technology,Binders,724,48,10,0
ORD02669,11-06-2022,13-06-2022,Rahul,Patel,Rahul Patel,USA,West,Office Supplies,Chairs,409,-91,7,0.1
ORD02670,21-07-2022,29-07-2022,Priya,Patel,Priya Patel,Canada,West,Furniture,Binders,454,133,3,0.2
ORD02671,01-01-2023,05-01-2023,Olivia,Anderson,Olivia Anderson,India,West,Furniture,Binders,1611,-446,7,0.1
ORD02672,07-10-2021,10-10-2021,Noah,Smith,Noah Smith,Australia,West,Furniture,Chairs,294,54,6,0
ORD02673,25-01-2022,03-02-2022,Priya,Johnson,Priya Johnson,Australia,East,Furniture,Chairs,486,162,4,0.2
ORD02674,08-07-2021,12-07-2021,Liam,Smith,Liam Smith,Canada,East,Technology,Tables,1244,261,8,0.2
ORD02675,24-08-2022,26-08-2022,Priya,Patel,PriyaPatel,Canada,North,Furniture,Tables,1355,306,7,0.1
ORD02676,06-12-2021,09-12-2021,Sneha,Smith,Sneha Smith,India,West,Furniture,Chairs,1335,-128,11,0.1
ORD02677,24-04-2022,25-04-2022,Liam,Sharma,Liam Sharma,USA,West,Furniture,Phones,31,7,1,0
ORD02678,23-02-2021,28-02-2021,Rahul,Sharma,Rahul Sharma,Canada,East,Furniture,Phones,1448,151,10,0.1
ORD02679,18-09-2022,20-09-2022,Sneha,Taylor,Sneha Taylor,USA,West,Furniture,Storage,1582,200,6,0.2
ORD02680,15-08-2022,22-08-2022,Priya,Sharma,PriyaSharma,USA,South,Technology,Storage,1028,151,5,0.2
ORD02681,02-12-2021,10-12-2021,Rahul,Sharma,Rahul Sharma,India,North,Technology,Tables,830,177,9,0.1
ORD02682,12-01-2021,20-01-2021,Sneha,Sharma,Sneha Sharma,Australia,West,Office Supplies,Phones,23,0,15,0
ORD02683,05-04-2021,14-04-2021,Priya,Taylor,Priya Taylor,Canada,West,Technology,Phones,607,-143,6,0.2
ORD02684,27-04-2022,30-04-2022,Sneha,Taylor,Sneha Taylor,UK,North,Technology,Chairs,1215,284,11,0.2
ORD02685,22-09-2021,27-09-2021,Sneha,Brown,Sneha Brown,USA,East,Technology,Chairs,523,-121,14,0.1
ORD02686,27-08-2022,28-08-2022,Amit,Brown,Amit Brown,Canada,South,Furniture,Binders,1440,153,6,0.1
ORD02687,11-08-2021,19-08-2021,Rahul,Sharma,RahulSharma,Canada,South,OfficeSupplies,Binders,883,38,6,0.1
ORD02688,30-09-2021,08-10-2021,Liam,Patel,Liam Patel,USA,South,Office Supplies,Storage,1727,458,10,0.2
ORD02689,11-07-2022,21-07-2022,John,Johnson,John Johnson,UK,South,Furniture,Accessories,1284,122,2,0
ORD02690,29-04-2022,03-05-2022,Priya,Sharma,Priya Sharma,USA,East,Office Supplies,Binders,1873,340,8,0.2
ORD02691,09-01-2021,17-01-2021,Olivia,Verma,Olivia Verma,India,West,Office Supplies,Phones,1525,-112,1,0
ORD02692,15-09-2022,23-09-2022,Olivia,Anderson,Olivia Anderson,USA,North,Office Supplies,Accessories,1988,111,7,0
ORD02693,11-06-2022,13-06-2022,Rahul,Brown,Rahul Brown,USA,West,Office Supplies,Binders,1837,27,13,0.2
ORD02694,05-04-2021,09-04-2021,Emma,Verma,Emma Verma,Canada,West,Office Supplies,Accessories,270,41,2,0.1
ORD02695,26-02-2021,02-03-2021,Ava,Anderson,Ava Anderson,Canada,North,Furniture,Accessories,583,-171,3,0.1
ORD02696,21-07-2021,27-07-2021,Priya,Smith,Priya Smith,Canada,East,Technology,Accessories,148,0,8,0
ORD02697,23-01-2021,29-01-2021,Liam,Verma,Liam Verma,Australia,North,Office Supplies,Chairs,166,-13,5,0.2
ORD02698,13-05-2022,18-05-2022,Noah,Brown,Noah Brown,UK,South,Office Supplies,Phones,644,38,6,0
ORD02699,27-07-2022,05-08-2022,Noah,Patel,Noah Patel,USA,South,Furniture,Chairs,296,21,10,0
ORD02700,03-12-2022,10-12-2022,John,Anderson,John Anderson,Canada,West,Technology,Phones,395,-105,10,0.1
ORD02701,11-09-2022,21-09-2022,Priya,Taylor,Priya Taylor,USA,East,Furniture,Tables,710,52,6,0
ORD02702,02-02-2022,03-02-2022,Noah,Anderson,Noah Anderson,UK,West,Technology,Tables,168,-11,4,0
ORD02703,17-09-2021,22-09-2021,Rahul,Sharma,Rahul Sharma,USA,South,Furniture,Storage,1538,221,12,0.1
ORD02704,24-04-2022,27-04-2022,Emma,Patel,Emma Patel,UK,East,Furniture,Chairs,709,96,8,0.1
ORD02705,12-11-2022,15-11-2022,Liam,Taylor,Liam Taylor,Canada,West,Office Supplies,Phones,1080,-63,13,0.1
ORD02706,09-08-2022,12-08-2022,Olivia,Smith,Olivia Smith,Canada,West,Technology,Storage,1085,-16,5,0.2
ORD02707,20-12-2021,25-12-2021,Liam,Sharma,Liam Sharma,Australia,West,Technology,Binders,1461,347,2,0.2
ORD02708,26-08-2022,29-08-2022,Sneha,Taylor,SnehaTaylor,Australia,North,Technology,Tables,724,-12,15,0
ORD02709,22-05-2021,27-05-2021,Rahul,Verma,Rahul Verma,USA,South,Office Supplies,Phones,713,56,10,0.1
ORD02710,24-07-2021,29-07-2021,Amit,Taylor,AmitTaylor,USA,South,Technology,Accessories,1252,-302,2,0.2
ORD02711,19-11-2022,23-11-2022,Olivia,Anderson,Olivia Anderson,India,South,Technology,Binders,1363,-35,9,0.2
ORD02712,15-08-2021,18-08-2021,Emma,Patel,Emma Patel,Canada,South,Technology,Phones,727,95,6,0.2
ORD02713,05-03-2021,09-03-2021,Liam,Smith,Liam Smith,UK,South,Furniture,Tables,1379,-233,10,0.2
ORD02714,13-02-2021,19-02-2021,Sneha,Brown,Sneha Brown,Canada,West,Furniture,Chairs,94,15,5,0.1
ORD02715,27-10-2021,31-10-2021,Amit,Verma,Amit Verma,USA,West,Office Supplies,Chairs,428,-65,8,0.1
ORD02716,27-07-2022,05-08-2022,Sneha,Taylor,Sneha Taylor,Canada,West,Office Supplies,Tables,482,103,10,0.1
ORD02717,05-02-2021,08-02-2021,Priya,Johnson,Priya Johnson,Canada,East,Furniture,Accessories,538,103,14,0
ORD02718,02-03-2022,08-03-2022,Priya,Sharma,Priya Sharma,Canada,South,Technology,Tables,1631,517,5,0
ORD02719,13-05-2022,16-05-2022,Noah,Smith,Noah Smith,USA,East,Furniture,Tables,750,-168,14,0.2
ORD02720,27-12-2022,06-01-2023,Olivia,Verma,OliviaVerma,USA,West,Furniture,Chairs,1263,-251,12,0
ORD02721,15-08-2022,24-08-2022,John,Sharma,John Sharma,Australia,West,Technology,Chairs,1054,-141,8,0.1
ORD02722,07-07-2021,13-07-2021,John,Smith,John Smith,Canada,North,Office Supplies,Binders,1610,-147,7,0
ORD02723,19-07-2022,29-07-2022,Rahul,Brown,Rahul Brown,UK,South,Furniture,Storage,614,-73,11,0.2
ORD02724,21-07-2021,24-07-2021,Olivia,Johnson,Olivia Johnson,Australia,South,Technology,Storage,609,-72,1,0
ORD02725,10-06-2021,20-06-2021,Priya,Brown,Priya Brown,USA,West,Technology,Binders,1135,26,12,0.2
ORD02726,08-06-2021,14-06-2021,Priya,Anderson,Priya Anderson,Canada,South,Office Supplies,Phones,1222,258,14,0.2
ORD02727,14-09-2022,22-09-2022,John,Verma,JohnVerma,Canada,East,OfficeSupplies,Phones,1585,162,15,0.1
ORD02728,19-06-2022,26-06-2022,Noah,Anderson,Noah Anderson,Australia,South,Furniture,Phones,1395,-132,14,0.1
ORD02729,11-05-2022,16-05-2022,Liam,Taylor,Liam Taylor,UK,West,Furniture,Chairs,72,-19,4,0.1
ORD02730,14-12-2022,17-12-2022,Noah,Brown,Noah Brown,Canada,West,Technology,Accessories,928,-234,4,0
ORD02731,25-06-2022,01-07-2022,John,Verma,John Verma,USA,West,Furniture,Accessories,1019,262,15,0.2
ORD02732,19-07-2021,25-07-2021,Ava,Brown,Ava Brown,Australia,East,Office Supplies,Storage,575,-96,3,0.2
ORD02733,04-10-2022,09-10-2022,Noah,Taylor,Noah Taylor,Australia,South,Furniture,Chairs,1453,420,5,0.1
ORD02734,21-01-2022,31-01-2022,Olivia,Sharma,Olivia Sharma,India,West,Technology,Storage,1202,-352,3,0
ORD02735,27-11-2021,29-11-2021,John,Brown,John Brown,Australia,West,Furniture,Accessories,467,23,2,0.2
ORD02736,01-08-2022,11-08-2022,Amit,Sharma,Amit Sharma,USA,East,Office Supplies,Phones,740,-209,12,0.2
ORD02737,13-02-2021,22-02-2021,John,Taylor,JohnTaylor,USA,East,Furniture,Storage,1832,276,9,0.2
ORD02738,26-09-2022,06-10-2022,Noah,Anderson,Noah Anderson,USA,East,Furniture,Binders,888,-31,9,0.1
ORD02739,12-05-2021,18-05-2021,Emma,Verma,Emma Verma,Australia,North,Technology,Binders,1105,35,15,0
ORD02740,03-09-2022,09-09-2022,Olivia,Patel,Olivia Patel,India,West,Office Supplies,Binders,962,119,5,0
ORD02741,24-10-2022,30-10-2022,Emma,Johnson,Emma Johnson,India,North,Office Supplies,Tables,1682,-213,4,0
ORD02742,23-03-2022,02-04-2022,Emma,Johnson,Emma Johnson,Australia,East,Furniture,Storage,66,12,11,0.2
ORD02743,18-04-2021,28-04-2021,Amit,Sharma,AmitSharma,Australia,West,Technology,Chairs,530,-57,7,0.1
ORD02744,06-11-2021,11-11-2021,Liam,Smith,Liam Smith,Australia,West,Office Supplies,Chairs,1147,50,3,0.1
ORD02745,10-07-2021,16-07-2021,Sneha,Sharma,SnehaSharma,Australia,South,Technology,Storage,1000,46,7,0.2
ORD02746,14-03-2022,19-03-2022,Sneha,Smith,Sneha Smith,Canada,West,Technology,Storage,215,44,1,0
ORD02747,17-09-2021,24-09-2021,Noah,Smith,Noah Smith,Canada,West,Office Supplies,Phones,414,110,14,0.1
ORD02748,16-07-2021,25-07-2021,Liam,Anderson,LiamAnderson,Canada,West,Technology,Tables,771,95,9,0
ORD02749,14-09-2021,22-09-2021,Sneha,Brown,SnehaBrown,Canada,South,OfficeSupplies,Binders,1308,-228,7,0
ORD02750,23-12-2022,30-12-2022,Liam,Taylor,Liam Taylor,Australia,South,Furniture,Tables,513,-131,15,0.2
ORD02751,06-12-2022,13-12-2022,Sneha,Sharma,Sneha Sharma,Canada,South,Office Supplies,Tables,593,44,6,0
ORD02752,03-12-2022,06-12-2022,Olivia,Brown,Olivia Brown,Australia,South,Office Supplies,Phones,437,76,4,0
ORD02753,05-01-2022,10-01-2022,Amit,Johnson,Amit Johnson,India,West,Technology,Accessories,994,134,8,0.2
ORD02754,09-10-2021,17-10-2021,Noah,Brown,Noah Brown,UK,West,Technology,Accessories,1243,316,14,0
ORD02755,08-12-2022,16-12-2022,Emma,Smith,Emma Smith,India,West,Technology,Chairs,680,110,8,0
ORD02756,06-04-2021,15-04-2021,Olivia,Anderson,Olivia Anderson,Canada,West,Technology,Binders,1304,430,10,0
ORD02757,21-05-2021,27-05-2021,Liam,Patel,Liam Patel,USA,West,Technology,Binders,1202,229,13,0.2
ORD02758,05-11-2021,07-11-2021,Sneha,Taylor,Sneha Taylor,Canada,West,Furniture,Tables,153,-17,11,0
ORD02759,19-02-2022,01-03-2022,Rahul,Anderson,Rahul Anderson,Canada,West,Technology,Accessories,475,-97,13,0.2
ORD02760,01-08-2022,04-08-2022,Liam,Verma,Liam Verma,India,East,Technology,Phones,1570,-157,6,0.1
ORD02761,31-12-2021,01-01-2022,Noah,Brown,Noah Brown,Canada,West,Furniture,Binders,1412,-299,4,0.2
ORD02762,14-08-2021,22-08-2021,Noah,Smith,Noah Smith,Australia,West,Furniture,Tables,1749,481,6,0.2
ORD02763,04-09-2021,05-09-2021,John,Patel,John Patel,Canada,East,Office Supplies,Tables,984,284,1,0.1
ORD02764,13-02-2022,20-02-2022,Rahul,Smith,Rahul Smith,Australia,South,Office Supplies,Tables,1557,-103,6,0.1
ORD02765,23-03-2021,25-03-2021,Olivia,Johnson,Olivia Johnson,USA,South,Office Supplies,Tables,1465,-154,13,0.1
ORD02766,09-02-2021,14-02-2021,John,Johnson,John Johnson,Australia,East,Furniture,Phones,1387,326,11,0
ORD02767,22-12-2022,25-12-2022,Emma,Patel,Emma Patel,UK,East,Furniture,Phones,760,-62,11,0
ORD02768,28-06-2022,03-07-2022,Emma,Anderson,EmmaAnderson,UK,North,Technology,Accessories,78,25,11,0.2
ORD02769,08-07-2021,15-07-2021,Liam,Sharma,Liam Sharma,India,South,Office Supplies,Binders,490,-114,13,0
ORD02770,19-01-2022,25-01-2022,Amit,Smith,Amit Smith,Canada,South,Office Supplies,Tables,1747,306,12,0
ORD02771,05-01-2022,14-01-2022,John,Sharma,John Sharma,USA,East,Office Supplies,Chairs,775,-112,5,0
ORD02772,21-08-2022,27-08-2022,Olivia,Anderson,Olivia Anderson,UK,South,Office Supplies,Tables,1095,-294,15,0.1
ORD02773,21-01-2022,25-01-2022,John,Anderson,John Anderson,USA,South,Technology,Binders,525,153,5,0.2
ORD02774,21-06-2022,22-06-2022,John,Sharma,John Sharma,UK,West,Furniture,Tables,903,49,11,0.2
ORD02775,05-10-2021,07-10-2021,Noah,Sharma,Noah Sharma,Canada,South,Office Supplies,Binders,769,190,10,0.1
ORD02776,18-02-2022,27-02-2022,Olivia,Taylor,Olivia Taylor,Australia,South,Office Supplies,Tables,911,115,7,0
ORD02777,27-11-2022,03-12-2022,Emma,Verma,Emma Verma,Canada,North,Furniture,Binders,26,2,3,0
ORD02778,04-10-2021,12-10-2021,Emma,Patel,Emma Patel,Australia,North,Office Supplies,Tables,895,180,7,0
ORD02779,17-11-2021,21-11-2021,Priya,Brown,Priya Brown,Australia,South,Office Supplies,Accessories,822,-218,14,0
ORD02780,08-01-2022,10-01-2022,Olivia,Johnson,Olivia Johnson,India,South,Technology,Phones,454,-107,7,0.2
ORD02781,10-08-2021,14-08-2021,Priya,Sharma,Priya Sharma,UK,South,Technology,Chairs,298,94,2,0.1
ORD02782,19-03-2021,24-03-2021,Rahul,Johnson,Rahul Johnson,Australia,South,Furniture,Chairs,1111,11,13,0
ORD02783,15-09-2022,23-09-2022,Rahul,Brown,RahulBrown,Australia,East,Furniture,Phones,1733,-496,4,0.1
ORD02784,18-04-2022,27-04-2022,Olivia,Taylor,Olivia Taylor,UK,East,Furniture,Phones,341,-81,6,0
ORD02785,27-06-2022,01-07-2022,Noah,Verma,Noah Verma,UK,South,Office Supplies,Tables,442,-86,1,0.2
ORD02786,11-01-2022,17-01-2022,Priya,Brown,Priya Brown,USA,South,Furniture,Binders,1690,-26,13,0.1
ORD02787,19-02-2022,21-02-2022,John,Patel,JohnPatel,USA,South,Technology,Chairs,1039,-23,10,0
ORD02788,07-01-2021,14-01-2021,Priya,Patel,Priya Patel,Canada,South,Office Supplies,Phones,1440,-154,9,0.1
ORD02789,18-02-2021,22-02-2021,Amit,Verma,Amit Verma,Australia,South,Furniture,Binders,1491,219,15,0.2
ORD02790,20-07-2022,22-07-2022,Noah,Taylor,Noah Taylor,UK,South,Office Supplies,Accessories,485,62,8,0
ORD02791,31-05-2022,02-06-2022,Amit,Johnson,Amit Johnson,USA,South,Office Supplies,Storage,991,255,3,0
ORD02792,11-01-2022,21-01-2022,Amit,Johnson,Amit Johnson,India,North,Furniture,Tables,1158,147,6,0
ORD02793,22-01-2022,24-01-2022,Noah,Taylor,NoahTaylor,India,West,Furniture,Chairs,736,-169,10,0.2
ORD02794,06-01-2021,15-01-2021,Olivia,Smith,Olivia Smith,USA,South,Technology,Chairs,1663,-203,6,0.1
ORD02795,13-11-2022,23-11-2022,Rahul,Brown,Rahul Brown,USA,North,Technology,Chairs,834,-224,7,0.2
ORD02796,15-09-2022,16-09-2022,Ava,Brown,Ava Brown,Canada,East,Furniture,Chairs,982,145,14,0.2
ORD02797,07-08-2022,13-08-2022,Emma,Sharma,Emma Sharma,India,East,Office Supplies,Binders,300,76,12,0.1
ORD02798,23-03-2021,26-03-2021,Ava,Patel,AvaPatel,India,West,Furniture,Chairs,734,-107,4,0.1
ORD02799,10-02-2021,20-02-2021,Ava,Anderson,Ava Anderson,Canada,West,Technology,Accessories,1043,338,3,0.2
ORD02800,17-08-2021,26-08-2021,Rahul,Smith,Rahul Smith,USA,West,Office Supplies,Storage,827,113,8,0
ORD02801,14-12-2021,16-12-2021,Liam,Patel,Liam Patel,India,North,Office Supplies,Phones,90,0,1,0
ORD02802,23-08-2022,24-08-2022,Ava,Taylor,AvaTaylor,India,North,OfficeSupplies,Tables,394,8,9,0
ORD02803,01-12-2022,04-12-2022,Emma,Brown,Emma Brown,USA,North,Furniture,Phones,704,97,1,0.2
ORD02804,14-10-2021,23-10-2021,Rahul,Taylor,Rahul Taylor,India,South,Furniture,Chairs,1942,321,6,0.1
ORD02805,22-07-2021,29-07-2021,Olivia,Smith,Olivia Smith,USA,West,Technology,Phones,2000,310,5,0.1
ORD02806,07-05-2022,13-05-2022,Priya,Smith,Priya Smith,Australia,South,Technology,Phones,99,31,5,0.1
ORD02807,30-11-2021,04-12-2021,Noah,Taylor,Noah Taylor,UK,South,Technology,Tables,295,100,6,0
ORD02808,24-02-2021,26-02-2021,Sneha,Smith,SnehaSmith,UK,South,OfficeSupplies,Tables,1417,285,11,0.1
ORD02809,04-02-2022,05-02-2022,Emma,Smith,EmmaSmith,UK,East,OfficeSupplies,Chairs,1591,-332,1,0
ORD02810,02-05-2021,10-05-2021,Olivia,Patel,Olivia Patel,UK,West,Technology,Binders,1537,79,3,0.1
ORD02811,08-10-2021,16-10-2021,Amit,Anderson,AmitAnderson,UK,North,OfficeSupplies,Accessories,684,-31,5,0
ORD02812,26-10-2022,31-10-2022,John,Johnson,John Johnson,UK,North,Technology,Accessories,592,165,2,0.2
ORD02813,28-02-2021,07-03-2021,John,Johnson,John Johnson,Canada,West,Technology,Accessories,345,55,6,0
ORD02814,04-01-2022,06-01-2022,Sneha,Patel,Sneha Patel,Canada,West,Furniture,Accessories,402,127,10,0
ORD02815,13-02-2022,14-02-2022,Liam,Smith,Liam Smith,India,West,Furniture,Phones,332,57,5,0
ORD02816,10-12-2021,15-12-2021,Liam,Anderson,Liam Anderson,USA,East,Technology,Phones,443,-19,12,0.1
ORD02817,22-06-2021,30-06-2021,Amit,Patel,Amit Patel,Australia,North,Furniture,Accessories,1238,393,5,0.2
ORD02818,24-11-2021,25-11-2021,Liam,Brown,Liam Brown,Australia,North,Furniture,Storage,628,-67,7,0
ORD02819,15-09-2021,20-09-2021,Noah,Patel,Noah Patel,UK,South,Furniture,Tables,829,-89,8,0
ORD02820,26-08-2021,28-08-2021,Liam,Taylor,Liam Taylor,USA,West,Technology,Binders,787,105,7,0
ORD02821,12-12-2022,22-12-2022,Olivia,Patel,OliviaPatel,USA,North,Technology,Accessories,1651,428,12,0.1
ORD02822,05-08-2021,13-08-2021,Priya,Verma,PriyaVerma,USA,North,Furniture,Tables,143,-11,4,0.1
ORD02823,25-01-2021,30-01-2021,Sneha,Patel,SnehaPatel,USA,North,Technology,Tables,1563,437,3,0.1
ORD02824,05-08-2021,12-08-2021,John,Anderson,John Anderson,Australia,North,Furniture,Phones,1799,232,13,0
ORD02825,17-02-2021,23-02-2021,Ava,Brown,Ava Brown,Australia,North,Technology,Accessories,529,116,13,0.1
ORD02826,13-04-2022,21-04-2022,John,Johnson,John Johnson,USA,West,Furniture,Tables,743,147,3,0.2
ORD02827,04-07-2022,14-07-2022,John,Brown,John Brown,Australia,East,Office Supplies,Accessories,894,-195,3,0.1
ORD02828,04-08-2022,07-08-2022,Ava,Brown,Ava Brown,UK,East,Technology,Accessories,788,148,13,0.1
ORD02829,07-06-2022,08-06-2022,Sneha,Sharma,SnehaSharma,UK,East,OfficeSupplies,Binders,1799,-334,14,0.1
ORD02830,15-09-2022,17-09-2022,Ava,Anderson,Ava Anderson,Australia,East,Technology,Storage,76,24,7,0.2
ORD02831,04-02-2022,12-02-2022,Amit,Taylor,AmitTaylor,Australia,East,OfficeSupplies,Accessories,399,-108,13,0
ORD02832,25-01-2022,27-01-2022,John,Patel,John Patel,Australia,North,Furniture,Storage,1866,-321,14,0
ORD02833,16-12-2022,22-12-2022,Rahul,Smith,Rahul Smith,India,North,Furniture,Storage,1050,127,3,0
ORD02834,09-04-2022,10-04-2022,Rahul,Johnson,RahulJohnson,India,North,Technology,Phones,1575,264,9,0
ORD02835,10-07-2022,13-07-2022,Noah,Brown,NoahBrown,India,North,OfficeSupplies,Tables,399,38,7,0.1
ORD02836,04-12-2022,05-12-2022,Liam,Verma,Liam Verma,India,East,Technology,Tables,138,29,6,0.1
ORD02837,25-10-2022,26-10-2022,Amit,Verma,Amit Verma,India,North,Furniture,Tables,1106,215,7,0.1
ORD02838,30-10-2022,02-11-2022,Emma,Smith,EmmaSmith,India,East,Furniture,Chairs,132,-35,1,0.1
ORD02839,25-03-2021,27-03-2021,Liam,Smith,Liam Smith,Australia,North,Furniture,Accessories,366,-44,14,0.1
ORD02840,28-08-2022,29-08-2022,Emma,Sharma,Emma Sharma,USA,West,Office Supplies,Storage,895,-156,15,0
ORD02841,02-06-2021,12-06-2021,Noah,Anderson,Noah Anderson,Canada,East,Technology,Tables,1619,-190,8,0.1
ORD02842,17-01-2021,21-01-2021,John,Johnson,John Johnson,UK,North,Furniture,Tables,425,115,12,0.1
ORD02843,13-10-2021,17-10-2021,Ava,Patel,Ava Patel,USA,East,Office Supplies,Tables,440,-56,2,0.2
ORD02844,19-04-2022,25-04-2022,Olivia,Smith,OliviaSmith,USA,North,Furniture,Tables,749,-167,9,0.1
ORD02845,08-12-2022,16-12-2022,Noah,Smith,NoahSmith,USA,North,Technology,Accessories,1984,596,14,0.2
ORD02846,19-02-2022,22-02-2022,Rahul,Sharma,Rahul Sharma,Australia,South,Furniture,Storage,1867,405,15,0
ORD02847,03-08-2021,12-08-2021,Ava,Sharma,Ava Sharma,UK,South,Furniture,Storage,571,182,5,0
ORD02848,05-03-2022,09-03-2022,Rahul,Brown,Rahul Brown,USA,North,Furniture,Storage,382,99,4,0
ORD02849,10-03-2021,11-03-2021,Olivia,Patel,OliviaPatel,USA,South,OfficeSupplies,Storage,79,4,12,0.1
ORD02850,25-03-2022,04-04-2022,Rahul,Verma,Rahul Verma,USA,South,Technology,Storage,1849,484,14,0.1
ORD02851,16-08-2022,17-08-2022,Amit,Verma,Amit Verma,Canada,South,Office Supplies,Chairs,1671,-270,7,0.2
ORD02852,15-07-2022,16-07-2022,Olivia,Taylor,Olivia Taylor,India,North,Office Supplies,Tables,1775,-368,15,0.2
ORD02853,25-11-2022,01-12-2022,Liam,Brown,LiamBrown,India,East,Furniture,Phones,822,257,10,0.2
ORD02854,21-11-2021,24-11-2021,Olivia,Taylor,Olivia Taylor,Australia,West,Office Supplies,Tables,1455,-41,8,0.1
ORD02855,08-12-2021,09-12-2021,Emma,Smith,EmmaSmith,Australia,West,Technology,Phones,1951,70,3,0.1
ORD02856,18-12-2022,27-12-2022,Rahul,Smith,Rahul Smith,Canada,West,Office Supplies,Chairs,1593,380,9,0.1
ORD02857,03-07-2021,09-07-2021,Priya,Anderson,Priya Anderson,Australia,West,Technology,Accessories,642,70,5,0.1
ORD02858,25-07-2021,28-07-2021,Olivia,Taylor,OliviaTaylor,Australia,West,Furniture,Chairs,567,3,13,0.2
ORD02859,23-06-2021,03-07-2021,Priya,Johnson,Priya Johnson,India,West,Technology,Chairs,1310,-373,4,0.2
ORD02860,08-06-2021,13-06-2021,John,Patel,John Patel,UK,West,Furniture,Tables,1737,-349,11,0
ORD02861,14-09-2021,24-09-2021,Noah,Sharma,NoahSharma,UK,West,Furniture,Chairs,387,89,2,0.1
ORD02862,05-03-2021,08-03-2021,Liam,Smith,Liam Smith,USA,West,Furniture,Chairs,1482,393,14,0.1
ORD02863,27-11-2021,28-11-2021,Rahul,Verma,Rahul Verma,Australia,East,Furniture,Storage,1883,139,14,0
ORD02864,22-01-2021,27-01-2021,Priya,Johnson,Priya Johnson,Canada,East,Office Supplies,Tables,272,82,7,0
ORD02865,03-01-2021,09-01-2021,Amit,Sharma,Amit Sharma,UK,East,Office Supplies,Accessories,1005,-49,7,0
ORD02866,29-03-2022,07-04-2022,Amit,Sharma,Amit Sharma,India,East,Technology,Storage,106,30,6,0
ORD02867,19-08-2021,21-08-2021,Noah,Brown,Noah Brown,Australia,South,Office Supplies,Accessories,1646,483,4,0.2
ORD02868,04-05-2022,13-05-2022,Liam,Taylor,Liam Taylor,India,South,Technology,Tables,559,107,8,0
ORD02869,30-08-2021,06-09-2021,Liam,Verma,Liam Verma,India,South,Office Supplies,Storage,1363,-65,4,0.1
ORD02870,21-03-2022,31-03-2022,Emma,Smith,Emma Smith,Australia,West,Office Supplies,Phones,180,-5,14,0.1
ORD02871,18-03-2022,21-03-2022,Amit,Verma,Amit Verma,UK,West,Furniture,Binders,1021,328,4,0.2
ORD02872,14-03-2022,21-03-2022,Priya,Sharma,Priya Sharma,USA,West,Technology,Accessories,335,-71,13,0.1
ORD02873,18-10-2021,27-10-2021,Ava,Patel,Ava Patel,Canada,West,Furniture,Phones,182,-31,2,0
ORD02874,15-03-2021,17-03-2021,Rahul,Taylor,Rahul Taylor,USA,East,Furniture,Phones,1325,341,8,0
ORD02875,11-04-2021,14-04-2021,John,Johnson,John Johnson,USA,South,Furniture,Accessories,1168,-229,12,0
ORD02876,10-10-2022,15-10-2022,Rahul,Patel,Rahul Patel,Canada,South,Technology,Accessories,359,-89,9,0
ORD02877,16-04-2022,18-04-2022,Amit,Verma,AmitVerma,Canada,East,Technology,Tables,1247,173,14,0
ORD02878,09-12-2021,11-12-2021,Rahul,Anderson,RahulAnderson,Canada,South,Furniture,Storage,1782,-492,8,0
ORD02879,29-01-2022,05-02-2022,Ava,Johnson,Ava Johnson,India,East,Technology,Binders,1699,-10,3,0.2
ORD02880,14-12-2021,17-12-2021,Amit,Verma,Amit Verma,USA,East,Office Supplies,Phones,338,86,15,0
ORD02881,07-08-2022,14-08-2022,Priya,Johnson,Priya Johnson,Australia,North,Office Supplies,Phones,1756,-34,5,0.1
ORD02882,07-09-2022,17-09-2022,Ava,Smith,AvaSmith,Australia,South,OfficeSupplies,Storage,1432,227,9,0
ORD02883,24-05-2021,27-05-2021,Emma,Sharma,Emma Sharma,Canada,West,Furniture,Storage,873,154,3,0.1
ORD02884,01-10-2021,02-10-2021,Olivia,Johnson,Olivia Johnson,Canada,North,Furniture,Binders,1038,267,8,0
ORD02885,30-04-2021,05-05-2021,Liam,Verma,Liam Verma,Canada,North,Office Supplies,Chairs,1215,164,1,0.1
ORD02886,12-07-2022,19-07-2022,Rahul,Taylor,RahulTaylor,Canada,South,Furniture,Binders,409,31,8,0
ORD02887,19-12-2021,26-12-2021,Noah,Anderson,Noah Anderson,Australia,South,Furniture,Binders,405,24,12,0.2
ORD02888,19-01-2022,28-01-2022,Liam,Verma,LiamVerma,Australia,South,Technology,Chairs,1070,-2,14,0.1
ORD02889,29-10-2022,08-11-2022,Rahul,Sharma,Rahul Sharma,Canada,North,Furniture,Chairs,1329,-149,8,0.1
ORD02890,15-02-2021,21-02-2021,Olivia,Sharma,Olivia Sharma,India,West,Furniture,Tables,990,-140,7,0.2
ORD02891,29-01-2022,31-01-2022,Olivia,Verma,OliviaVerma,India,West,Furniture,Phones,57,11,10,0.2
ORD02892,13-12-2021,23-12-2021,Amit,Anderson,Amit Anderson,Australia,East,Furniture,Binders,961,-1,15,0
ORD02893,16-01-2022,19-01-2022,Liam,Sharma,Liam Sharma,USA,East,Office Supplies,Tables,1445,-341,14,0
ORD02894,09-08-2021,15-08-2021,Olivia,Sharma,Olivia Sharma,USA,East,Furniture,Chairs,1682,-273,15,0
ORD02895,28-05-2021,05-06-2021,Rahul,Anderson,Rahul Anderson,India,South,Furniture,Tables,1139,328,10,0
ORD02896,18-01-2021,20-01-2021,Ava,Sharma,Ava Sharma,Canada,North,Furniture,Tables,669,13,2,0.1
ORD02897,24-03-2022,26-03-2022,Sneha,Smith,Sneha Smith,UK,North,Office Supplies,Accessories,436,87,5,0
ORD02898,24-03-2021,28-03-2021,Olivia,Brown,Olivia Brown,Australia,North,Furniture,Accessories,1542,-126,15,0
ORD02899,23-01-2022,01-02-2022,Amit,Smith,Amit Smith,India,South,Technology,Accessories,1536,-177,5,0.2
ORD02900,24-12-2021,27-12-2021,Priya,Verma,Priya Verma,UK,East,Furniture,Accessories,933,-241,9,0.2
ORD02901,27-02-2021,04-03-2021,Emma,Smith,Emma Smith,USA,North,Furniture,Phones,1298,131,12,0.2
ORD02902,07-03-2021,12-03-2021,Amit,Brown,Amit Brown,UK,East,Furniture,Phones,1256,360,12,0.2
ORD02903,05-08-2022,11-08-2022,Noah,Anderson,Noah Anderson,Canada,East,Furniture,Chairs,1894,-47,9,0
ORD02904,10-01-2022,13-01-2022,Priya,Verma,Priya Verma,Canada,East,Office Supplies,Binders,1774,-53,13,0
ORD02905,21-07-2021,23-07-2021,Ava,Taylor,Ava Taylor,India,East,Technology,Phones,1680,-50,9,0.1
ORD02906,05-10-2021,07-10-2021,Amit,Patel,Amit Patel,Canada,North,Office Supplies,Binders,184,27,11,0.1
ORD02907,07-09-2022,14-09-2022,Noah,Anderson,Noah Anderson,USA,West,Furniture,Accessories,1394,378,7,0
ORD02908,18-01-2021,26-01-2021,Emma,Patel,Emma Patel,Canada,East,Technology,Binders,94,-26,4,0
ORD02909,06-02-2021,14-02-2021,Olivia,Anderson,Olivia Anderson,Australia,North,Furniture,Storage,580,10,3,0
ORD02910,19-08-2022,21-08-2022,Rahul,Sharma,Rahul Sharma,UK,North,Furniture,Storage,1438,498,15,0
ORD02911,05-06-2022,15-06-2022,Ava,Smith,Ava Smith,USA,East,Technology,Storage,1468,-95,13,0.2
ORD02912,25-04-2022,02-05-2022,Amit,Anderson,Amit Anderson,India,East,Furniture,Accessories,1591,-121,5,0
ORD02913,04-10-2021,06-10-2021,Priya,Patel,PriyaPatel,India,East,Technology,Accessories,1951,7,8,0
ORD02914,08-09-2021,17-09-2021,John,Johnson,John Johnson,UK,East,Technology,Storage,309,-63,4,0
ORD02915,14-03-2021,21-03-2021,Olivia,Smith,Olivia Smith,Canada,West,Furniture,Storage,1061,216,15,0
ORD02916,01-07-2022,10-07-2022,Sneha,Verma,Sneha Verma,Canada,North,Technology,Chairs,1434,-397,7,0.1
ORD02917,23-02-2021,25-02-2021,Ava,Smith,Ava Smith,USA,South,Furniture,Tables,1165,-224,10,0
ORD02918,01-09-2022,09-09-2022,Olivia,Brown,Olivia Brown,India,East,Furniture,Binders,279,-19,7,0
ORD02919,14-09-2021,23-09-2021,Emma,Brown,EmmaBrown,India,East,Technology,Phones,419,-113,14,0.2
ORD02920,21-02-2022,01-03-2022,Noah,Taylor,Noah Taylor,UK,East,Technology,Accessories,1598,552,5,0
ORD02921,20-02-2022,21-02-2022,Ava,Taylor,Ava Taylor,India,East,Office Supplies,Accessories,1854,14,7,0.2
ORD02922,10-04-2021,15-04-2021,Olivia,Taylor,Olivia Taylor,USA,East,Technology,Accessories,231,-57,9,0.2
ORD02923,15-05-2021,17-05-2021,Liam,Smith,Liam Smith,Canada,South,Office Supplies,Storage,323,-88,4,0.1
ORD02924,06-12-2021,09-12-2021,Olivia,Brown,OliviaBrown,Canada,North,Furniture,Accessories,1292,171,11,0.1
ORD02925,02-10-2021,07-10-2021,Emma,Patel,Emma Patel,India,North,Technology,Chairs,1234,-108,12,0.2
ORD02926,07-10-2021,15-10-2021,Priya,Patel,Priya Patel,India,North,Office Supplies,Phones,499,174,4,0.2
ORD02927,06-08-2021,16-08-2021,Priya,Anderson,Priya Anderson,Australia,South,Technology,Chairs,311,-15,11,0.1
ORD02928,14-12-2021,24-12-2021,Liam,Anderson,Liam Anderson,Canada,East,Technology,Accessories,1344,378,4,0.1
ORD02929,20-12-2021,28-12-2021,Priya,Anderson,Priya Anderson,UK,West,Technology,Accessories,560,-56,1,0.1
ORD02930,13-07-2021,22-07-2021,Noah,Verma,Noah Verma,USA,West,Furniture,Accessories,897,-206,13,0.2
ORD02931,12-03-2022,16-03-2022,Ava,Johnson,Ava Johnson,Canada,South,Technology,Storage,213,59,6,0.2
ORD02932,25-12-2022,28-12-2022,Ava,Taylor,Ava Taylor,UK,West,Office Supplies,Chairs,1386,-253,11,0.1
ORD02933,29-06-2021,30-06-2021,Rahul,Sharma,RahulSharma,UK,West,Technology,Chairs,1796,403,8,0.1
ORD02934,28-06-2022,30-06-2022,Sneha,Johnson,SnehaJohnson,UK,West,Furniture,Storage,891,-165,11,0
ORD02935,05-01-2022,07-01-2022,Emma,Verma,Emma Verma,India,North,Technology,Binders,1049,152,5,0
ORD02936,10-03-2021,16-03-2021,Priya,Patel,Priya Patel,Australia,North,Office Supplies,Phones,908,119,4,0.2
ORD02937,25-05-2022,26-05-2022,Amit,Brown,Amit Brown,UK,North,Technology,Phones,30,-6,8,0
ORD02938,23-07-2021,26-07-2021,Noah,Patel,Noah Patel,Canada,West,Office Supplies,Storage,1355,-237,9,0.2
ORD02939,30-12-2022,04-01-2023,John,Sharma,John Sharma,India,East,Office Supplies,Accessories,1157,-118,4,0
ORD02940,29-05-2022,30-05-2022,Olivia,Brown,Olivia Brown,Australia,North,Technology,Chairs,142,40,4,0.1
ORD02941,18-07-2021,21-07-2021,Amit,Johnson,Amit Johnson,Australia,South,Furniture,Storage,1482,92,7,0.1
ORD02942,16-02-2022,22-02-2022,Olivia,Sharma,Olivia Sharma,UK,West,Office Supplies,Tables,1557,-171,5,0
ORD02943,22-03-2022,25-03-2022,Amit,Taylor,Amit Taylor,UK,North,Furniture,Chairs,1510,-435,9,0.1
ORD02944,15-01-2021,17-01-2021,Liam,Smith,Liam Smith,Canada,South,Furniture,Chairs,1661,-84,8,0
ORD02945,18-09-2022,21-09-2022,Noah,Sharma,Noah Sharma,India,West,Technology,Chairs,218,76,2,0.2
ORD02946,30-03-2021,02-04-2021,Sneha,Patel,Sneha Patel,USA,South,Furniture,Binders,566,-88,5,0
ORD02947,29-04-2021,03-05-2021,Emma,Anderson,Emma Anderson,Canada,South,Technology,Binders,243,-3,3,0.2
ORD02948,24-09-2022,26-09-2022,Liam,Patel,Liam Patel,India,South,Office Supplies,Tables,59,18,9,0
ORD02949,26-02-2022,07-03-2022,Sneha,Taylor,Sneha Taylor,UK,East,Furniture,Binders,36,8,8,0.2
ORD02950,24-02-2022,27-02-2022,Olivia,Anderson,Olivia Anderson,India,West,Office Supplies,Chairs,951,-19,6,0
ORD02951,20-10-2022,30-10-2022,Priya,Patel,Priya Patel,India,North,Office Supplies,Accessories,374,92,1,0
ORD02952,06-04-2021,07-04-2021,Amit,Brown,Amit Brown,Canada,North,Furniture,Storage,1541,-462,6,0.1
ORD02953,11-10-2022,15-10-2022,Liam,Verma,Liam Verma,UK,North,Furniture,Chairs,1820,-500,3,0.1
ORD02954,13-02-2022,18-02-2022,Amit,Johnson,AmitJohnson,UK,East,OfficeSupplies,Chairs,980,175,2,0.1
ORD02955,08-03-2022,14-03-2022,Sneha,Johnson,Sneha Johnson,USA,South,Technology,Phones,1390,172,5,0.2
ORD02956,18-02-2022,25-02-2022,Rahul,Brown,Rahul Brown,Australia,East,Technology,Chairs,859,262,7,0
ORD02957,20-04-2021,28-04-2021,Noah,Sharma,Noah Sharma,UK,West,Furniture,Chairs,485,-25,10,0.2
ORD02958,24-09-2021,04-10-2021,Olivia,Sharma,Olivia Sharma,Australia,West,Technology,Tables,340,-32,2,0
ORD02959,29-06-2021,01-07-2021,Emma,Sharma,EmmaSharma,Australia,West,Technology,Tables,48,-3,11,0.1
ORD02960,16-10-2021,18-10-2021,Amit,Smith,AmitSmith,Australia,North,OfficeSupplies,Chairs,1266,31,9,0
ORD02961,04-04-2021,12-04-2021,Olivia,Smith,Olivia Smith,USA,North,Office Supplies,Chairs,1257,111,1,0
ORD02962,12-10-2022,16-10-2022,Amit,Anderson,Amit Anderson,India,East,Furniture,Chairs,832,174,7,0.1
ORD02963,15-09-2022,17-09-2022,Rahul,Smith,Rahul Smith,Canada,South,Office Supplies,Phones,425,-4,5,0.1
ORD02964,17-10-2021,22-10-2021,Emma,Patel,Emma Patel,UK,South,Office Supplies,Storage,1385,-94,2,0.1
ORD02965,31-08-2021,02-09-2021,John,Sharma,John Sharma,Australia,North,Office Supplies,Storage,684,109,4,0
ORD02966,27-08-2021,02-09-2021,Ava,Anderson,Ava Anderson,Australia,North,Furniture,Tables,553,48,14,0.2
ORD02967,14-12-2022,19-12-2022,Priya,Sharma,Priya Sharma,India,East,Technology,Tables,1741,174,10,0.1
ORD02968,05-05-2021,11-05-2021,Noah,Sharma,Noah Sharma,UK,West,Furniture,Accessories,397,0,10,0.2
ORD02969,06-01-2021,15-01-2021,Rahul,Taylor,Rahul Taylor,Canada,West,Office Supplies,Phones,480,162,2,0
ORD02970,18-11-2022,24-11-2022,Ava,Sharma,Ava Sharma,India,West,Office Supplies,Phones,1003,90,8,0.1
ORD02971,31-10-2022,10-11-2022,Noah,Smith,Noah Smith,UK,South,Office Supplies,Phones,1045,-89,4,0.1
ORD02972,25-12-2022,30-12-2022,Rahul,Sharma,Rahul Sharma,USA,South,Furniture,Accessories,418,-100,1,0
ORD02973,11-09-2022,12-09-2022,Liam,Verma,Liam Verma,UK,South,Technology,Chairs,683,3,14,0.2
ORD02974,03-12-2022,12-12-2022,Noah,Anderson,Noah Anderson,USA,West,Office Supplies,Chairs,1700,573,11,0.1
ORD02975,27-04-2022,06-05-2022,Emma,Patel,Emma Patel,UK,East,Technology,Chairs,1555,476,5,0.1
ORD02976,22-04-2022,23-04-2022,Rahul,Patel,RahulPatel,UK,East,Technology,Chairs,709,-155,8,0.2
ORD02977,12-07-2022,16-07-2022,Rahul,Anderson,RahulAnderson,UK,East,OfficeSupplies,Tables,1660,302,8,0.2
ORD02978,17-12-2022,22-12-2022,Rahul,Brown,Rahul Brown,USA,East,Office Supplies,Chairs,1245,175,2,0
ORD02979,08-12-2022,15-12-2022,Noah,Sharma,Noah Sharma,Australia,East,Technology,Phones,1199,229,9,0
ORD02980,15-08-2021,18-08-2021,Noah,Anderson,Noah Anderson,Canada,East,Furniture,Chairs,419,41,7,0
ORD02981,28-09-2022,02-10-2022,Olivia,Anderson,Olivia Anderson,UK,East,Office Supplies,Storage,190,41,3,0
ORD02982,03-12-2021,12-12-2021,Amit,Smith,Amit Smith,India,South,Technology,Binders,190,43,4,0
ORD02983,19-08-2022,27-08-2022,Noah,Brown,Noah Brown,USA,East,Office Supplies,Tables,1754,289,14,0
ORD02984,10-08-2022,17-08-2022,John,Brown,John Brown,USA,West,Technology,Storage,1942,345,5,0
ORD02985,17-12-2021,26-12-2021,Noah,Taylor,NoahTaylor,USA,East,Technology,Phones,48,-13,6,0.2
ORD02986,22-08-2022,24-08-2022,Rahul,Smith,Rahul Smith,USA,West,Office Supplies,Storage,1470,285,3,0
ORD02987,17-03-2022,21-03-2022,Sneha,Verma,Sneha Verma,India,East,Technology,Accessories,1377,249,14,0.2
ORD02988,09-04-2021,10-04-2021,Amit,Patel,Amit Patel,Australia,West,Technology,Accessories,1904,228,6,0
ORD02989,30-05-2021,06-06-2021,Sneha,Smith,Sneha Smith,UK,East,Technology,Chairs,576,89,5,0.1
ORD02990,01-05-2021,08-05-2021,Priya,Taylor,Priya Taylor,India,West,Office Supplies,Binders,1935,56,13,0
ORD02991,14-01-2021,18-01-2021,Amit,Anderson,Amit Anderson,Canada,North,Furniture,Phones,1718,36,7,0.2
ORD02992,18-03-2021,22-03-2021,Rahul,Taylor,Rahul Taylor,Canada,South,Furniture,Binders,40,7,14,0.1
ORD02993,10-04-2022,16-04-2022,Rahul,Anderson,Rahul Anderson,India,East,Technology,Tables,884,104,11,0
ORD02994,16-10-2021,17-10-2021,Ava,Johnson,Ava Johnson,Canada,South,Furniture,Phones,640,-126,12,0
ORD02995,07-07-2021,14-07-2021,Emma,Verma,Emma Verma,India,West,Office Supplies,Phones,401,81,8,0
ORD02996,09-05-2021,16-05-2021,Noah,Anderson,Noah Anderson,India,South,Furniture,Phones,873,-173,2,0.2
ORD02997,28-06-2022,29-06-2022,John,Johnson,John Johnson,USA,South,Furniture,Chairs,1288,64,6,0
ORD02998,18-12-2022,23-12-2022,Priya,Johnson,Priya Johnson,Australia,North,Furniture,Binders,1570,253,4,0
ORD02999,26-05-2021,04-06-2021,Rahul,Sharma,RahulSharma,Australia,North,Technology,Binders,811,52,5,0.2
ORD03000,01-09-2021,05-09-2021,Ava,Smith,Ava Smith,USA,South,Furniture,Tables,1963,318,9,0.1
ORD03001,20-03-2022,24-03-2022,Olivia,Sharma,OliviaSharma,USA,North,Technology,Phones,816,280,3,0.1
ORD03002,18-12-2021,27-12-2021,Amit,Smith,Amit Smith,USA,North,Office Supplies,Phones,113,-4,1,0.1
ORD03003,07-11-2021,14-11-2021,Priya,Sharma,Priya Sharma,Australia,North,Technology,Accessories,1490,-413,13,0.1
ORD03004,22-11-2022,26-11-2022,Noah,Patel,Noah Patel,USA,South,Furniture,Phones,909,-109,11,0.1
ORD03005,25-07-2022,30-07-2022,Noah,Johnson,NoahJohnson,USA,West,OfficeSupplies,Phones,257,48,1,0.2
ORD03006,18-10-2022,20-10-2022,Sneha,Johnson,Sneha Johnson,UK,East,Furniture,Phones,524,-63,5,0.1
ORD03007,17-12-2022,19-12-2022,Ava,Patel,Ava Patel,USA,East,Office Supplies,Chairs,1538,-30,10,0
ORD03008,02-08-2021,05-08-2021,Sneha,Smith,Sneha Smith,Australia,South,Office Supplies,Chairs,431,139,15,0.1
ORD03009,06-07-2022,16-07-2022,Liam,Taylor,Liam Taylor,India,North,Office Supplies,Storage,938,185,10,0.1
ORD03010,14-02-2021,24-02-2021,Priya,Taylor,Priya Taylor,USA,South,Technology,Tables,603,-83,8,0
ORD03011,05-04-2021,09-04-2021,John,Taylor,John Taylor,USA,East,Office Supplies,Binders,668,-178,6,0.1
ORD03012,04-07-2022,08-07-2022,Emma,Verma,Emma Verma,UK,West,Office Supplies,Chairs,410,12,14,0.2
ORD03013,19-04-2022,22-04-2022,Amit,Johnson,AmitJohnson,UK,East,OfficeSupplies,Chairs,1820,-168,1,0.1
ORD03014,23-12-2021,01-01-2022,Liam,Verma,Liam Verma,Australia,East,Office Supplies,Chairs,1907,263,6,0
ORD03015,18-10-2022,27-10-2022,Rahul,Johnson,Rahul Johnson,India,East,Furniture,Chairs,782,96,6,0.1
ORD03016,10-09-2021,14-09-2021,Amit,Patel,AmitPatel,India,South,OfficeSupplies,Tables,745,51,3,0
ORD03017,22-05-2022,28-05-2022,Olivia,Verma,OliviaVerma,India,East,OfficeSupplies,Tables,377,-30,9,0.1
ORD03018,21-10-2022,30-10-2022,Noah,Patel,Noah Patel,Australia,West,Office Supplies,Accessories,928,93,8,0.1
ORD03019,08-09-2022,16-09-2022,Olivia,Anderson,Olivia Anderson,India,South,Technology,Chairs,1507,96,5,0
ORD03020,20-08-2021,27-08-2021,Liam,Taylor,LiamTaylor,India,West,OfficeSupplies,Phones,523,-11,11,0.2
ORD03021,02-07-2022,12-07-2022,Sneha,Anderson,SnehaAnderson,India,North,OfficeSupplies,Phones,1804,-414,8,0
ORD03022,22-01-2022,31-01-2022,Olivia,Verma,Olivia Verma,India,West,Technology,Tables,60,6,4,0.1
ORD03023,24-12-2021,28-12-2021,Olivia,Smith,Olivia Smith,Canada,South,Office Supplies,Binders,580,5,13,0
ORD03024,29-10-2022,30-10-2022,Emma,Smith,Emma Smith,Australia,North,Furniture,Storage,1720,-89,9,0.1
ORD03025,13-05-2022,23-05-2022,Liam,Johnson,LiamJohnson,Australia,North,Furniture,Phones,1131,-182,3,0.2
ORD03026,17-12-2022,18-12-2022,Olivia,Sharma,Olivia Sharma,India,South,Office Supplies,Phones,1893,271,10,0
ORD03027,17-01-2021,24-01-2021,Sneha,Patel,Sneha Patel,Australia,North,Technology,Storage,85,11,7,0.2
ORD03028,11-03-2021,21-03-2021,Ava,Anderson,Ava Anderson,Canada,West,Technology,Binders,1835,-427,4,0.1
ORD03029,16-04-2021,19-04-2021,Olivia,Johnson,Olivia Johnson,USA,North,Furniture,Binders,1887,206,2,0.2
ORD03030,25-02-2021,07-03-2021,Olivia,Sharma,Olivia Sharma,UK,North,Technology,Accessories,687,205,14,0.1
ORD03031,21-10-2021,23-10-2021,John,Anderson,John Anderson,USA,East,Furniture,Phones,1123,-326,11,0
ORD03032,19-04-2022,28-04-2022,John,Verma,John Verma,Canada,East,Technology,Accessories,263,-7,9,0
ORD03033,12-08-2022,16-08-2022,Ava,Verma,Ava Verma,USA,West,Furniture,Storage,452,1,1,0.2
ORD03034,02-03-2022,08-03-2022,Olivia,Patel,Olivia Patel,USA,West,Office Supplies,Storage,536,159,7,0.1
ORD03035,20-08-2021,24-08-2021,Priya,Patel,Priya Patel,USA,South,Furniture,Chairs,352,-44,14,0.2
ORD03036,04-01-2022,11-01-2022,Sneha,Johnson,SnehaJohnson,USA,North,Furniture,Accessories,296,-81,13,0.1
ORD03037,25-08-2021,02-09-2021,Sneha,Taylor,Sneha Taylor,India,South,Office Supplies,Binders,648,-160,2,0
ORD03038,08-02-2021,16-02-2021,Emma,Smith,Emma Smith,Australia,South,Furniture,Storage,357,-6,2,0.1
ORD03039,15-04-2022,23-04-2022,Noah,Patel,Noah Patel,Canada,East,Office Supplies,Binders,1553,-54,12,0
ORD03040,25-08-2022,03-09-2022,Priya,Sharma,PriyaSharma,Canada,North,Furniture,Accessories,1782,105,9,0.1
ORD03041,03-05-2021,07-05-2021,John,Verma,John Verma,UK,North,Office Supplies,Tables,1303,93,5,0.1
ORD03042,06-10-2021,08-10-2021,Rahul,Sharma,RahulSharma,UK,East,OfficeSupplies,Storage,1278,61,6,0.1
ORD03043,14-09-2022,21-09-2022,Olivia,Anderson,Olivia Anderson,India,South,Furniture,Tables,1900,608,14,0.1
ORD03044,16-02-2022,19-02-2022,Olivia,Sharma,OliviaSharma,India,West,Furniture,Storage,324,-26,5,0.1
ORD03045,09-05-2021,17-05-2021,Liam,Smith,Liam Smith,UK,West,Office Supplies,Storage,247,-34,6,0.2
ORD03046,18-05-2021,27-05-2021,Olivia,Sharma,Olivia Sharma,India,North,Office Supplies,Chairs,489,-85,5,0.2
ORD03047,13-04-2022,21-04-2022,Liam,Patel,Liam Patel,Canada,West,Office Supplies,Chairs,1449,170,5,0.2
ORD03048,18-08-2022,21-08-2022,Liam,Verma,Liam Verma,UK,West,Technology,Phones,1184,-112,1,0.1
ORD03049,10-09-2021,16-09-2021,Ava,Smith,Ava Smith,India,North,Office Supplies,Binders,337,28,3,0
ORD03050,05-10-2021,07-10-2021,Noah,Patel,Noah Patel,UK,West,Technology,Storage,154,-31,11,0
ORD03051,19-06-2021,24-06-2021,Emma,Brown,Emma Brown,Australia,East,Office Supplies,Phones,1313,-95,7,0
ORD03052,11-12-2021,21-12-2021,Liam,Verma,Liam Verma,Australia,South,Furniture,Binders,845,268,2,0.1
ORD03053,16-11-2021,18-11-2021,Ava,Johnson,AvaJohnson,Australia,West,Furniture,Storage,480,151,12,0
ORD03054,17-09-2021,26-09-2021,Rahul,Sharma,Rahul Sharma,India,West,Technology,Storage,189,-33,2,0.1
ORD03055,27-10-2022,05-11-2022,Sneha,Taylor,Sneha Taylor,UK,North,Technology,Phones,1984,605,9,0.1
ORD03056,26-06-2022,03-07-2022,John,Johnson,John Johnson,USA,South,Office Supplies,Tables,1220,90,1,0
ORD03057,09-01-2021,17-01-2021,Rahul,Brown,Rahul Brown,USA,North,Office Supplies,Tables,691,57,11,0.1
ORD03058,16-05-2022,20-05-2022,Amit,Taylor,AmitTaylor,USA,West,OfficeSupplies,Storage,1510,-46,14,0.1
ORD03059,05-01-2022,14-01-2022,Noah,Patel,Noah Patel,USA,East,Furniture,Binders,865,107,4,0
ORD03060,24-07-2022,26-07-2022,Amit,Patel,Amit Patel,Canada,West,Furniture,Chairs,1851,600,2,0
ORD03061,01-04-2022,05-04-2022,Priya,Smith,Priya Smith,Australia,West,Technology,Storage,63,-2,11,0.1
ORD03062,23-12-2022,24-12-2022,Liam,Verma,Liam Verma,Australia,North,Technology,Phones,987,-249,1,0
ORD03063,23-03-2022,29-03-2022,Emma,Sharma,Emma Sharma,Australia,South,Furniture,Tables,223,-46,11,0
ORD03064,30-01-2021,31-01-2021,Olivia,Johnson,Olivia Johnson,Canada,South,Furniture,Accessories,1111,55,15,0
ORD03065,24-04-2022,26-04-2022,Amit,Verma,AmitVerma,Canada,South,Furniture,Phones,1845,-397,12,0.2
ORD03066,05-10-2021,12-10-2021,Liam,Smith,LiamSmith,Canada,South,OfficeSupplies,Chairs,514,69,14,0
ORD03067,30-07-2021,09-08-2021,John,Smith,JohnSmith,Canada,South,Furniture,Tables,36,-4,9,0.2
ORD03068,12-07-2021,16-07-2021,John,Brown,JohnBrown,Canada,East,Technology,Binders,1846,550,7,0
ORD03069,25-07-2022,27-07-2022,Liam,Sharma,Liam Sharma,Australia,East,Office Supplies,Tables,1087,373,8,0.1
ORD03070,14-09-2021,24-09-2021,Priya,Smith,Priya Smith,USA,South,Office Supplies,Phones,1103,-110,10,0.1
ORD03071,05-02-2022,08-02-2022,Olivia,Brown,Olivia Brown,Canada,East,Office Supplies,Storage,1944,-58,13,0.1
ORD03072,03-12-2022,11-12-2022,Emma,Smith,Emma Smith,USA,East,Furniture,Accessories,139,29,12,0
ORD03073,16-12-2022,26-12-2022,Emma,Anderson,Emma Anderson,India,East,Furniture,Accessories,1401,-40,2,0.1
ORD03074,06-09-2021,12-09-2021,John,Patel,John Patel,UK,West,Technology,Storage,1656,394,1,0.1
ORD03075,15-08-2022,21-08-2022,Priya,Smith,PriyaSmith,UK,East,Furniture,Storage,455,132,2,0
ORD03076,23-11-2021,26-11-2021,Sneha,Johnson,Sneha Johnson,USA,South,Office Supplies,Storage,868,1,8,0
ORD03077,13-03-2021,15-03-2021,Ava,Johnson,Ava Johnson,Canada,South,Furniture,Phones,1222,350,6,0.1
ORD03078,11-02-2021,16-02-2021,Sneha,Verma,Sneha Verma,USA,South,Furniture,Tables,743,-81,12,0
ORD03079,10-08-2022,16-08-2022,Emma,Patel,Emma Patel,USA,East,Office Supplies,Tables,1112,-73,11,0
ORD03080,17-03-2021,21-03-2021,Rahul,Brown,Rahul Brown,Canada,East,Technology,Tables,1806,29,5,0
ORD03081,23-12-2021,01-01-2022,Priya,Patel,Priya Patel,Canada,South,Furniture,Tables,1923,667,3,0.1
ORD03082,29-12-2022,05-01-2023,Olivia,Sharma,Olivia Sharma,USA,West,Technology,Tables,722,215,4,0.1
ORD03083,04-11-2022,07-11-2022,Sneha,Anderson,Sneha Anderson,India,West,Office Supplies,Binders,1616,-6,3,0.1
ORD03084,31-05-2021,04-06-2021,Liam,Verma,LiamVerma,India,South,Technology,Storage,523,-91,12,0
ORD03085,26-11-2022,04-12-2022,Liam,Sharma,LiamSharma,India,South,OfficeSupplies,Storage,1361,275,8,0
ORD03086,13-12-2022,20-12-2022,Noah,Verma,Noah Verma,Canada,South,Office Supplies,Chairs,1032,202,6,0.2
ORD03087,25-04-2021,28-04-2021,John,Patel,John Patel,Canada,West,Technology,Chairs,1617,175,5,0
ORD03088,31-07-2021,08-08-2021,Liam,Taylor,Liam Taylor,USA,West,Technology,Tables,1152,129,9,0.1
ORD03089,31-05-2021,09-06-2021,Ava,Taylor,Ava Taylor,Canada,North,Office Supplies,Storage,455,44,15,0
ORD03090,23-06-2022,27-06-2022,Noah,Sharma,Noah Sharma,India,North,Furniture,Storage,627,166,15,0
ORD03091,22-04-2021,26-04-2021,Sneha,Patel,SnehaPatel,India,East,Furniture,Accessories,145,39,13,0.1
ORD03092,12-06-2022,16-06-2022,John,Patel,JohnPatel,India,North,Furniture,Tables,1342,269,6,0
ORD03093,30-06-2021,01-07-2021,John,Patel,JohnPatel,India,South,OfficeSupplies,Tables,408,-102,9,0
ORD03094,10-02-2021,12-02-2021,Rahul,Smith,Rahul Smith,Canada,South,Office Supplies,Chairs,789,-30,13,0
ORD03095,28-10-2022,31-10-2022,Amit,Anderson,Amit Anderson,UK,South,Technology,Phones,1480,-31,6,0.2
ORD03096,05-10-2022,12-10-2022,Amit,Anderson,Amit Anderson,Australia,South,Office Supplies,Storage,473,124,8,0.1
ORD03097,24-03-2022,03-04-2022,Priya,Taylor,Priya Taylor,USA,North,Technology,Tables,1847,208,5,0.1
ORD03098,19-02-2022,21-02-2022,Liam,Johnson,Liam Johnson,Canada,South,Technology,Chairs,680,46,1,0.1
ORD03099,06-06-2022,16-06-2022,Rahul,Patel,Rahul Patel,UK,North,Office Supplies,Chairs,772,30,5,0
ORD03100,02-12-2021,03-12-2021,Emma,Verma,Emma Verma,USA,South,Office Supplies,Chairs,792,-109,4,0.1
ORD03101,29-04-2022,01-05-2022,Liam,Patel,Liam Patel,Australia,North,Office Supplies,Storage,168,51,14,0
ORD03102,03-05-2021,04-05-2021,Noah,Patel,Noah Patel,USA,North,Office Supplies,Storage,934,114,13,0
ORD03103,02-04-2021,04-04-2021,Rahul,Anderson,Rahul Anderson,UK,West,Technology,Accessories,269,39,14,0
ORD03104,21-12-2021,22-12-2021,Sneha,Smith,Sneha Smith,UK,North,Office Supplies,Storage,472,-122,7,0
ORD03105,17-10-2021,25-10-2021,Amit,Taylor,Amit Taylor,Canada,East,Technology,Storage,1076,201,14,0.1
ORD03106,14-08-2021,16-08-2021,Noah,Anderson,Noah Anderson,Australia,West,Furniture,Phones,986,339,11,0.1
ORD03107,15-06-2021,23-06-2021,Rahul,Taylor,Rahul Taylor,India,East,Technology,Accessories,709,24,3,0
ORD03108,16-09-2021,19-09-2021,Amit,Verma,Amit Verma,India,South,Technology,Chairs,1952,-159,4,0.1
ORD03109,13-06-2021,21-06-2021,Amit,Johnson,Amit Johnson,Canada,South,Office Supplies,Tables,186,-17,12,0.2
ORD03110,18-02-2021,22-02-2021,Rahul,Johnson,Rahul Johnson,Australia,South,Furniture,Tables,621,-136,10,0.2
ORD03111,05-12-2022,13-12-2022,Rahul,Patel,Rahul Patel,UK,West,Office Supplies,Storage,153,23,6,0.2
ORD03112,14-12-2021,15-12-2021,Emma,Anderson,Emma Anderson,India,South,Office Supplies,Chairs,65,13,4,0
ORD03113,11-11-2021,21-11-2021,Noah,Verma,Noah Verma,UK,West,Office Supplies,Storage,1981,466,4,0.2
ORD03114,06-05-2022,09-05-2022,Amit,Sharma,Amit Sharma,Canada,West,Office Supplies,Chairs,1470,-321,4,0
ORD03115,25-03-2022,30-03-2022,Ava,Verma,AvaVerma,Canada,West,Technology,Tables,566,22,5,0.1
ORD03116,16-03-2021,17-03-2021,Sneha,Johnson,SnehaJohnson,Canada,West,Technology,Binders,112,22,7,0
ORD03117,15-05-2022,16-05-2022,Liam,Sharma,Liam Sharma,UK,West,Office Supplies,Storage,199,24,10,0
ORD03118,19-12-2022,23-12-2022,Liam,Taylor,Liam Taylor,Australia,West,Office Supplies,Storage,1489,379,8,0
ORD03119,31-03-2022,08-04-2022,Liam,Anderson,Liam Anderson,India,South,Technology,Storage,1042,-101,7,0.2
ORD03120,31-07-2021,08-08-2021,Emma,Taylor,Emma Taylor,Canada,South,Furniture,Accessories,643,167,12,0.1
ORD03121,20-04-2022,27-04-2022,Ava,Taylor,Ava Taylor,Australia,South,Furniture,Phones,341,65,6,0.1
ORD03122,25-12-2022,29-12-2022,Rahul,Anderson,Rahul Anderson,Canada,East,Furniture,Phones,671,-199,2,0
ORD03123,29-05-2021,08-06-2021,Sneha,Verma,Sneha Verma,Canada,East,Technology,Chairs,287,-84,15,0
ORD03124,25-12-2022,31-12-2022,Olivia,Patel,Olivia Patel,Australia,South,Furniture,Chairs,1760,-383,3,0.2
ORD03125,23-03-2021,24-03-2021,Amit,Smith,Amit Smith,UK,East,Furniture,Chairs,1849,110,13,0.1
ORD03126,25-02-2022,28-02-2022,Amit,Smith,AmitSmith,UK,West,Technology,Chairs,1603,165,5,0.1
ORD03127,09-02-2021,11-02-2021,Priya,Smith,Priya Smith,Canada,West,Technology,Tables,1217,-185,5,0.1
ORD03128,06-04-2022,13-04-2022,Amit,Taylor,AmitTaylor,Canada,South,Furniture,Storage,1306,56,8,0.1
ORD03129,30-06-2022,01-07-2022,Liam,Sharma,Liam Sharma,Australia,South,Furniture,Storage,1671,148,1,0.2
ORD03130,24-09-2022,02-10-2022,Liam,Taylor,LiamTaylor,Australia,East,OfficeSupplies,Chairs,1749,-158,1,0.1
ORD03131,06-05-2021,12-05-2021,Emma,Sharma,Emma Sharma,Canada,East,Furniture,Phones,1917,-485,6,0
ORD03132,15-04-2021,24-04-2021,Rahul,Taylor,Rahul Taylor,UK,East,Office Supplies,Accessories,1662,-213,3,0.2
ORD03133,08-07-2021,11-07-2021,John,Anderson,John Anderson,Australia,East,Technology,Tables,1634,239,7,0.2
ORD03134,07-03-2021,11-03-2021,Ava,Sharma,AvaSharma,Australia,South,OfficeSupplies,Storage,200,44,8,0.1
ORD03135,26-07-2021,27-07-2021,Noah,Sharma,Noah Sharma,Canada,South,Furniture,Phones,336,30,9,0
ORD03136,01-04-2022,06-04-2022,Liam,Verma,Liam Verma,India,East,Office Supplies,Phones,1510,63,10,0.2
ORD03137,29-05-2021,04-06-2021,Ava,Johnson,Ava Johnson,UK,South,Office Supplies,Storage,257,-1,14,0
ORD03138,31-05-2021,06-06-2021,Noah,Anderson,Noah Anderson,India,South,Furniture,Accessories,988,-291,4,0
ORD03139,11-01-2021,18-01-2021,Priya,Brown,Priya Brown,India,East,Furniture,Phones,1092,-299,14,0.1
ORD03140,16-11-2021,17-11-2021,Olivia,Sharma,Olivia Sharma,USA,North,Technology,Tables,1287,-309,1,0.1
ORD03141,25-04-2022,05-05-2022,Noah,Patel,NoahPatel,USA,North,Furniture,Binders,1699,-221,5,0.1
ORD03142,18-02-2022,22-02-2022,Sneha,Anderson,Sneha Anderson,India,West,Technology,Storage,1657,-201,12,0.2
ORD03143,07-06-2022,10-06-2022,Sneha,Patel,Sneha Patel,India,North,Furniture,Phones,1083,81,13,0
ORD03144,25-11-2022,26-11-2022,Olivia,Brown,OliviaBrown,India,West,Furniture,Phones,1714,-62,9,0.1
ORD03145,03-10-2021,13-10-2021,Ava,Sharma,AvaSharma,India,West,Technology,Storage,161,-16,1,0
ORD03146,16-03-2022,20-03-2022,Emma,Taylor,Emma Taylor,UK,North,Technology,Accessories,334,-76,8,0.1
ORD03147,15-05-2021,25-05-2021,Amit,Taylor,AmitTaylor,UK,West,OfficeSupplies,Phones,1389,22,6,0.2
ORD03148,31-07-2022,04-08-2022,Priya,Taylor,Priya Taylor,Canada,East,Technology,Tables,712,124,9,0
ORD03149,02-06-2021,08-06-2021,Rahul,Johnson,Rahul Johnson,Canada,East,Technology,Tables,1150,23,2,0.1
ORD03150,08-01-2022,09-01-2022,Noah,Smith,Noah Smith,UK,South,Technology,Tables,1116,176,13,0.2
ORD03151,16-08-2021,21-08-2021,Noah,Taylor,NoahTaylor,UK,South,Technology,Accessories,1356,405,1,0
ORD03152,14-12-2022,15-12-2022,Olivia,Patel,Olivia Patel,Australia,South,Furniture,Binders,562,63,8,0
ORD03153,19-10-2021,23-10-2021,Rahul,Patel,Rahul Patel,India,East,Furniture,Tables,539,-41,6,0
ORD03154,05-06-2022,08-06-2022,John,Patel,JohnPatel,India,North,OfficeSupplies,Chairs,703,96,15,0.1
ORD03155,03-07-2021,10-07-2021,Ava,Smith,Ava Smith,UK,East,Office Supplies,Chairs,1369,221,13,0
ORD03156,07-04-2021,12-04-2021,John,Johnson,JohnJohnson,UK,North,Furniture,Phones,1582,-191,15,0
ORD03157,14-04-2022,22-04-2022,Priya,Anderson,Priya Anderson,Canada,East,Technology,Binders,1417,-254,11,0
ORD03158,08-08-2021,16-08-2021,Priya,Taylor,Priya Taylor,Canada,East,Office Supplies,Storage,690,22,4,0
ORD03159,23-10-2021,25-10-2021,John,Patel,JohnPatel,Canada,North,Technology,Tables,1377,-266,8,0
ORD03160,03-09-2022,08-09-2022,Ava,Sharma,Ava Sharma,UK,South,Office Supplies,Tables,1803,-407,3,0.1
ORD03161,01-02-2022,02-02-2022,Ava,Brown,Ava Brown,USA,South,Technology,Accessories,691,101,8,0
ORD03162,24-11-2021,25-11-2021,Olivia,Smith,OliviaSmith,USA,West,Furniture,Tables,73,-21,12,0
ORD03163,30-10-2021,01-11-2021,Liam,Patel,LiamPatel,USA,South,Technology,Accessories,1433,491,13,0.1
ORD03164,13-08-2021,22-08-2021,Liam,Sharma,Liam Sharma,Australia,North,Furniture,Storage,181,-45,9,0
ORD03165,15-01-2022,16-01-2022,Emma,Anderson,Emma Anderson,USA,North,Furniture,Storage,934,323,9,0.1
ORD03166,03-01-2021,10-01-2021,Priya,Verma,Priya Verma,UK,East,Technology,Binders,223,34,1,0
ORD03167,24-03-2022,26-03-2022,Amit,Verma,Amit Verma,Canada,East,Furniture,Storage,727,-34,7,0.1
ORD03168,14-03-2021,16-03-2021,Rahul,Smith,Rahul Smith,UK,North,Furniture,Storage,265,-25,9,0
ORD03169,03-03-2022,07-03-2022,Emma,Johnson,EmmaJohnson,UK,North,Technology,Tables,1699,-286,5,0.1
ORD03170,15-04-2021,24-04-2021,Olivia,Johnson,Olivia Johnson,USA,West,Furniture,Tables,356,57,11,0
ORD03171,02-04-2022,07-04-2022,Rahul,Johnson,Rahul Johnson,Australia,North,Technology,Accessories,264,63,6,0.1
ORD03172,08-03-2022,11-03-2022,Rahul,Smith,Rahul Smith,India,South,Technology,Storage,1829,-512,4,0
ORD03173,10-11-2021,18-11-2021,Sneha,Brown,Sneha Brown,Canada,East,Furniture,Storage,1086,132,7,0.1
ORD03174,22-04-2022,23-04-2022,John,Brown,JohnBrown,Canada,East,OfficeSupplies,Storage,1203,255,7,0.2
ORD03175,06-01-2022,08-01-2022,Rahul,Verma,Rahul Verma,Australia,South,Technology,Storage,71,-2,4,0
ORD03176,08-04-2021,12-04-2021,Rahul,Verma,Rahul Verma,UK,North,Office Supplies,Chairs,1812,360,15,0
ORD03177,18-07-2021,22-07-2021,Sneha,Smith,SnehaSmith,UK,South,OfficeSupplies,Accessories,1752,-112,7,0
ORD03178,15-07-2022,19-07-2022,Noah,Smith,Noah Smith,UK,West,Technology,Phones,241,40,7,0.1
ORD03179,17-05-2021,24-05-2021,Ava,Johnson,Ava Johnson,UK,West,Furniture,Chairs,444,-93,12,0
ORD03180,27-12-2021,06-01-2022,Ava,Verma,Ava Verma,India,North,Office Supplies,Binders,833,36,10,0.1
ORD03181,24-01-2021,27-01-2021,Sneha,Verma,Sneha Verma,India,South,Office Supplies,Accessories,1842,393,1,0.2
ORD03182,08-03-2021,15-03-2021,Priya,Patel,Priya Patel,Canada,North,Office Supplies,Accessories,805,-238,5,0.2
ORD03183,30-06-2021,07-07-2021,Sneha,Brown,Sneha Brown,UK,North,Technology,Binders,1563,-448,5,0.2
ORD03184,10-07-2021,13-07-2021,Amit,Brown,AmitBrown,UK,South,OfficeSupplies,Tables,653,170,9,0
ORD03185,02-05-2022,10-05-2022,Ava,Anderson,AvaAnderson,UK,North,OfficeSupplies,Tables,204,15,13,0
ORD03186,28-03-2022,07-04-2022,Ava,Anderson,Ava Anderson,USA,North,Technology,Accessories,1072,-182,7,0.1
ORD03187,20-01-2021,27-01-2021,Rahul,Brown,Rahul Brown,USA,South,Technology,Tables,1318,451,1,0
ORD03188,21-02-2021,01-03-2021,Olivia,Smith,Olivia Smith,UK,South,Technology,Accessories,1503,398,1,0
ORD03189,23-10-2022,24-10-2022,Ava,Brown,Ava Brown,UK,East,Technology,Chairs,591,110,12,0.1
ORD03190,28-06-2021,03-07-2021,Rahul,Anderson,Rahul Anderson,USA,South,Technology,Accessories,667,119,11,0
ORD03191,03-06-2021,11-06-2021,Noah,Johnson,Noah Johnson,India,West,Office Supplies,Binders,1387,295,5,0
ORD03192,07-07-2021,11-07-2021,Noah,Taylor,Noah Taylor,India,West,Office Supplies,Phones,324,-47,3,0
ORD03193,28-11-2022,08-12-2022,Noah,Sharma,Noah Sharma,UK,West,Technology,Chairs,727,43,2,0.2
ORD03194,14-11-2021,17-11-2021,Emma,Verma,Emma Verma,Canada,West,Furniture,Tables,206,71,3,0
ORD03195,17-06-2021,20-06-2021,Ava,Sharma,Ava Sharma,USA,South,Office Supplies,Tables,1014,-51,2,0.1
ORD03196,19-08-2022,24-08-2022,Sneha,Verma,Sneha Verma,USA,North,Furniture,Tables,1253,192,14,0.2
ORD03197,04-01-2022,14-01-2022,Priya,Patel,Priya Patel,Australia,North,Furniture,Storage,490,66,15,0.2
ORD03198,12-08-2022,22-08-2022,John,Patel,JohnPatel,Australia,North,Technology,Tables,562,171,4,0.1
ORD03199,07-08-2021,13-08-2021,Ava,Verma,Ava Verma,Australia,East,Technology,Accessories,980,-127,5,0.1
ORD03200,17-04-2021,25-04-2021,Emma,Johnson,EmmaJohnson,Australia,South,OfficeSupplies,Tables,1636,403,10,0.1
ORD03201,29-06-2021,30-06-2021,Amit,Taylor,Amit Taylor,Australia,South,Furniture,Phones,367,20,10,0.1
ORD03202,04-09-2022,13-09-2022,Priya,Johnson,PriyaJohnson,Australia,West,Furniture,Binders,50,-8,3,0
ORD03203,21-03-2021,29-03-2021,Emma,Patel,Emma Patel,USA,South,Technology,Binders,950,216,15,0
ORD03204,03-08-2021,05-08-2021,Sneha,Anderson,Sneha Anderson,USA,West,Technology,Storage,1129,245,13,0
ORD03205,24-06-2022,28-06-2022,Olivia,Patel,OliviaPatel,USA,North,Technology,Accessories,1625,315,2,0.2
ORD03206,05-11-2022,13-11-2022,Noah,Taylor,Noah Taylor,India,North,Furniture,Phones,390,-85,7,0.1
ORD03207,11-06-2021,20-06-2021,Amit,Smith,Amit Smith,India,East,Technology,Phones,566,-50,5,0
ORD03208,04-07-2022,11-07-2022,Ava,Smith,Ava Smith,Australia,East,Furniture,Accessories,513,-114,4,0.1
ORD03209,05-02-2021,11-02-2021,Liam,Smith,Liam Smith,USA,North,Office Supplies,Accessories,397,-97,3,0
ORD03210,10-04-2022,15-04-2022,Priya,Patel,Priya Patel,UK,North,Furniture,Binders,1811,-278,4,0.1
ORD03211,07-12-2021,10-12-2021,Noah,Anderson,Noah Anderson,USA,South,Technology,Chairs,824,-185,10,0
ORD03212,09-07-2021,10-07-2021,Olivia,Sharma,Olivia Sharma,India,East,Office Supplies,Phones,1936,-264,2,0.1
ORD03213,05-12-2022,07-12-2022,Liam,Johnson,Liam Johnson,Australia,West,Technology,Phones,1485,-345,14,0
ORD03214,07-04-2022,09-04-2022,Olivia,Johnson,OliviaJohnson,Australia,North,OfficeSupplies,Storage,1155,-39,13,0.2
ORD03215,26-08-2022,29-08-2022,Liam,Patel,Liam Patel,Canada,West,Office Supplies,Chairs,999,11,1,0
ORD03216,26-01-2022,03-02-2022,Ava,Sharma,AvaSharma,Canada,South,Technology,Tables,840,164,2,0
ORD03217,06-01-2022,08-01-2022,Olivia,Taylor,Olivia Taylor,UK,North,Furniture,Chairs,566,-169,8,0.2
ORD03218,26-11-2022,02-12-2022,Amit,Taylor,Amit Taylor,Australia,North,Office Supplies,Storage,558,15,11,0
ORD03219,13-01-2022,21-01-2022,Amit,Brown,Amit Brown,India,North,Furniture,Binders,1217,310,9,0.1
ORD03220,30-03-2022,02-04-2022,Emma,Sharma,Emma Sharma,Canada,North,Office Supplies,Binders,971,-217,2,0
ORD03221,10-10-2022,11-10-2022,Olivia,Taylor,Olivia Taylor,Canada,North,Office Supplies,Phones,1829,67,12,0.1
ORD03222,10-11-2021,11-11-2021,Amit,Taylor,Amit Taylor,Canada,South,Technology,Phones,1784,571,11,0.1
ORD03223,29-04-2021,04-05-2021,Priya,Johnson,Priya Johnson,USA,North,Technology,Chairs,308,16,12,0.2
ORD03224,21-05-2021,29-05-2021,Noah,Johnson,Noah Johnson,Australia,West,Furniture,Tables,1055,291,2,0.1
ORD03225,10-05-2021,20-05-2021,Priya,Brown,Priya Brown,USA,West,Office Supplies,Accessories,754,237,10,0.1
ORD03226,10-06-2022,20-06-2022,Sneha,Brown,Sneha Brown,Australia,South,Furniture,Storage,1536,-316,14,0.2
ORD03227,20-10-2021,29-10-2021,Sneha,Sharma,Sneha Sharma,India,West,Office Supplies,Storage,336,6,5,0.2
ORD03228,14-01-2021,21-01-2021,Rahul,Sharma,Rahul Sharma,Australia,West,Technology,Accessories,853,-223,11,0.1
ORD03229,02-11-2022,03-11-2022,Rahul,Verma,RahulVerma,Australia,West,Technology,Tables,1065,139,7,0.2
ORD03230,15-10-2022,25-10-2022,Ava,Anderson,Ava Anderson,Australia,South,Office Supplies,Phones,1511,-4,5,0
ORD03231,07-03-2021,08-03-2021,Noah,Sharma,Noah Sharma,Australia,East,Office Supplies,Binders,1002,201,15,0.1
ORD03232,27-09-2022,30-09-2022,Amit,Verma,Amit Verma,UK,West,Technology,Phones,366,-17,7,0
ORD03233,09-11-2021,11-11-2021,Sneha,Smith,Sneha Smith,India,East,Furniture,Chairs,1646,-239,14,0
ORD03234,11-02-2021,21-02-2021,Sneha,Sharma,Sneha Sharma,USA,West,Technology,Binders,1400,-67,1,0
ORD03235,04-03-2021,09-03-2021,John,Brown,John Brown,Australia,South,Technology,Phones,1555,-229,2,0
ORD03236,23-05-2021,24-05-2021,Amit,Anderson,Amit Anderson,UK,East,Office Supplies,Chairs,1192,231,7,0.1
ORD03237,29-07-2022,05-08-2022,Liam,Brown,Liam Brown,India,South,Furniture,Phones,1363,-129,6,0.1
ORD03238,19-06-2022,20-06-2022,Noah,Sharma,Noah Sharma,Canada,South,Office Supplies,Binders,331,-66,2,0.1
ORD03239,27-02-2022,04-03-2022,Ava,Verma,Ava Verma,Canada,West,Technology,Binders,1746,-224,12,0
ORD03240,07-11-2021,11-11-2021,Sneha,Anderson,Sneha Anderson,USA,East,Office Supplies,Phones,1016,118,5,0
ORD03241,19-03-2022,23-03-2022,Olivia,Anderson,Olivia Anderson,UK,North,Technology,Chairs,93,-1,14,0
ORD03242,28-09-2021,03-10-2021,Olivia,Johnson,Olivia Johnson,USA,East,Technology,Chairs,786,-75,5,0.1
ORD03243,09-08-2021,18-08-2021,John,Taylor,JohnTaylor,USA,West,Technology,Accessories,1808,-542,12,0
ORD03244,20-10-2022,21-10-2022,Rahul,Johnson,Rahul Johnson,India,East,Office Supplies,Storage,1651,190,5,0
ORD03245,22-03-2021,30-03-2021,John,Sharma,John Sharma,USA,East,Furniture,Chairs,1385,61,5,0
ORD03246,07-11-2022,17-11-2022,Emma,Sharma,Emma Sharma,UK,East,Furniture,Phones,1609,-190,4,0.1
ORD03247,22-12-2021,31-12-2021,John,Smith,John Smith,Australia,East,Technology,Storage,1453,-205,11,0
ORD03248,30-09-2021,10-10-2021,John,Verma,John Verma,Canada,East,Office Supplies,Storage,441,-29,12,0.1
ORD03249,14-12-2021,20-12-2021,Olivia,Patel,Olivia Patel,UK,North,Office Supplies,Accessories,40,2,13,0.2
ORD03250,25-01-2022,02-02-2022,Sneha,Brown,SnehaBrown,UK,West,OfficeSupplies,Phones,933,53,11,0
ORD03251,15-06-2021,16-06-2021,Ava,Patel,Ava Patel,UK,East,Office Supplies,Accessories,1770,364,4,0.1
ORD03252,14-02-2022,17-02-2022,Ava,Brown,Ava Brown,Australia,East,Technology,Binders,533,145,1,0.1
ORD03253,10-06-2021,20-06-2021,Amit,Patel,Amit Patel,UK,North,Office Supplies,Phones,1841,-396,4,0
ORD03254,27-05-2022,04-06-2022,Noah,Patel,Noah Patel,USA,North,Furniture,Accessories,268,93,10,0.1
ORD03255,12-08-2021,15-08-2021,John,Taylor,John Taylor,India,North,Technology,Accessories,1866,61,11,0.1
ORD03256,17-04-2021,21-04-2021,Liam,Brown,Liam Brown,USA,North,Office Supplies,Tables,1550,484,12,0.1
ORD03257,12-09-2021,20-09-2021,Olivia,Brown,Olivia Brown,Australia,South,Technology,Phones,923,-261,3,0
ORD03258,05-09-2021,12-09-2021,John,Johnson,John Johnson,India,South,Office Supplies,Binders,1014,102,14,0
ORD03259,07-11-2022,12-11-2022,Liam,Verma,LiamVerma,India,West,Furniture,Accessories,920,296,15,0.1
ORD03260,18-11-2021,24-11-2021,Ava,Johnson,Ava Johnson,Australia,West,Technology,Tables,1410,474,6,0.1
ORD03261,21-08-2022,23-08-2022,Ava,Sharma,AvaSharma,Australia,West,OfficeSupplies,Chairs,84,-23,3,0.1
ORD03262,13-06-2022,23-06-2022,Amit,Johnson,Amit Johnson,Australia,West,Technology,Chairs,1226,233,5,0
ORD03263,14-10-2022,19-10-2022,Olivia,Sharma,Olivia Sharma,UK,South,Furniture,Phones,1791,260,1,0.1
ORD03264,09-04-2022,11-04-2022,Olivia,Patel,Olivia Patel,Canada,South,Office Supplies,Storage,1610,-25,15,0.2
ORD03265,16-07-2022,25-07-2022,Liam,Brown,Liam Brown,USA,East,Furniture,Storage,1621,-179,1,0
ORD03266,03-06-2022,13-06-2022,Olivia,Brown,Olivia Brown,Australia,North,Technology,Binders,348,35,5,0.1
ORD03267,04-08-2021,08-08-2021,John,Verma,John Verma,UK,East,Technology,Binders,343,19,14,0
ORD03268,16-08-2021,18-08-2021,Emma,Patel,Emma Patel,USA,West,Furniture,Storage,1914,210,2,0.1
ORD03269,17-06-2022,21-06-2022,Rahul,Taylor,Rahul Taylor,Canada,West,Furniture,Accessories,1142,109,8,0.2
ORD03270,27-08-2022,30-08-2022,Ava,Verma,AvaVerma,Canada,West,Furniture,Tables,1268,253,3,0
ORD03271,16-08-2021,23-08-2021,John,Sharma,JohnSharma,Canada,South,OfficeSupplies,Tables,489,91,6,0.2
ORD03272,25-07-2022,26-07-2022,Liam,Sharma,Liam Sharma,India,West,Furniture,Phones,498,110,10,0.1
ORD03273,24-04-2022,26-04-2022,Noah,Smith,Noah Smith,UK,North,Furniture,Chairs,1948,227,14,0.1
ORD03274,03-05-2022,12-05-2022,Ava,Smith,Ava Smith,USA,East,Furniture,Accessories,1597,556,4,0.2
ORD03275,19-10-2022,25-10-2022,John,Smith,John Smith,Australia,West,Office Supplies,Tables,1069,342,7,0.1
ORD03276,04-08-2021,09-08-2021,Amit,Anderson,Amit Anderson,Australia,West,Office Supplies,Accessories,1771,-488,15,0
ORD03277,22-01-2022,27-01-2022,Liam,Brown,Liam Brown,UK,East,Office Supplies,Storage,1148,-261,15,0
ORD03278,07-08-2022,10-08-2022,John,Johnson,John Johnson,Australia,East,Technology,Accessories,401,90,9,0.2
ORD03279,19-02-2022,20-02-2022,John,Patel,JohnPatel,Australia,South,OfficeSupplies,Accessories,440,-87,12,0
ORD03280,14-06-2021,18-06-2021,Amit,Taylor,Amit Taylor,Australia,West,Furniture,Accessories,207,-8,4,0.1
ORD03281,12-07-2022,14-07-2022,John,Taylor,John Taylor,India,West,Office Supplies,Tables,1358,-234,7,0.2
ORD03282,02-06-2021,11-06-2021,John,Anderson,John Anderson,India,West,Technology,Tables,1414,132,5,0
ORD03283,24-07-2021,03-08-2021,Liam,Verma,Liam Verma,USA,East,Office Supplies,Phones,863,40,6,0.1
ORD03284,13-01-2022,20-01-2022,Rahul,Anderson,Rahul Anderson,India,South,Furniture,Storage,1695,478,1,0.1
ORD03285,10-01-2021,14-01-2021,Emma,Smith,Emma Smith,USA,West,Office Supplies,Storage,234,40,11,0
ORD03286,11-07-2021,13-07-2021,Emma,Anderson,Emma Anderson,USA,West,Furniture,Storage,824,-78,12,0
ORD03287,20-09-2021,25-09-2021,Noah,Taylor,NoahTaylor,USA,East,OfficeSupplies,Storage,649,-112,15,0
ORD03288,06-07-2022,13-07-2022,Noah,Brown,Noah Brown,Canada,West,Furniture,Storage,220,63,5,0.1
ORD03289,07-12-2021,08-12-2021,Noah,Anderson,Noah Anderson,Canada,South,Office Supplies,Phones,874,41,3,0.2
ORD03290,15-04-2021,24-04-2021,Rahul,Sharma,Rahul Sharma,USA,West,Technology,Storage,226,58,4,0.1
ORD03291,16-02-2021,20-02-2021,Noah,Johnson,Noah Johnson,Canada,South,Office Supplies,Binders,706,208,6,0.2
ORD03292,06-11-2022,07-11-2022,Liam,Anderson,Liam Anderson,UK,South,Furniture,Storage,1965,-295,6,0
ORD03293,19-10-2021,29-10-2021,John,Anderson,JohnAnderson,UK,West,OfficeSupplies,Chairs,610,169,5,0
ORD03294,15-03-2022,17-03-2022,Amit,Anderson,AmitAnderson,UK,East,Technology,Chairs,1909,138,14,0
ORD03295,17-08-2022,27-08-2022,Sneha,Sharma,Sneha Sharma,Australia,North,Technology,Accessories,892,-232,1,0
ORD03296,13-04-2021,18-04-2021,Noah,Brown,Noah Brown,India,East,Technology,Phones,242,40,5,0
ORD03297,01-09-2022,03-09-2022,Emma,Patel,Emma Patel,UK,South,Furniture,Storage,1783,437,8,0.1
ORD03298,29-06-2021,08-07-2021,Liam,Johnson,Liam Johnson,Australia,South,Technology,Binders,1116,-243,7,0.2
ORD03299,30-12-2021,06-01-2022,Amit,Sharma,AmitSharma,Australia,South,Technology,Binders,1660,-247,9,0.1
ORD03300,17-02-2021,21-02-2021,Rahul,Taylor,Rahul Taylor,USA,North,Technology,Phones,524,131,2,0.2
ORD03301,01-09-2021,10-09-2021,Emma,Anderson,Emma Anderson,Australia,North,Technology,Tables,60,17,1,0.1
ORD03302,20-02-2021,28-02-2021,Rahul,Verma,Rahul Verma,Canada,South,Office Supplies,Tables,1875,403,1,0.1
ORD03303,04-06-2022,12-06-2022,Olivia,Smith,Olivia Smith,USA,East,Technology,Tables,340,107,9,0.2
ORD03304,25-02-2021,28-02-2021,Emma,Sharma,Emma Sharma,UK,North,Technology,Binders,1445,174,4,0.1
ORD03305,06-02-2022,07-02-2022,Priya,Verma,PriyaVerma,UK,South,Furniture,Tables,768,222,11,0
ORD03306,29-01-2021,01-02-2021,Olivia,Patel,Olivia Patel,USA,North,Furniture,Tables,1105,135,9,0
ORD03307,18-04-2021,24-04-2021,Rahul,Smith,Rahul Smith,Canada,East,Technology,Accessories,537,-96,2,0
ORD03308,12-10-2021,17-10-2021,Rahul,Patel,Rahul Patel,Canada,West,Technology,Tables,934,-116,1,0.2
ORD03309,01-01-2021,10-01-2021,Amit,Smith,Amit Smith,Australia,South,Office Supplies,Binders,249,24,6,0.1
ORD03310,06-12-2022,10-12-2022,Olivia,Anderson,Olivia Anderson,UK,South,Office Supplies,Phones,1399,-150,14,0
ORD03311,28-11-2021,08-12-2021,Amit,Sharma,Amit Sharma,India,North,Office Supplies,Accessories,1675,-111,14,0.1
ORD03312,15-06-2021,20-06-2021,Amit,Smith,AmitSmith,India,South,Technology,Storage,185,30,1,0.2
ORD03313,29-07-2022,03-08-2022,Liam,Johnson,LiamJohnson,India,South,Technology,Phones,211,60,3,0
ORD03314,23-09-2021,25-09-2021,Rahul,Johnson,RahulJohnson,India,East,Furniture,Tables,1828,-51,5,0
ORD03315,30-08-2021,04-09-2021,Rahul,Sharma,Rahul Sharma,UK,West,Technology,Storage,1994,-407,15,0.2
ORD03316,15-09-2022,22-09-2022,Ava,Sharma,Ava Sharma,Australia,West,Office Supplies,Storage,818,-63,6,0
ORD03317,21-11-2022,26-11-2022,Noah,Taylor,NoahTaylor,Australia,North,OfficeSupplies,Storage,52,-6,3,0.1
ORD03318,23-08-2021,27-08-2021,Priya,Patel,Priya Patel,Canada,East,Technology,Binders,1686,-505,13,0.1
ORD03319,27-08-2022,02-09-2022,Rahul,Anderson,Rahul Anderson,USA,East,Furniture,Chairs,86,2,6,0.1
ORD03320,13-09-2021,14-09-2021,Emma,Sharma,Emma Sharma,Australia,East,Technology,Tables,697,162,8,0
ORD03321,15-08-2021,19-08-2021,Sneha,Sharma,Sneha Sharma,USA,North,Furniture,Tables,371,78,5,0.1
ORD03322,20-11-2021,30-11-2021,Emma,Sharma,Emma Sharma,Canada,West,Office Supplies,Binders,1781,-86,3,0.2
ORD03323,18-05-2021,23-05-2021,John,Verma,JohnVerma,Canada,East,OfficeSupplies,Binders,380,35,5,0.1
ORD03324,13-11-2022,20-11-2022,Olivia,Smith,Olivia Smith,USA,South,Technology,Accessories,1437,333,14,0
ORD03325,23-05-2022,01-06-2022,Priya,Taylor,Priya Taylor,India,South,Furniture,Binders,665,103,8,0.1
ORD03326,27-07-2021,03-08-2021,Amit,Taylor,Amit Taylor,Australia,West,Office Supplies,Tables,726,248,11,0.2
ORD03327,29-10-2022,04-11-2022,Rahul,Johnson,Rahul Johnson,UK,West,Furniture,Phones,1632,560,9,0
ORD03328,29-08-2022,08-09-2022,Amit,Johnson,AmitJohnson,UK,West,Furniture,Accessories,1342,247,9,0.1
ORD03329,31-12-2022,06-01-2023,Ava,Anderson,Ava Anderson,UK,South,Technology,Chairs,833,-145,12,0.1
ORD03330,07-11-2021,12-11-2021,John,Smith,John Smith,India,North,Furniture,Phones,1384,312,5,0.2
ORD03331,13-12-2021,17-12-2021,Olivia,Johnson,Olivia Johnson,Canada,North,Technology,Phones,378,119,5,0.2
ORD03332,03-05-2022,13-05-2022,Emma,Taylor,Emma Taylor,UK,East,Office Supplies,Accessories,1662,56,6,0
ORD03333,29-12-2021,08-01-2022,John,Smith,John Smith,USA,West,Office Supplies,Binders,567,-67,5,0.1
ORD03334,01-06-2021,04-06-2021,Priya,Anderson,PriyaAnderson,USA,South,OfficeSupplies,Chairs,823,176,14,0
ORD03335,06-10-2022,07-10-2022,Noah,Patel,Noah Patel,Canada,West,Furniture,Storage,1640,373,1,0.1
ORD03336,10-08-2022,19-08-2022,Olivia,Anderson,Olivia Anderson,Canada,East,Furniture,Phones,627,-106,4,0.1
ORD03337,30-07-2022,02-08-2022,Sneha,Brown,Sneha Brown,USA,East,Technology,Tables,1392,115,15,0
ORD03338,03-02-2022,13-02-2022,Noah,Johnson,Noah Johnson,USA,East,Office Supplies,Tables,474,-70,7,0.1
ORD03339,06-06-2022,11-06-2022,John,Smith,JohnSmith,USA,West,Furniture,Phones,50,-10,6,0.2
ORD03340,05-01-2021,09-01-2021,Liam,Brown,Liam Brown,India,East,Furniture,Phones,454,-42,9,0.2
ORD03341,09-10-2021,14-10-2021,Noah,Sharma,Noah Sharma,USA,West,Furniture,Accessories,127,15,14,0.2
ORD03342,22-07-2022,24-07-2022,Rahul,Verma,Rahul Verma,UK,East,Furniture,Accessories,337,13,13,0.2
ORD03343,11-04-2022,14-04-2022,Noah,Anderson,Noah Anderson,India,East,Office Supplies,Accessories,356,17,4,0.1
ORD03344,13-05-2021,16-05-2021,Olivia,Taylor,Olivia Taylor,Australia,East,Furniture,Phones,1918,453,14,0
ORD03345,20-11-2021,22-11-2021,Amit,Patel,Amit Patel,UK,East,Furniture,Tables,801,125,9,0
ORD03346,09-05-2022,12-05-2022,Liam,Smith,Liam Smith,USA,South,Office Supplies,Tables,844,-35,6,0
ORD03347,22-05-2022,23-05-2022,Priya,Johnson,Priya Johnson,USA,East,Technology,Binders,630,-38,3,0.1
ORD03348,29-07-2022,30-07-2022,Liam,Taylor,Liam Taylor,Australia,East,Technology,Binders,709,37,6,0
ORD03349,09-03-2022,12-03-2022,Noah,Brown,Noah Brown,Australia,South,Office Supplies,Chairs,1598,-166,9,0
ORD03350,30-09-2021,08-10-2021,Noah,Sharma,NoahSharma,Australia,East,Technology,Binders,767,238,8,0
ORD03351,07-02-2021,12-02-2021,Amit,Smith,Amit Smith,Australia,North,Office Supplies,Storage,1604,510,7,0.1
ORD03352,27-09-2021,05-10-2021,Noah,Anderson,Noah Anderson,Canada,North,Office Supplies,Chairs,1947,-112,6,0.2
ORD03353,24-04-2022,25-04-2022,Ava,Verma,Ava Verma,USA,South,Office Supplies,Binders,1148,56,12,0.1
ORD03354,04-01-2021,11-01-2021,Liam,Brown,Liam Brown,UK,North,Office Supplies,Storage,996,-107,7,0.1
ORD03355,08-05-2022,16-05-2022,Noah,Sharma,Noah Sharma,UK,North,Office Supplies,Storage,1818,446,11,0.1
ORD03356,26-08-2021,30-08-2021,Sneha,Verma,Sneha Verma,UK,North,Technology,Phones,1432,34,1,0.1
ORD03357,07-06-2021,11-06-2021,Amit,Patel,Amit Patel,UK,North,Technology,Chairs,1300,-202,15,0.2
ORD03358,22-03-2021,23-03-2021,Emma,Taylor,Emma Taylor,Australia,North,Furniture,Tables,493,-25,8,0
ORD03359,24-05-2022,26-05-2022,Ava,Taylor,Ava Taylor,Canada,South,Office Supplies,Phones,481,-3,6,0
ORD03360,18-07-2022,24-07-2022,Sneha,Brown,Sneha Brown,USA,South,Technology,Phones,28,-5,13,0.1
ORD03361,25-06-2021,30-06-2021,John,Taylor,John Taylor,India,East,Office Supplies,Tables,35,-3,9,0.2
ORD03362,13-07-2022,18-07-2022,Emma,Smith,Emma Smith,UK,West,Office Supplies,Storage,1608,-236,10,0
ORD03363,26-08-2021,05-09-2021,Liam,Anderson,Liam Anderson,USA,North,Furniture,Storage,1038,78,1,0.1
ORD03364,16-09-2022,20-09-2022,Priya,Anderson,Priya Anderson,Australia,South,Office Supplies,Storage,1814,-213,9,0.1
ORD03365,19-08-2021,22-08-2021,Emma,Brown,Emma Brown,USA,South,Technology,Storage,1883,222,14,0
ORD03366,05-01-2022,12-01-2022,Sneha,Patel,Sneha Patel,USA,North,Office Supplies,Chairs,1080,-265,6,0
ORD03367,25-11-2021,28-11-2021,Liam,Johnson,Liam Johnson,India,North,Office Supplies,Tables,463,-128,9,0.1
ORD03368,29-07-2021,08-08-2021,Amit,Taylor,Amit Taylor,UK,North,Furniture,Binders,1384,-40,6,0.2
ORD03369,01-08-2022,09-08-2022,Ava,Johnson,Ava Johnson,Canada,West,Technology,Accessories,349,-60,4,0
ORD03370,21-06-2021,24-06-2021,Priya,Sharma,Priya Sharma,USA,West,Furniture,Tables,985,234,7,0
ORD03371,01-10-2022,06-10-2022,Priya,Sharma,Priya Sharma,USA,North,Technology,Tables,1764,505,2,0.1
ORD03372,12-06-2022,15-06-2022,Priya,Patel,Priya Patel,USA,North,Technology,Accessories,1084,-126,4,0.1
ORD03373,17-01-2022,18-01-2022,Rahul,Smith,RahulSmith,USA,North,OfficeSupplies,Accessories,465,-119,11,0.1
ORD03374,05-07-2021,09-07-2021,Priya,Taylor,Priya Taylor,Canada,East,Technology,Chairs,899,-76,8,0.2
ORD03375,05-11-2022,06-11-2022,Liam,Smith,Liam Smith,UK,East,Furniture,Chairs,558,90,5,0.2
ORD03376,03-03-2022,09-03-2022,Liam,Patel,LiamPatel,UK,South,OfficeSupplies,Accessories,1357,365,15,0
ORD03377,22-12-2021,27-12-2021,Ava,Sharma,Ava Sharma,India,West,Technology,Binders,1889,579,9,0
ORD03378,05-04-2021,11-04-2021,Noah,Smith,Noah Smith,UK,North,Technology,Chairs,111,19,14,0.2
ORD03379,19-10-2021,22-10-2021,Priya,Sharma,PriyaSharma,UK,West,Furniture,Storage,1776,603,5,0
ORD03380,16-08-2022,24-08-2022,John,Verma,JohnVerma,UK,North,OfficeSupplies,Phones,828,-220,13,0.1
ORD03381,16-01-2021,17-01-2021,Rahul,Sharma,RahulSharma,UK,South,Furniture,Tables,472,26,4,0
ORD03382,18-06-2022,27-06-2022,Emma,Anderson,Emma Anderson,Australia,West,Technology,Phones,726,169,8,0
ORD03383,07-09-2022,11-09-2022,John,Patel,John Patel,India,South,Office Supplies,Storage,1490,-344,11,0.2
ORD03384,03-02-2022,11-02-2022,Noah,Verma,Noah Verma,India,South,Technology,Accessories,237,-62,6,0
ORD03385,26-08-2022,03-09-2022,Priya,Brown,Priya Brown,India,South,Technology,Storage,159,-43,7,0.2
ORD03386,24-08-2021,27-08-2021,Priya,Verma,Priya Verma,Australia,East,Technology,Accessories,263,87,14,0
ORD03387,17-10-2021,24-10-2021,Liam,Sharma,Liam Sharma,UK,East,Technology,Chairs,1850,-339,13,0.1
ORD03388,13-12-2021,23-12-2021,John,Brown,John Brown,Australia,North,Technology,Chairs,671,-182,14,0
ORD03389,17-07-2022,23-07-2022,Liam,Smith,Liam Smith,India,North,Technology,Chairs,887,158,7,0
ORD03390,12-07-2022,17-07-2022,Emma,Sharma,Emma Sharma,Canada,East,Office Supplies,Tables,239,51,15,0.1
ORD03391,04-08-2022,05-08-2022,Noah,Anderson,NoahAnderson,Canada,East,Technology,Chairs,1133,-295,12,0.2
ORD03392,09-03-2022,13-03-2022,Noah,Anderson,NoahAnderson,Canada,West,OfficeSupplies,Binders,1406,-90,8,0
ORD03393,19-04-2022,20-04-2022,Emma,Taylor,Emma Taylor,India,South,Office Supplies,Accessories,713,1,5,0
ORD03394,16-11-2022,25-11-2022,Emma,Smith,Emma Smith,Canada,East,Technology,Phones,429,133,6,0.1
ORD03395,23-12-2022,28-12-2022,Ava,Sharma,AvaSharma,Canada,West,Technology,Tables,228,7,15,0.1
ORD03396,29-10-2021,04-11-2021,Liam,Patel,Liam Patel,UK,West,Office Supplies,Accessories,158,-40,5,0.1
ORD03397,29-05-2021,04-06-2021,Olivia,Verma,Olivia Verma,UK,West,Furniture,Chairs,1724,-310,1,0.2
ORD03398,23-03-2022,24-03-2022,John,Smith,John Smith,Australia,East,Furniture,Binders,690,-35,12,0.1
ORD03399,02-02-2021,08-02-2021,John,Brown,John Brown,Canada,East,Office Supplies,Chairs,782,90,6,0
ORD03400,13-01-2021,17-01-2021,Priya,Sharma,Priya Sharma,Australia,West,Technology,Chairs,1675,-380,5,0
ORD03401,13-06-2021,19-06-2021,Ava,Smith,Ava Smith,USA,North,Technology,Chairs,35,-9,3,0
ORD03402,13-12-2022,21-12-2022,Rahul,Brown,RahulBrown,USA,North,Technology,Storage,1186,360,14,0.1
ORD03403,23-05-2022,30-05-2022,Ava,Sharma,Ava Sharma,Canada,East,Office Supplies,Tables,1582,-255,1,0
ORD03404,16-03-2022,21-03-2022,Amit,Smith,Amit Smith,UK,North,Technology,Accessories,1906,35,8,0
ORD03405,15-07-2021,16-07-2021,Noah,Anderson,Noah Anderson,USA,East,Technology,Storage,399,37,13,0.1
ORD03406,25-05-2022,29-05-2022,Amit,Patel,Amit Patel,UK,East,Office Supplies,Phones,321,104,14,0.1
ORD03407,01-08-2022,02-08-2022,Noah,Smith,Noah Smith,USA,North,Office Supplies,Chairs,101,0,14,0.1
ORD03408,06-10-2022,14-10-2022,Emma,Patel,Emma Patel,USA,North,Technology,Storage,497,-71,1,0.1
ORD03409,10-11-2022,19-11-2022,Sneha,Verma,Sneha Verma,Canada,North,Furniture,Storage,1870,104,3,0.2
ORD03410,11-05-2021,19-05-2021,Sneha,Sharma,SnehaSharma,Canada,West,OfficeSupplies,Storage,1824,230,11,0.1
ORD03411,21-08-2022,23-08-2022,Ava,Brown,Ava Brown,India,West,Office Supplies,Accessories,1934,115,15,0
ORD03412,04-08-2022,10-08-2022,Emma,Johnson,Emma Johnson,India,North,Technology,Tables,91,0,1,0
ORD03413,22-04-2021,28-04-2021,Ava,Anderson,Ava Anderson,USA,West,Furniture,Chairs,1774,-444,7,0
ORD03414,26-05-2021,27-05-2021,Liam,Johnson,Liam Johnson,USA,West,Furniture,Storage,1286,-181,11,0.1
ORD03415,08-01-2021,15-01-2021,John,Smith,John Smith,USA,North,Office Supplies,Storage,1477,431,9,0
ORD03416,24-04-2021,26-04-2021,Ava,Johnson,Ava Johnson,India,North,Furniture,Tables,1741,-476,9,0.2
ORD03417,17-12-2021,23-12-2021,Amit,Brown,Amit Brown,India,North,Furniture,Binders,430,49,7,0
ORD03418,02-07-2021,05-07-2021,Emma,Taylor,EmmaTaylor,India,North,Furniture,Accessories,1386,401,2,0.1
ORD03419,12-10-2022,20-10-2022,Priya,Sharma,Priya Sharma,India,East,Office Supplies,Accessories,1423,358,13,0
ORD03420,23-03-2021,01-04-2021,Rahul,Sharma,Rahul Sharma,India,South,Office Supplies,Accessories,1245,130,5,0.1
ORD03421,02-09-2022,05-09-2022,Emma,Patel,EmmaPatel,India,West,Furniture,Tables,1831,-452,12,0.2
ORD03422,19-01-2021,29-01-2021,Emma,Sharma,Emma Sharma,Australia,East,Office Supplies,Phones,203,0,7,0.1
ORD03423,25-08-2021,02-09-2021,John,Verma,John Verma,UK,West,Furniture,Storage,1917,295,11,0
ORD03424,23-10-2022,27-10-2022,Emma,Patel,Emma Patel,Canada,South,Technology,Chairs,1839,599,15,0.1
ORD03425,08-03-2021,18-03-2021,Liam,Smith,Liam Smith,Australia,South,Furniture,Tables,1596,-428,13,0
ORD03426,20-03-2022,30-03-2022,John,Sharma,John Sharma,USA,South,Furniture,Tables,866,-146,3,0.1
ORD03427,28-06-2022,04-07-2022,Liam,Patel,Liam Patel,Australia,North,Technology,Storage,703,137,6,0.2
ORD03428,15-11-2021,21-11-2021,Emma,Verma,Emma Verma,Canada,North,Furniture,Storage,34,-7,5,0.2
ORD03429,18-03-2022,21-03-2022,Noah,Verma,NoahVerma,Canada,North,Technology,Storage,642,-70,3,0
ORD03430,25-09-2021,01-10-2021,Emma,Smith,Emma Smith,UK,North,Technology,Chairs,904,267,4,0.2
ORD03431,18-04-2022,20-04-2022,Sneha,Brown,Sneha Brown,USA,North,Office Supplies,Storage,199,-48,2,0.1
ORD03432,29-09-2022,02-10-2022,Rahul,Taylor,Rahul Taylor,India,North,Office Supplies,Storage,130,7,10,0
ORD03433,24-01-2022,30-01-2022,Sneha,Brown,Sneha Brown,Australia,West,Office Supplies,Accessories,583,55,1,0.2
ORD03434,07-10-2022,15-10-2022,Priya,Verma,Priya Verma,India,West,Technology,Tables,1297,355,5,0
ORD03435,26-03-2022,29-03-2022,Liam,Patel,Liam Patel,Canada,East,Office Supplies,Storage,1189,-248,1,0
ORD03436,01-11-2021,04-11-2021,Liam,Smith,Liam Smith,UK,North,Technology,Phones,1770,517,5,0.2
ORD03437,05-09-2021,14-09-2021,Sneha,Brown,SnehaBrown,UK,West,Technology,Phones,1067,53,15,0.1
ORD03438,09-07-2022,18-07-2022,Olivia,Brown,Olivia Brown,USA,West,Technology,Chairs,599,66,6,0.1
ORD03439,14-11-2022,21-11-2022,Liam,Anderson,Liam Anderson,USA,West,Office Supplies,Chairs,1039,243,4,0
ORD03440,31-05-2022,09-06-2022,Sneha,Patel,Sneha Patel,Australia,West,Technology,Tables,949,28,9,0
ORD03441,14-03-2021,19-03-2021,Ava,Patel,Ava Patel,UK,West,Technology,Chairs,477,152,3,0
ORD03442,28-12-2021,06-01-2022,Rahul,Johnson,Rahul Johnson,UK,East,Technology,Storage,263,51,8,0.1
ORD03443,27-08-2022,05-09-2022,Ava,Taylor,Ava Taylor,India,West,Furniture,Chairs,1657,464,7,0.1
ORD03444,08-09-2022,13-09-2022,Noah,Brown,Noah Brown,USA,North,Office Supplies,Tables,1500,40,10,0.2
ORD03445,26-12-2021,04-01-2022,John,Smith,John Smith,Australia,North,Technology,Phones,284,-48,13,0.1
ORD03446,23-02-2021,28-02-2021,Sneha,Anderson,Sneha Anderson,Canada,East,Office Supplies,Phones,830,73,8,0
ORD03447,02-10-2021,05-10-2021,Amit,Patel,Amit Patel,USA,East,Office Supplies,Tables,196,8,7,0
ORD03448,02-03-2022,04-03-2022,Rahul,Taylor,Rahul Taylor,UK,South,Office Supplies,Binders,262,7,4,0
ORD03449,14-10-2022,21-10-2022,Amit,Verma,AmitVerma,UK,West,Technology,Storage,1537,-439,15,0.2
ORD03450,16-12-2021,19-12-2021,Olivia,Anderson,Olivia Anderson,UK,West,Technology,Chairs,461,32,14,0.1
ORD03451,27-12-2021,04-01-2022,Ava,Johnson,Ava Johnson,India,West,Furniture,Chairs,949,-178,15,0.1
ORD03452,06-08-2022,08-08-2022,Noah,Taylor,Noah Taylor,USA,South,Office Supplies,Phones,1780,85,2,0
ORD03453,18-09-2022,19-09-2022,Ava,Smith,Ava Smith,UK,South,Office Supplies,Accessories,1901,-463,12,0.2
ORD03454,07-05-2021,11-05-2021,Rahul,Patel,RahulPatel,UK,East,Technology,Accessories,1244,-370,4,0.2
ORD03455,31-12-2021,02-01-2022,John,Anderson,John Anderson,UK,West,Furniture,Binders,1984,-561,2,0.1
ORD03456,17-01-2022,19-01-2022,Sneha,Smith,Sneha Smith,India,North,Office Supplies,Accessories,555,171,1,0
ORD03457,15-01-2022,20-01-2022,Noah,Sharma,NoahSharma,India,North,OfficeSupplies,Phones,449,10,3,0
ORD03458,31-03-2021,07-04-2021,Olivia,Sharma,Olivia Sharma,Canada,East,Furniture,Storage,334,-27,15,0.1
ORD03459,03-05-2021,10-05-2021,Amit,Johnson,Amit Johnson,Australia,East,Technology,Storage,1793,76,15,0
ORD03460,17-07-2022,26-07-2022,John,Sharma,John Sharma,USA,East,Technology,Binders,1464,114,13,0
ORD03461,12-05-2022,19-05-2022,Priya,Brown,Priya Brown,Canada,West,Office Supplies,Binders,1737,75,3,0.1
ORD03462,08-02-2021,12-02-2021,Sneha,Sharma,Sneha Sharma,UK,East,Furniture,Chairs,1571,475,3,0.1
ORD03463,27-09-2022,04-10-2022,Amit,Johnson,Amit Johnson,USA,South,Office Supplies,Phones,1769,615,7,0.2
ORD03464,19-05-2021,21-05-2021,Noah,Smith,NoahSmith,USA,South,Furniture,Accessories,374,-95,7,0
ORD03465,01-02-2021,08-02-2021,Sneha,Smith,SnehaSmith,USA,North,Furniture,Chairs,208,51,2,0.1
ORD03466,03-06-2021,06-06-2021,Sneha,Taylor,Sneha Taylor,Australia,East,Technology,Tables,871,-128,2,0.2
ORD03467,27-10-2022,01-11-2022,Olivia,Johnson,Olivia Johnson,Canada,North,Technology,Chairs,54,-7,6,0.2
ORD03468,23-07-2022,26-07-2022,Liam,Sharma,Liam Sharma,India,North,Technology,Phones,1635,418,12,0.1
ORD03469,03-02-2022,09-02-2022,Priya,Brown,PriyaBrown,India,South,OfficeSupplies,Tables,1771,547,12,0
ORD03470,20-07-2021,22-07-2021,Noah,Brown,Noah Brown,UK,West,Furniture,Storage,602,188,4,0
ORD03471,04-10-2022,13-10-2022,Ava,Taylor,Ava Taylor,Canada,West,Office Supplies,Chairs,1691,112,3,0.1
ORD03472,05-01-2021,07-01-2021,Amit,Sharma,AmitSharma,Canada,East,Technology,Tables,1547,348,13,0
ORD03473,05-02-2022,12-02-2022,Ava,Taylor,Ava Taylor,UK,West,Office Supplies,Accessories,1745,-102,11,0
ORD03474,15-01-2021,23-01-2021,Sneha,Verma,Sneha Verma,USA,South,Technology,Accessories,227,-55,7,0.2
ORD03475,11-07-2021,17-07-2021,Amit,Sharma,Amit Sharma,UK,West,Office Supplies,Binders,1110,344,5,0.1
ORD03476,04-09-2022,07-09-2022,Noah,Brown,Noah Brown,India,West,Furniture,Chairs,1550,-39,12,0.1
ORD03477,09-12-2021,16-12-2021,John,Johnson,John Johnson,Australia,North,Office Supplies,Tables,506,53,11,0.1
ORD03478,19-12-2021,21-12-2021,John,Taylor,John Taylor,India,North,Furniture,Accessories,712,111,10,0.1
ORD03479,07-05-2022,11-05-2022,John,Brown,John Brown,USA,South,Technology,Binders,1448,-6,8,0.1
ORD03480,30-03-2022,06-04-2022,John,Smith,John Smith,Canada,South,Office Supplies,Chairs,1019,16,4,0.1
ORD03481,29-09-2022,03-10-2022,Noah,Brown,Noah Brown,Australia,South,Office Supplies,Chairs,51,-11,7,0.2
ORD03482,17-03-2022,23-03-2022,John,Johnson,John Johnson,UK,East,Furniture,Chairs,1960,-200,15,0
ORD03483,22-11-2022,30-11-2022,Amit,Johnson,Amit Johnson,Australia,South,Technology,Phones,1711,458,13,0.2
ORD03484,05-08-2022,07-08-2022,John,Johnson,John Johnson,UK,North,Office Supplies,Phones,1983,-112,7,0.1
ORD03485,25-06-2021,02-07-2021,Noah,Brown,Noah Brown,USA,North,Office Supplies,Accessories,1205,53,11,0
ORD03486,07-03-2021,10-03-2021,Sneha,Patel,Sneha Patel,UK,West,Technology,Binders,553,86,5,0.1
ORD03487,22-08-2021,27-08-2021,Emma,Taylor,Emma Taylor,Australia,East,Office Supplies,Binders,1963,324,8,0
ORD03488,02-12-2022,06-12-2022,Amit,Brown,Amit Brown,USA,East,Office Supplies,Tables,1944,175,9,0
ORD03489,21-05-2021,31-05-2021,Sneha,Brown,Sneha Brown,UK,East,Office Supplies,Accessories,715,-65,2,0
ORD03490,29-08-2022,03-09-2022,Rahul,Verma,Rahul Verma,India,East,Technology,Accessories,872,-215,10,0.1
ORD03491,14-06-2021,23-06-2021,Amit,Patel,Amit Patel,Australia,East,Technology,Accessories,153,34,12,0.1
ORD03492,22-11-2022,27-11-2022,Olivia,Patel,Olivia Patel,UK,South,Office Supplies,Accessories,1207,334,3,0.1
ORD03493,20-06-2022,25-06-2022,Liam,Johnson,Liam Johnson,USA,South,Furniture,Storage,1492,3,7,0.1
ORD03494,25-07-2021,01-08-2021,Amit,Brown,Amit Brown,Canada,West,Furniture,Storage,763,209,11,0.1
ORD03495,10-09-2022,20-09-2022,John,Brown,John Brown,Australia,North,Office Supplies,Binders,871,-145,1,0.2
ORD03496,22-04-2021,26-04-2021,Sneha,Anderson,Sneha Anderson,India,South,Office Supplies,Accessories,781,-53,8,0.1
ORD03497,31-07-2021,08-08-2021,Rahul,Verma,Rahul Verma,Canada,North,Technology,Accessories,661,181,7,0
ORD03498,20-02-2022,02-03-2022,Olivia,Patel,Olivia Patel,USA,North,Technology,Phones,1905,663,3,0
ORD03499,22-05-2021,23-05-2021,Emma,Sharma,Emma Sharma,UK,North,Technology,Accessories,424,147,12,0
ORD03500,01-06-2021,05-06-2021,Rahul,Brown,Rahul Brown,Australia,North,Technology,Accessories,790,191,14,0.2
ORD03501,24-08-2021,29-08-2021,Olivia,Brown,Olivia Brown,India,North,Technology,Chairs,1744,578,8,0.2
ORD03502,23-09-2022,26-09-2022,John,Sharma,John Sharma,Australia,West,Office Supplies,Chairs,538,-69,12,0
ORD03503,31-03-2021,02-04-2021,Liam,Johnson,Liam Johnson,USA,East,Furniture,Phones,1083,-230,14,0.2
ORD03504,26-10-2021,30-10-2021,Ava,Johnson,Ava Johnson,USA,East,Office Supplies,Chairs,1791,-508,5,0.2
ORD03505,08-05-2021,14-05-2021,Emma,Taylor,EmmaTaylor,USA,West,Furniture,Chairs,104,31,11,0.1
ORD03506,05-07-2021,10-07-2021,Priya,Smith,Priya Smith,UK,East,Technology,Chairs,1536,530,2,0
ORD03507,02-01-2022,10-01-2022,Rahul,Anderson,Rahul Anderson,Australia,South,Furniture,Chairs,714,0,6,0.1
ORD03508,12-05-2022,21-05-2022,Ava,Patel,AvaPatel,Australia,East,OfficeSupplies,Chairs,1333,-65,3,0
ORD03509,20-09-2021,26-09-2021,Amit,Taylor,AmitTaylor,Australia,East,Furniture,Chairs,1904,-360,7,0
ORD03510,05-07-2021,12-07-2021,Priya,Sharma,Priya Sharma,USA,East,Furniture,Chairs,1321,-239,1,0.1
ORD03511,12-04-2022,13-04-2022,Sneha,Brown,Sneha Brown,Canada,South,Office Supplies,Phones,1472,-247,6,0
ORD03512,18-07-2021,24-07-2021,Amit,Taylor,AmitTaylor,Canada,East,Technology,Chairs,180,-14,11,0.2
ORD03513,31-08-2022,06-09-2022,Rahul,Sharma,Rahul Sharma,USA,West,Technology,Phones,526,51,7,0
ORD03514,21-08-2022,26-08-2022,Rahul,Anderson,Rahul Anderson,Canada,South,Furniture,Chairs,749,188,9,0.2
ORD03515,29-06-2022,09-07-2022,Priya,Patel,Priya Patel,Canada,South,Furniture,Chairs,975,-242,3,0.1
ORD03516,24-01-2021,30-01-2021,Emma,Brown,EmmaBrown,Canada,West,OfficeSupplies,Chairs,1522,405,3,0.1
ORD03517,03-08-2022,06-08-2022,Emma,Taylor,Emma Taylor,USA,West,Office Supplies,Storage,1173,-234,2,0
ORD03518,16-05-2022,24-05-2022,Ava,Brown,Ava Brown,UK,North,Furniture,Phones,843,-60,9,0.1
ORD03519,30-12-2022,04-01-2023,Ava,Anderson,Ava Anderson,India,South,Office Supplies,Phones,1782,44,15,0
ORD03520,02-01-2022,12-01-2022,Noah,Smith,Noah Smith,USA,South,Office Supplies,Tables,380,101,14,0.1
ORD03521,24-11-2022,25-11-2022,Amit,Anderson,AmitAnderson,USA,North,Technology,Storage,1647,-87,9,0.1
ORD03522,09-03-2022,12-03-2022,Noah,Patel,NoahPatel,USA,North,Furniture,Storage,1818,553,4,0
ORD03523,29-05-2022,30-05-2022,Sneha,Sharma,SnehaSharma,USA,North,Furniture,Accessories,991,-235,11,0
ORD03524,11-10-2021,13-10-2021,Amit,Brown,Amit Brown,India,North,Office Supplies,Accessories,722,-162,9,0.2
ORD03525,10-04-2021,12-04-2021,John,Sharma,John Sharma,Canada,West,Furniture,Tables,240,-6,6,0.1
ORD03526,04-06-2021,12-06-2021,Noah,Anderson,Noah Anderson,USA,East,Furniture,Storage,1738,323,15,0
ORD03527,27-06-2022,29-06-2022,Noah,Johnson,Noah Johnson,Canada,South,Office Supplies,Phones,1169,168,4,0
ORD03528,23-07-2021,30-07-2021,Liam,Brown,Liam Brown,USA,East,Furniture,Binders,1249,-40,12,0.1
ORD03529,01-03-2022,04-03-2022,John,Anderson,John Anderson,Australia,West,Technology,Phones,548,-17,5,0
ORD03530,02-12-2021,04-12-2021,Noah,Taylor,Noah Taylor,Australia,South,Furniture,Tables,1139,109,15,0.1
ORD03531,05-02-2021,12-02-2021,Olivia,Sharma,Olivia Sharma,India,West,Furniture,Binders,1796,-253,11,0
ORD03532,06-01-2022,08-01-2022,Priya,Johnson,Priya Johnson,Canada,North,Technology,Chairs,740,60,11,0
ORD03533,14-05-2022,16-05-2022,Olivia,Taylor,Olivia Taylor,USA,South,Technology,Tables,1964,287,6,0.1
ORD03534,23-05-2022,24-05-2022,Sneha,Johnson,Sneha Johnson,India,West,Technology,Accessories,1300,-298,7,0
ORD03535,09-05-2022,15-05-2022,Ava,Anderson,Ava Anderson,USA,East,Furniture,Accessories,1523,54,6,0
ORD03536,19-08-2021,20-08-2021,Rahul,Johnson,Rahul Johnson,USA,West,Office Supplies,Chairs,370,66,11,0.1
ORD03537,30-07-2021,01-08-2021,Rahul,Verma,Rahul Verma,Canada,West,Furniture,Storage,1132,99,2,0.2
ORD03538,05-01-2021,14-01-2021,Noah,Patel,Noah Patel,India,South,Furniture,Accessories,1542,399,11,0.2
ORD03539,07-03-2022,14-03-2022,Emma,Brown,Emma Brown,USA,South,Office Supplies,Storage,1202,238,3,0.2
ORD03540,19-09-2021,28-09-2021,John,Smith,John Smith,Canada,South,Office Supplies,Storage,722,133,8,0.1
ORD03541,29-01-2021,02-02-2021,Priya,Johnson,Priya Johnson,India,West,Technology,Tables,1478,-114,3,0
ORD03542,25-02-2022,06-03-2022,Noah,Smith,Noah Smith,India,East,Technology,Phones,780,221,2,0.1
ORD03543,24-11-2022,01-12-2022,Amit,Verma,Amit Verma,USA,West,Office Supplies,Tables,1346,350,4,0.2
ORD03544,23-06-2021,01-07-2021,Emma,Patel,Emma Patel,UK,West,Office Supplies,Tables,855,-23,14,0.1
ORD03545,20-04-2022,24-04-2022,Liam,Smith,Liam Smith,Canada,West,Furniture,Accessories,566,183,12,0
ORD03546,03-11-2021,06-11-2021,Ava,Smith,AvaSmith,Canada,West,OfficeSupplies,Phones,1036,101,7,0
ORD03547,23-02-2021,28-02-2021,John,Brown,John Brown,Canada,North,Furniture,Phones,899,125,14,0
ORD03548,20-07-2022,26-07-2022,Rahul,Brown,Rahul Brown,UK,North,Furniture,Binders,421,-103,1,0.1
ORD03549,29-06-2021,08-07-2021,Sneha,Taylor,SnehaTaylor,UK,North,Technology,Phones,1907,618,12,0.2
ORD03550,08-08-2021,18-08-2021,Ava,Brown,Ava Brown,Canada,North,Office Supplies,Accessories,225,65,6,0
ORD03551,09-02-2022,10-02-2022,Ava,Sharma,Ava Sharma,UK,West,Office Supplies,Accessories,1830,204,10,0.1
ORD03552,18-07-2022,21-07-2022,Priya,Johnson,PriyaJohnson,UK,West,OfficeSupplies,Phones,1416,-76,7,0
ORD03553,01-04-2021,02-04-2021,Ava,Brown,Ava Brown,UK,East,Office Supplies,Phones,1854,408,1,0
ORD03554,30-10-2022,02-11-2022,John,Patel,John Patel,Australia,West,Office Supplies,Storage,1561,-218,4,0
ORD03555,17-08-2021,26-08-2021,Ava,Sharma,Ava Sharma,India,East,Furniture,Phones,694,27,4,0.1
ORD03556,27-05-2022,29-05-2022,Ava,Smith,Ava Smith,India,West,Furniture,Accessories,1783,-373,9,0
ORD03557,07-07-2022,12-07-2022,Sneha,Brown,Sneha Brown,UK,South,Office Supplies,Binders,838,-96,9,0.1
ORD03558,23-03-2022,30-03-2022,Rahul,Anderson,Rahul Anderson,USA,North,Office Supplies,Binders,1695,-80,9,0.2
ORD03559,29-11-2022,09-12-2022,Amit,Patel,Amit Patel,Australia,West,Office Supplies,Accessories,1450,-38,15,0.1
ORD03560,25-07-2022,04-08-2022,John,Johnson,John Johnson,UK,West,Technology,Tables,411,-82,14,0.2
ORD03561,30-04-2021,09-05-2021,Emma,Johnson,Emma Johnson,UK,North,Technology,Binders,1456,-80,13,0.1
ORD03562,26-10-2022,05-11-2022,Emma,Patel,Emma Patel,India,North,Office Supplies,Storage,1175,-229,14,0.1
ORD03563,28-01-2021,02-02-2021,Emma,Johnson,Emma Johnson,Australia,South,Technology,Tables,1576,-278,10,0
ORD03564,16-06-2022,24-06-2022,Sneha,Sharma,SnehaSharma,Australia,North,OfficeSupplies,Tables,1518,-114,1,0.1
ORD03565,15-07-2021,19-07-2021,Liam,Smith,Liam Smith,USA,North,Office Supplies,Accessories,663,90,8,0
ORD03566,02-07-2022,10-07-2022,Noah,Johnson,Noah Johnson,Canada,North,Furniture,Storage,648,-98,3,0
ORD03567,26-02-2021,03-03-2021,John,Sharma,John Sharma,UK,North,Furniture,Accessories,1983,-134,1,0.2
ORD03568,13-09-2021,19-09-2021,Olivia,Brown,Olivia Brown,Australia,East,Furniture,Binders,1648,492,9,0.1
ORD03569,23-01-2021,26-01-2021,Sneha,Taylor,Sneha Taylor,India,East,Office Supplies,Tables,991,207,11,0
ORD03570,01-02-2021,06-02-2021,Sneha,Smith,SnehaSmith,India,West,Technology,Storage,1823,404,6,0
ORD03571,10-07-2021,12-07-2021,Sneha,Taylor,Sneha Taylor,India,North,Furniture,Binders,1116,-286,2,0
ORD03572,28-03-2021,05-04-2021,Amit,Johnson,Amit Johnson,UK,North,Technology,Phones,1545,69,12,0.2
ORD03573,14-04-2021,18-04-2021,Rahul,Sharma,Rahul Sharma,Australia,West,Technology,Chairs,819,103,8,0.2
ORD03574,12-12-2021,20-12-2021,Emma,Taylor,Emma Taylor,Australia,North,Office Supplies,Storage,1226,-132,12,0.2
ORD03575,14-01-2022,24-01-2022,Rahul,Verma,Rahul Verma,India,North,Furniture,Binders,852,25,6,0.1
ORD03576,27-05-2022,06-06-2022,Sneha,Brown,Sneha Brown,India,South,Office Supplies,Tables,1627,-409,15,0.1
ORD03577,09-07-2021,12-07-2021,Rahul,Johnson,Rahul Johnson,USA,North,Furniture,Tables,317,111,10,0
ORD03578,25-10-2021,27-10-2021,Amit,Sharma,Amit Sharma,Australia,North,Furniture,Accessories,1734,-418,15,0
ORD03579,02-10-2021,12-10-2021,Priya,Johnson,Priya Johnson,Canada,East,Technology,Binders,1242,-3,6,0.2
ORD03580,19-10-2022,27-10-2022,Amit,Sharma,Amit Sharma,Canada,East,Furniture,Accessories,1489,113,13,0
ORD03581,20-03-2022,21-03-2022,Liam,Anderson,Liam Anderson,Australia,East,Furniture,Phones,516,150,15,0
ORD03582,10-10-2021,17-10-2021,Amit,Patel,AmitPatel,Australia,South,Furniture,Binders,606,91,2,0.1
ORD03583,28-06-2021,02-07-2021,Liam,Smith,Liam Smith,India,South,Office Supplies,Binders,1611,247,15,0
ORD03584,22-08-2021,01-09-2021,Emma,Sharma,Emma Sharma,India,West,Furniture,Storage,1583,154,7,0.2
ORD03585,10-11-2022,13-11-2022,Noah,Anderson,NoahAnderson,India,West,OfficeSupplies,Storage,333,-33,9,0
ORD03586,18-08-2021,28-08-2021,Liam,Patel,Liam Patel,India,East,Furniture,Storage,1062,-166,11,0
ORD03587,17-02-2022,22-02-2022,Priya,Patel,Priya Patel,India,West,Office Supplies,Tables,588,-155,9,0
ORD03588,09-02-2021,12-02-2021,Rahul,Smith,RahulSmith,India,North,OfficeSupplies,Binders,306,-35,13,0.2
ORD03589,20-01-2022,26-01-2022,Sneha,Smith,Sneha Smith,India,North,Office Supplies,Storage,1079,-198,12,0.2
ORD03590,06-10-2021,16-10-2021,Liam,Patel,Liam Patel,UK,North,Office Supplies,Storage,142,22,9,0.1
ORD03591,29-12-2021,02-01-2022,Liam,Taylor,Liam Taylor,Canada,East,Technology,Accessories,553,7,14,0
ORD03592,02-06-2022,04-06-2022,Priya,Taylor,Priya Taylor,India,North,Office Supplies,Phones,1310,274,14,0.2
ORD03593,07-08-2022,13-08-2022,Noah,Patel,Noah Patel,USA,West,Furniture,Storage,1994,-376,13,0
ORD03594,27-04-2021,28-04-2021,Sneha,Taylor,Sneha Taylor,USA,East,Furniture,Storage,620,162,10,0.1
ORD03595,12-02-2022,20-02-2022,John,Verma,John Verma,Australia,East,Technology,Phones,805,-81,6,0
ORD03596,16-04-2022,21-04-2022,Sneha,Taylor,Sneha Taylor,UK,East,Technology,Phones,571,137,9,0
ORD03597,17-10-2021,23-10-2021,Ava,Anderson,AvaAnderson,UK,East,Furniture,Storage,712,127,8,0
ORD03598,14-11-2021,18-11-2021,Sneha,Taylor,SnehaTaylor,UK,South,Furniture,Phones,1027,198,1,0.2
ORD03599,02-12-2021,09-12-2021,Noah,Anderson,Noah Anderson,Australia,South,Technology,Accessories,27,-4,11,0.1
ORD03600,18-08-2022,20-08-2022,Rahul,Anderson,RahulAnderson,Australia,South,Technology,Chairs,1802,404,14,0.1
ORD03601,01-03-2022,10-03-2022,Amit,Sharma,Amit Sharma,UK,East,Technology,Storage,1217,50,6,0.2
ORD03602,19-07-2021,20-07-2021,Emma,Verma,Emma Verma,India,West,Office Supplies,Chairs,649,193,3,0.1
ORD03603,07-07-2022,10-07-2022,Olivia,Patel,Olivia Patel,Canada,South,Furniture,Storage,904,-96,11,0.2
ORD03604,22-10-2022,25-10-2022,Sneha,Patel,SnehaPatel,Canada,West,Furniture,Chairs,424,-39,11,0.1
ORD03605,07-01-2021,16-01-2021,Ava,Taylor,AvaTaylor,Canada,North,Technology,Storage,913,296,3,0
ORD03606,04-04-2021,14-04-2021,Olivia,Sharma,Olivia Sharma,Canada,North,Technology,Tables,1257,238,7,0
ORD03607,09-11-2022,12-11-2022,Amit,Verma,AmitVerma,Canada,North,Technology,Tables,230,-21,12,0.2
ORD03608,01-08-2022,02-08-2022,Ava,Verma,Ava Verma,USA,South,Office Supplies,Tables,418,7,5,0
ORD03609,19-05-2022,24-05-2022,Emma,Taylor,Emma Taylor,India,North,Technology,Chairs,1812,473,2,0
ORD03610,12-02-2021,15-02-2021,Olivia,Johnson,OliviaJohnson,India,South,Furniture,Binders,211,-3,7,0.2
ORD03611,28-11-2021,01-12-2021,Priya,Brown,Priya Brown,Australia,South,Furniture,Chairs,1787,230,1,0.2
ORD03612,20-07-2022,27-07-2022,Emma,Sharma,Emma Sharma,India,North,Technology,Binders,520,176,7,0.1
ORD03613,21-10-2022,26-10-2022,Noah,Brown,Noah Brown,UK,South,Furniture,Phones,1796,-317,13,0
ORD03614,14-07-2022,24-07-2022,John,Taylor,JohnTaylor,UK,West,Technology,Accessories,467,163,6,0.1
ORD03615,29-06-2022,04-07-2022,Ava,Johnson,Ava Johnson,UK,West,Furniture,Tables,1743,-104,1,0.1
ORD03616,25-03-2021,26-03-2021,Sneha,Verma,Sneha Verma,Canada,East,Furniture,Accessories,66,4,9,0
ORD03617,28-12-2021,04-01-2022,Priya,Verma,Priya Verma,Canada,South,Furniture,Tables,1127,54,4,0.1
ORD03618,29-09-2021,08-10-2021,Priya,Brown,Priya Brown,Canada,South,Office Supplies,Binders,121,-12,7,0
ORD03619,14-03-2022,20-03-2022,Sneha,Anderson,Sneha Anderson,Australia,East,Office Supplies,Storage,813,-73,1,0.1
ORD03620,06-03-2022,10-03-2022,Ava,Sharma,Ava Sharma,Canada,East,Furniture,Accessories,706,-136,5,0
ORD03621,30-01-2022,31-01-2022,Noah,Brown,Noah Brown,USA,East,Furniture,Storage,740,-149,7,0.1
ORD03622,13-09-2021,19-09-2021,John,Anderson,JohnAnderson,USA,North,Furniture,Storage,628,175,15,0
ORD03623,06-08-2022,07-08-2022,Liam,Johnson,LiamJohnson,USA,North,Technology,Binders,771,-6,13,0.2
ORD03624,03-06-2022,11-06-2022,Rahul,Brown,Rahul Brown,India,North,Furniture,Storage,1752,-263,14,0.2
ORD03625,04-10-2022,06-10-2022,John,Anderson,John Anderson,Australia,West,Office Supplies,Accessories,1545,485,4,0
ORD03626,17-12-2021,25-12-2021,Emma,Verma,Emma Verma,India,East,Office Supplies,Accessories,1365,336,6,0.1
ORD03627,20-02-2021,24-02-2021,Emma,Patel,EmmaPatel,India,East,Technology,Accessories,1150,229,7,0
ORD03628,04-10-2022,09-10-2022,Emma,Smith,Emma Smith,Australia,West,Office Supplies,Tables,1465,-183,15,0.2
ORD03629,06-04-2022,08-04-2022,Ava,Anderson,Ava Anderson,UK,West,Technology,Phones,1288,315,13,0
ORD03630,01-01-2022,08-01-2022,Emma,Smith,Emma Smith,India,South,Office Supplies,Storage,1233,52,8,0
ORD03631,27-06-2021,06-07-2021,John,Anderson,John Anderson,India,East,Technology,Accessories,866,232,4,0.1
ORD03632,04-01-2021,11-01-2021,Emma,Verma,Emma Verma,India,North,Technology,Binders,1564,-222,12,0.1
ORD03633,09-11-2021,13-11-2021,Olivia,Taylor,OliviaTaylor,India,North,Furniture,Storage,1904,632,12,0.1
ORD03634,23-08-2022,28-08-2022,Ava,Anderson,Ava Anderson,India,South,Furniture,Storage,305,66,12,0.1
ORD03635,02-01-2021,08-01-2021,Priya,Smith,Priya Smith,USA,South,Technology,Phones,1362,440,8,0
ORD03636,23-02-2021,25-02-2021,Emma,Verma,Emma Verma,UK,South,Office Supplies,Accessories,1109,182,15,0
ORD03637,08-06-2022,11-06-2022,Olivia,Smith,Olivia Smith,Australia,South,Office Supplies,Tables,398,19,3,0
ORD03638,29-03-2022,05-04-2022,Priya,Taylor,PriyaTaylor,Australia,South,OfficeSupplies,Chairs,1269,-336,12,0.2
ORD03639,03-12-2022,08-12-2022,Ava,Patel,Ava Patel,Canada,South,Technology,Phones,1125,119,2,0
ORD03640,24-12-2021,25-12-2021,Rahul,Johnson,RahulJohnson,Canada,West,OfficeSupplies,Tables,1544,-258,2,0.1
ORD03641,05-04-2022,09-04-2022,Liam,Patel,Liam Patel,USA,North,Technology,Phones,1844,539,8,0.2
ORD03642,21-11-2022,25-11-2022,Olivia,Smith,Olivia Smith,USA,East,Office Supplies,Accessories,997,5,10,0.1
ORD03643,24-11-2022,30-11-2022,Priya,Patel,PriyaPatel,USA,North,Technology,Phones,1295,-275,13,0
ORD03644,03-01-2021,11-01-2021,Rahul,Taylor,Rahul Taylor,Canada,West,Furniture,Binders,652,-151,14,0.1
ORD03645,23-05-2021,31-05-2021,Liam,Sharma,LiamSharma,Canada,East,Technology,Storage,909,57,10,0.1
ORD03646,27-03-2021,31-03-2021,Liam,Sharma,Liam Sharma,Canada,North,Furniture,Accessories,1837,-86,1,0
ORD03647,15-07-2022,25-07-2022,John,Anderson,John Anderson,Australia,East,Furniture,Phones,1804,-513,4,0.2
ORD03648,20-09-2022,23-09-2022,Liam,Sharma,Liam Sharma,Australia,South,Technology,Tables,1546,326,1,0.2
ORD03649,31-05-2022,01-06-2022,Emma,Taylor,Emma Taylor,UK,North,Furniture,Phones,1345,418,1,0
ORD03650,05-06-2021,12-06-2021,Rahul,Brown,Rahul Brown,UK,South,Technology,Phones,1224,-170,4,0.1
ORD03651,28-06-2022,03-07-2022,Noah,Verma,Noah Verma,Australia,North,Office Supplies,Binders,1945,-503,1,0.1
ORD03652,14-11-2022,17-11-2022,John,Anderson,John Anderson,India,South,Furniture,Binders,1913,-81,14,0.1
ORD03653,13-01-2022,17-01-2022,John,Anderson,John Anderson,Canada,South,Office Supplies,Chairs,1726,-43,14,0.1
ORD03654,03-01-2021,12-01-2021,Liam,Johnson,LiamJohnson,Canada,North,Furniture,Chairs,1675,277,15,0
ORD03655,13-06-2021,21-06-2021,Olivia,Smith,OliviaSmith,Canada,East,OfficeSupplies,Tables,1043,207,13,0
ORD03656,30-09-2021,05-10-2021,Noah,Smith,Noah Smith,Australia,East,Furniture,Tables,1944,78,2,0.1
ORD03657,28-04-2022,01-05-2022,Sneha,Sharma,Sneha Sharma,USA,South,Furniture,Tables,1697,264,7,0
ORD03658,20-07-2022,23-07-2022,Priya,Sharma,Priya Sharma,India,West,Office Supplies,Tables,162,28,12,0
ORD03659,13-12-2021,22-12-2021,Noah,Smith,Noah Smith,UK,West,Office Supplies,Phones,815,-179,2,0
ORD03660,18-09-2021,25-09-2021,Liam,Johnson,Liam Johnson,USA,West,Furniture,Phones,932,256,15,0
ORD03661,27-12-2022,05-01-2023,Noah,Taylor,Noah Taylor,USA,South,Furniture,Phones,1421,-127,8,0
ORD03662,10-02-2021,11-02-2021,Liam,Patel,Liam Patel,Australia,South,Technology,Phones,1067,131,13,0.2
ORD03663,22-11-2021,01-12-2021,Rahul,Smith,Rahul Smith,UK,East,Office Supplies,Phones,543,-132,11,0.2
ORD03664,12-02-2022,14-02-2022,Ava,Johnson,AvaJohnson,UK,West,Furniture,Chairs,665,-121,4,0.1
ORD03665,05-05-2022,11-05-2022,Sneha,Taylor,Sneha Taylor,UK,West,Technology,Accessories,647,-138,11,0.1
ORD03666,11-06-2022,15-06-2022,Rahul,Sharma,RahulSharma,UK,North,Technology,Phones,774,246,15,0.1
ORD03667,16-04-2022,20-04-2022,Emma,Smith,Emma Smith,UK,South,Technology,Accessories,289,47,8,0.2
ORD03668,29-09-2021,07-10-2021,Priya,Patel,PriyaPatel,UK,South,Furniture,Chairs,1590,368,13,0
ORD03669,14-12-2022,18-12-2022,Olivia,Anderson,Olivia Anderson,India,West,Technology,Tables,1275,-358,1,0.1
ORD03670,11-05-2022,19-05-2022,Priya,Anderson,Priya Anderson,USA,East,Office Supplies,Phones,515,14,9,0.1
ORD03671,27-11-2022,04-12-2022,Emma,Brown,Emma Brown,USA,East,Technology,Tables,810,-152,9,0.2
ORD03672,11-01-2022,14-01-2022,Rahul,Sharma,Rahul Sharma,India,West,Technology,Storage,853,79,2,0.1
ORD03673,12-05-2021,22-05-2021,Priya,Sharma,Priya Sharma,India,West,Technology,Chairs,1511,451,14,0.1
ORD03674,31-12-2021,09-01-2022,Olivia,Verma,Olivia Verma,USA,North,Technology,Accessories,1259,-368,9,0
ORD03675,05-06-2021,09-06-2021,Emma,Smith,Emma Smith,Australia,North,Furniture,Chairs,373,-98,10,0.1
ORD03676,21-06-2022,25-06-2022,Liam,Patel,Liam Patel,USA,East,Technology,Storage,365,74,6,0.1
ORD03677,21-12-2022,22-12-2022,Sneha,Patel,Sneha Patel,Canada,West,Technology,Accessories,1026,29,3,0.1
ORD03678,21-03-2021,31-03-2021,Sneha,Verma,Sneha Verma,USA,West,Technology,Binders,484,-66,2,0.2
ORD03679,04-08-2022,07-08-2022,Noah,Sharma,NoahSharma,USA,East,Furniture,Phones,1216,235,15,0.1
ORD03680,10-08-2021,14-08-2021,Amit,Brown,Amit Brown,Australia,East,Office Supplies,Storage,854,4,7,0
ORD03681,13-01-2022,22-01-2022,Rahul,Brown,Rahul Brown,Australia,East,Office Supplies,Chairs,736,-87,9,0
ORD03682,20-03-2022,28-03-2022,Ava,Taylor,Ava Taylor,Australia,North,Office Supplies,Storage,417,144,15,0
ORD03683,10-02-2021,18-02-2021,Emma,Sharma,EmmaSharma,Australia,North,OfficeSupplies,Storage,1342,-164,11,0.1
ORD03684,18-03-2021,25-03-2021,Emma,Anderson,Emma Anderson,UK,North,Office Supplies,Chairs,1140,268,7,0
ORD03685,04-10-2021,06-10-2021,Noah,Taylor,Noah Taylor,UK,West,Furniture,Chairs,714,159,4,0.2
ORD03686,18-07-2022,27-07-2022,Noah,Brown,NoahBrown,UK,North,Technology,Binders,1778,529,5,0
ORD03687,06-01-2022,07-01-2022,Liam,Smith,LiamSmith,UK,South,Furniture,Accessories,147,-16,8,0
ORD03688,12-02-2021,22-02-2021,Sneha,Taylor,Sneha Taylor,India,West,Office Supplies,Binders,803,-93,10,0
ORD03689,02-09-2021,05-09-2021,Amit,Johnson,Amit Johnson,India,West,Furniture,Tables,1719,345,5,0
ORD03690,17-06-2022,26-06-2022,Rahul,Johnson,Rahul Johnson,USA,West,Furniture,Binders,640,-114,7,0
ORD03691,14-08-2022,18-08-2022,Liam,Johnson,Liam Johnson,India,North,Office Supplies,Chairs,596,123,12,0.1
ORD03692,19-07-2022,22-07-2022,Amit,Sharma,AmitSharma,India,East,Furniture,Binders,1285,31,7,0
ORD03693,26-08-2022,01-09-2022,Noah,Smith,Noah Smith,USA,East,Technology,Binders,555,-45,9,0.2
ORD03694,10-07-2021,12-07-2021,Olivia,Brown,Olivia Brown,Canada,East,Office Supplies,Binders,482,33,13,0.1
ORD03695,20-02-2022,21-02-2022,Priya,Smith,PriyaSmith,Canada,West,Technology,Binders,409,-96,15,0.1
ORD03696,01-01-2023,04-01-2023,Noah,Johnson,Noah Johnson,Australia,West,Furniture,Binders,1074,52,15,0.1
ORD03697,14-04-2021,16-04-2021,Priya,Brown,Priya Brown,UK,North,Furniture,Binders,939,-118,2,0
ORD03698,05-03-2021,12-03-2021,Sneha,Patel,Sneha Patel,Australia,North,Furniture,Tables,826,137,1,0
ORD03699,25-06-2021,01-07-2021,Sneha,Taylor,Sneha Taylor,UK,North,Furniture,Storage,1021,173,3,0.2
ORD03700,06-12-2021,08-12-2021,Sneha,Smith,Sneha Smith,UK,East,Technology,Storage,38,-6,10,0.2
ORD03701,27-02-2022,03-03-2022,Emma,Anderson,Emma Anderson,USA,North,Furniture,Storage,314,-58,2,0.2
ORD03702,10-04-2022,19-04-2022,Amit,Smith,Amit Smith,Canada,North,Office Supplies,Storage,1676,-318,1,0
ORD03703,30-09-2021,04-10-2021,Olivia,Taylor,Olivia Taylor,UK,South,Technology,Tables,917,98,2,0.2
ORD03704,24-10-2021,02-11-2021,Ava,Anderson,Ava Anderson,India,North,Furniture,Binders,400,-83,13,0.1
ORD03705,08-02-2022,16-02-2022,John,Verma,John Verma,UK,West,Technology,Accessories,1931,269,1,0.2
ORD03706,25-01-2022,30-01-2022,Amit,Brown,Amit Brown,UK,North,Technology,Tables,301,7,13,0
ORD03707,28-01-2021,02-02-2021,Liam,Sharma,Liam Sharma,Canada,East,Technology,Tables,1388,195,8,0
ORD03708,21-08-2021,24-08-2021,Emma,Smith,Emma Smith,Canada,East,Furniture,Phones,1611,-247,13,0
ORD03709,22-03-2021,29-03-2021,Noah,Patel,Noah Patel,Australia,North,Office Supplies,Accessories,1061,-123,14,0.1
ORD03710,24-08-2021,25-08-2021,Priya,Sharma,Priya Sharma,USA,East,Technology,Phones,29,6,15,0
ORD03711,17-07-2022,23-07-2022,John,Smith,JohnSmith,USA,East,OfficeSupplies,Storage,1040,50,5,0.1
ORD03712,26-10-2022,02-11-2022,Emma,Patel,Emma Patel,Canada,North,Furniture,Storage,1373,-177,11,0
ORD03713,27-12-2021,30-12-2021,Liam,Taylor,Liam Taylor,India,West,Technology,Storage,1464,-250,3,0.2
ORD03714,02-08-2022,04-08-2022,Liam,Anderson,LiamAnderson,India,West,Technology,Storage,1529,-84,1,0
ORD03715,29-07-2022,01-08-2022,Emma,Anderson,Emma Anderson,Australia,West,Technology,Storage,89,3,2,0.1
ORD03716,01-12-2022,09-12-2022,John,Verma,John Verma,USA,North,Office Supplies,Accessories,1398,398,11,0.2
ORD03717,05-11-2022,11-11-2022,Sneha,Smith,Sneha Smith,Canada,East,Furniture,Phones,532,67,1,0
ORD03718,04-12-2021,08-12-2021,Emma,Smith,Emma Smith,India,East,Technology,Binders,1891,-197,6,0
ORD03719,28-12-2022,07-01-2023,Liam,Sharma,Liam Sharma,Australia,North,Office Supplies,Binders,1547,280,13,0
ORD03720,11-06-2021,12-06-2021,Olivia,Patel,OliviaPatel,Australia,North,Technology,Storage,583,58,4,0.1
ORD03721,29-03-2022,05-04-2022,Priya,Johnson,Priya Johnson,India,West,Furniture,Storage,1790,-455,2,0.2
ORD03722,15-06-2021,21-06-2021,John,Verma,John Verma,India,North,Office Supplies,Chairs,644,-57,12,0.1
ORD03723,02-06-2022,08-06-2022,Olivia,Patel,Olivia Patel,UK,South,Technology,Chairs,1170,-103,15,0.1
ORD03724,25-09-2021,29-09-2021,Emma,Anderson,Emma Anderson,UK,East,Technology,Storage,539,-13,14,0.1
ORD03725,19-04-2022,29-04-2022,John,Smith,John Smith,UK,East,Furniture,Chairs,1934,593,8,0
ORD03726,20-05-2022,21-05-2022,Rahul,Sharma,RahulSharma,UK,East,OfficeSupplies,Storage,1110,0,4,0.1
ORD03727,07-05-2022,17-05-2022,Noah,Brown,Noah Brown,UK,South,Technology,Tables,47,-13,8,0.2
ORD03728,27-05-2021,02-06-2021,Olivia,Sharma,Olivia Sharma,Australia,West,Technology,Accessories,1522,-184,10,0.1
ORD03729,19-09-2022,25-09-2022,Noah,Sharma,Noah Sharma,UK,East,Office Supplies,Phones,1052,273,3,0.1
ORD03730,18-03-2021,22-03-2021,Olivia,Johnson,Olivia Johnson,Australia,East,Technology,Storage,1320,119,6,0
ORD03731,14-08-2021,15-08-2021,Olivia,Patel,Olivia Patel,UK,East,Furniture,Storage,565,182,15,0.2
ORD03732,14-04-2022,19-04-2022,John,Brown,John Brown,India,East,Office Supplies,Chairs,258,-32,15,0.1
ORD03733,10-10-2021,14-10-2021,Sneha,Johnson,SnehaJohnson,India,South,Technology,Accessories,919,69,13,0.1
ORD03734,17-05-2022,24-05-2022,Emma,Taylor,Emma Taylor,USA,West,Office Supplies,Accessories,407,-74,15,0.2
ORD03735,21-09-2022,24-09-2022,Liam,Brown,Liam Brown,Australia,West,Office Supplies,Phones,914,108,8,0.1
ORD03736,19-04-2021,21-04-2021,Olivia,Anderson,Olivia Anderson,USA,North,Furniture,Chairs,765,257,10,0
ORD03737,05-02-2021,07-02-2021,John,Brown,John Brown,Australia,North,Furniture,Chairs,971,30,15,0.1
ORD03738,09-01-2021,16-01-2021,Emma,Patel,Emma Patel,UK,West,Furniture,Binders,1924,98,2,0.2
ORD03739,03-09-2022,13-09-2022,Liam,Sharma,LiamSharma,UK,East,OfficeSupplies,Binders,1065,176,15,0.1
ORD03740,01-05-2022,05-05-2022,John,Brown,John Brown,UK,East,Technology,Storage,1533,-41,6,0.2
ORD03741,02-01-2021,09-01-2021,Amit,Verma,Amit Verma,UK,East,Office Supplies,Accessories,214,-20,6,0.1
ORD03742,09-04-2022,12-04-2022,Noah,Johnson,Noah Johnson,India,South,Office Supplies,Storage,1191,155,9,0
ORD03743,20-03-2022,24-03-2022,Noah,Taylor,Noah Taylor,India,West,Office Supplies,Phones,1798,-281,3,0
ORD03744,21-09-2022,25-09-2022,Priya,Anderson,Priya Anderson,Canada,West,Office Supplies,Phones,435,44,13,0
ORD03745,04-04-2022,14-04-2022,John,Johnson,John Johnson,UK,West,Technology,Tables,1553,-362,6,0.2
ORD03746,03-08-2022,07-08-2022,Emma,Smith,Emma Smith,India,West,Technology,Chairs,507,-11,9,0
ORD03747,18-02-2021,19-02-2021,Liam,Sharma,Liam Sharma,Australia,West,Office Supplies,Binders,1189,201,5,0
ORD03748,13-09-2021,23-09-2021,Priya,Sharma,Priya Sharma,India,South,Technology,Accessories,909,213,3,0
ORD03749,04-07-2022,10-07-2022,Amit,Anderson,Amit Anderson,UK,North,Office Supplies,Accessories,1581,297,9,0
ORD03750,21-04-2022,28-04-2022,Noah,Verma,Noah Verma,Canada,South,Technology,Phones,510,59,11,0
ORD03751,22-12-2022,27-12-2022,Priya,Verma,PriyaVerma,Canada,West,Furniture,Accessories,84,-2,10,0.2
ORD03752,14-09-2022,24-09-2022,Sneha,Verma,Sneha Verma,India,North,Technology,Binders,727,-30,6,0
ORD03753,30-04-2021,01-05-2021,Liam,Taylor,Liam Taylor,India,North,Office Supplies,Tables,1269,-222,6,0
ORD03754,20-01-2021,23-01-2021,Liam,Johnson,Liam Johnson,Canada,North,Furniture,Binders,159,16,9,0.1
ORD03755,22-11-2022,02-12-2022,Rahul,Brown,Rahul Brown,USA,North,Furniture,Phones,1793,-491,1,0.1
ORD03756,03-08-2022,06-08-2022,Olivia,Verma,Olivia Verma,Australia,South,Office Supplies,Tables,1238,335,12,0
ORD03757,04-01-2021,05-01-2021,Olivia,Taylor,Olivia Taylor,USA,South,Furniture,Phones,1834,432,3,0.2
ORD03758,06-10-2021,07-10-2021,Olivia,Sharma,OliviaSharma,USA,North,OfficeSupplies,Accessories,346,53,14,0
ORD03759,11-09-2022,12-09-2022,Olivia,Johnson,Olivia Johnson,Australia,North,Technology,Storage,1596,257,3,0.1
ORD03760,04-02-2021,12-02-2021,Olivia,Sharma,Olivia Sharma,India,West,Furniture,Chairs,466,46,6,0.2
ORD03761,11-03-2021,14-03-2021,Olivia,Johnson,Olivia Johnson,Australia,West,Office Supplies,Chairs,885,87,15,0
ORD03762,08-03-2021,17-03-2021,Ava,Taylor,AvaTaylor,Australia,West,Technology,Storage,1985,-493,12,0.1
ORD03763,12-11-2022,15-11-2022,Liam,Patel,Liam Patel,USA,North,Technology,Phones,1148,208,3,0
ORD03764,18-01-2022,27-01-2022,Priya,Brown,Priya Brown,Canada,South,Furniture,Storage,1136,-289,15,0.2
ORD03765,19-06-2021,29-06-2021,John,Sharma,John Sharma,Australia,North,Furniture,Accessories,1787,-513,12,0
ORD03766,15-05-2021,17-05-2021,John,Verma,John Verma,India,West,Office Supplies,Binders,1794,-78,2,0.2
ORD03767,21-06-2021,27-06-2021,John,Anderson,JohnAnderson,India,South,OfficeSupplies,Phones,1957,211,11,0.1
ORD03768,07-03-2022,10-03-2022,Rahul,Smith,Rahul Smith,UK,East,Furniture,Phones,1934,-87,3,0
ORD03769,17-10-2021,18-10-2021,Priya,Anderson,PriyaAnderson,UK,East,Technology,Chairs,1514,103,6,0.1
ORD03770,26-06-2021,29-06-2021,Liam,Sharma,Liam Sharma,Australia,West,Office Supplies,Binders,843,59,6,0.2
ORD03771,06-05-2022,16-05-2022,John,Brown,JohnBrown,Australia,West,Furniture,Phones,51,-9,1,0.1
ORD03772,15-05-2021,20-05-2021,Priya,Brown,PriyaBrown,Australia,North,Furniture,Tables,778,2,8,0
ORD03773,09-05-2022,14-05-2022,Emma,Verma,Emma Verma,Australia,South,Technology,Accessories,161,-35,6,0.1
ORD03774,11-04-2021,19-04-2021,John,Sharma,John Sharma,Australia,South,Office Supplies,Accessories,442,38,15,0.1
ORD03775,15-08-2021,19-08-2021,Amit,Smith,AmitSmith,Australia,South,Furniture,Accessories,1893,81,12,0
ORD03776,13-06-2022,20-06-2022,John,Taylor,John Taylor,Australia,East,Office Supplies,Accessories,142,-24,11,0
ORD03777,16-10-2022,26-10-2022,Noah,Anderson,Noah Anderson,Canada,East,Technology,Storage,1774,41,6,0.2
ORD03778,08-04-2022,16-04-2022,John,Brown,John Brown,Canada,South,Technology,Binders,818,-78,5,0
ORD03779,12-04-2022,14-04-2022,Olivia,Johnson,Olivia Johnson,Australia,South,Technology,Tables,1336,55,15,0
ORD03780,22-02-2021,02-03-2021,Olivia,Sharma,Olivia Sharma,Australia,South,Office Supplies,Storage,1094,279,7,0
ORD03781,22-09-2022,24-09-2022,Emma,Taylor,Emma Taylor,Canada,South,Furniture,Accessories,479,-80,13,0.2
ORD03782,06-01-2021,10-01-2021,Ava,Smith,Ava Smith,Australia,East,Furniture,Accessories,147,51,8,0
ORD03783,18-11-2021,21-11-2021,Noah,Smith,Noah Smith,Canada,North,Technology,Chairs,1398,-252,3,0.1
ORD03784,20-10-2022,28-10-2022,Noah,Verma,Noah Verma,Canada,North,Office Supplies,Accessories,1807,-506,2,0.1
ORD03785,17-02-2021,20-02-2021,Priya,Johnson,Priya Johnson,UK,East,Office Supplies,Phones,741,-209,3,0.1
ORD03786,22-07-2021,30-07-2021,Priya,Verma,Priya Verma,UK,East,Furniture,Chairs,1032,-97,13,0
ORD03787,05-04-2021,06-04-2021,Rahul,Johnson,Rahul Johnson,USA,West,Furniture,Phones,443,133,5,0
ORD03788,07-06-2021,16-06-2021,Rahul,Patel,Rahul Patel,Australia,East,Furniture,Phones,1016,-278,4,0
ORD03789,01-09-2022,06-09-2022,Priya,Brown,Priya Brown,India,West,Technology,Binders,847,-58,2,0.2
ORD03790,20-02-2022,23-02-2022,Rahul,Anderson,Rahul Anderson,India,West,Technology,Tables,1340,30,6,0
ORD03791,11-08-2021,21-08-2021,Rahul,Taylor,Rahul Taylor,USA,North,Technology,Tables,750,11,3,0.2
ORD03792,02-10-2022,12-10-2022,John,Taylor,JohnTaylor,USA,East,Technology,Tables,1855,-238,11,0
ORD03793,20-03-2022,25-03-2022,Emma,Johnson,Emma Johnson,USA,East,Furniture,Accessories,1844,611,3,0
ORD03794,25-10-2021,03-11-2021,Emma,Johnson,Emma Johnson,Canada,North,Furniture,Accessories,1625,61,2,0.1
ORD03795,30-08-2022,02-09-2022,Priya,Taylor,Priya Taylor,USA,East,Office Supplies,Tables,961,120,14,0
ORD03796,09-01-2021,15-01-2021,Liam,Sharma,LiamSharma,USA,North,OfficeSupplies,Accessories,795,-161,9,0.1
ORD03797,13-03-2022,18-03-2022,Sneha,Johnson,Sneha Johnson,Canada,North,Technology,Accessories,1989,-12,13,0.2
ORD03798,08-10-2022,11-10-2022,Olivia,Smith,Olivia Smith,Australia,North,Office Supplies,Binders,999,150,8,0.2
ORD03799,10-12-2021,19-12-2021,Rahul,Johnson,Rahul Johnson,India,North,Technology,Phones,681,-127,10,0.1
ORD03800,10-05-2022,12-05-2022,Noah,Johnson,NoahJohnson,India,South,Furniture,Phones,307,-74,7,0
ORD03801,07-10-2022,17-10-2022,Sneha,Sharma,SnehaSharma,India,East,Technology,Chairs,631,97,8,0
ORD03802,08-12-2022,12-12-2022,John,Sharma,John Sharma,UK,East,Office Supplies,Binders,411,-28,12,0.2
ORD03803,26-06-2022,29-06-2022,Priya,Taylor,Priya Taylor,Canada,West,Furniture,Binders,1419,-379,5,0.1
ORD03804,02-06-2021,10-06-2021,Ava,Sharma,AvaSharma,Canada,North,OfficeSupplies,Accessories,1569,198,4,0
ORD03805,22-06-2022,23-06-2022,Emma,Patel,EmmaPatel,Canada,North,Technology,Accessories,1408,-198,1,0.1
ORD03806,29-04-2021,09-05-2021,Noah,Verma,Noah Verma,Australia,North,Technology,Accessories,1466,133,4,0.1
ORD03807,07-11-2021,15-11-2021,John,Johnson,John Johnson,USA,North,Furniture,Storage,1911,295,3,0.2
ORD03808,16-03-2022,22-03-2022,Emma,Smith,Emma Smith,UK,North,Office Supplies,Storage,1089,347,10,0.1
ORD03809,21-01-2021,24-01-2021,Sneha,Johnson,SnehaJohnson,UK,West,Furniture,Accessories,936,85,13,0
ORD03810,24-09-2022,30-09-2022,Ava,Johnson,Ava Johnson,Australia,East,Furniture,Storage,1776,239,12,0
ORD03811,05-08-2021,06-08-2021,John,Verma,John Verma,India,East,Technology,Accessories,1959,129,8,0.1
ORD03812,25-10-2022,30-10-2022,Noah,Sharma,Noah Sharma,Australia,East,Office Supplies,Phones,1385,-213,4,0.1
ORD03813,18-02-2021,19-02-2021,Noah,Smith,Noah Smith,India,South,Furniture,Phones,295,43,1,0
ORD03814,08-12-2022,10-12-2022,Olivia,Anderson,Olivia Anderson,UK,West,Office Supplies,Accessories,564,-128,8,0.2
ORD03815,13-02-2021,23-02-2021,Sneha,Anderson,Sneha Anderson,USA,West,Technology,Accessories,302,-6,2,0.2
ORD03816,02-10-2022,04-10-2022,Olivia,Anderson,Olivia Anderson,USA,West,Furniture,Storage,234,82,12,0.1
ORD03817,01-01-2021,09-01-2021,Rahul,Anderson,Rahul Anderson,Australia,West,Technology,Storage,1971,522,7,0.2
ORD03818,06-12-2022,14-12-2022,Liam,Taylor,Liam Taylor,Canada,North,Technology,Accessories,962,136,14,0.1
ORD03819,28-03-2021,07-04-2021,Sneha,Johnson,Sneha Johnson,India,South,Furniture,Chairs,1840,-55,3,0
ORD03820,28-04-2021,06-05-2021,John,Taylor,John Taylor,USA,South,Office Supplies,Phones,242,-7,4,0
ORD03821,22-06-2021,29-06-2021,Ava,Smith,Ava Smith,UK,South,Office Supplies,Accessories,1004,27,6,0.1
ORD03822,25-07-2022,27-07-2022,Noah,Sharma,Noah Sharma,Australia,South,Technology,Tables,886,-160,11,0.2
ORD03823,07-12-2022,11-12-2022,Olivia,Johnson,Olivia Johnson,USA,East,Technology,Phones,110,-17,9,0.1
ORD03824,24-03-2021,02-04-2021,Amit,Sharma,AmitSharma,USA,North,Technology,Phones,1183,136,3,0.2
ORD03825,28-11-2022,04-12-2022,Rahul,Taylor,Rahul Taylor,Canada,West,Technology,Phones,1477,-319,10,0
ORD03826,02-07-2022,03-07-2022,Emma,Smith,Emma Smith,Australia,South,Technology,Storage,1706,-117,11,0
ORD03827,12-12-2021,16-12-2021,Ava,Anderson,Ava Anderson,USA,North,Furniture,Accessories,762,20,11,0.1
ORD03828,10-10-2022,14-10-2022,Priya,Smith,Priya Smith,UK,North,Furniture,Tables,1469,-280,5,0
ORD03829,15-12-2021,22-12-2021,John,Sharma,John Sharma,USA,North,Office Supplies,Tables,896,5,3,0
ORD03830,25-07-2021,02-08-2021,Amit,Anderson,Amit Anderson,Australia,East,Office Supplies,Accessories,45,2,14,0.2
ORD03831,19-06-2021,22-06-2021,Noah,Brown,NoahBrown,Australia,East,OfficeSupplies,Accessories,1514,-421,15,0
ORD03832,23-07-2022,24-07-2022,Priya,Brown,Priya Brown,USA,West,Technology,Accessories,1612,-102,14,0.2
ORD03833,08-03-2022,13-03-2022,Ava,Patel,Ava Patel,India,West,Office Supplies,Accessories,41,-4,11,0
ORD03834,15-11-2021,19-11-2021,John,Taylor,John Taylor,India,East,Office Supplies,Accessories,543,-93,2,0
ORD03835,06-04-2022,08-04-2022,Amit,Smith,Amit Smith,UK,West,Furniture,Accessories,882,286,6,0.1
ORD03836,06-07-2021,07-07-2021,Amit,Brown,AmitBrown,UK,West,OfficeSupplies,Accessories,879,-186,11,0.2
ORD03837,11-06-2021,14-06-2021,Ava,Johnson,Ava Johnson,Australia,North,Office Supplies,Chairs,1906,647,7,0
ORD03838,01-01-2021,07-01-2021,Ava,Johnson,Ava Johnson,India,North,Office Supplies,Accessories,1312,-2,14,0
ORD03839,11-11-2021,16-11-2021,Amit,Sharma,Amit Sharma,Canada,South,Technology,Binders,1592,-14,13,0.1
ORD03840,20-10-2021,26-10-2021,Amit,Anderson,Amit Anderson,Australia,South,Office Supplies,Binders,1130,187,14,0
ORD03841,09-05-2021,15-05-2021,Priya,Anderson,Priya Anderson,UK,East,Furniture,Binders,1332,268,1,0.1
ORD03842,12-01-2021,20-01-2021,Olivia,Smith,Olivia Smith,UK,South,Furniture,Binders,471,-26,10,0.2
ORD03843,02-05-2022,12-05-2022,Liam,Verma,Liam Verma,India,North,Furniture,Chairs,440,-41,11,0.1
ORD03844,09-05-2022,13-05-2022,Rahul,Brown,Rahul Brown,USA,East,Furniture,Binders,1243,71,8,0.2
ORD03845,03-10-2021,11-10-2021,Priya,Smith,Priya Smith,India,North,Technology,Storage,1649,-6,12,0.1
ORD03846,02-06-2022,03-06-2022,Sneha,Brown,Sneha Brown,Canada,West,Technology,Binders,262,14,4,0.1
ORD03847,17-09-2021,25-09-2021,Liam,Verma,Liam Verma,Australia,West,Office Supplies,Tables,1372,12,15,0.1
ORD03848,11-06-2021,19-06-2021,John,Johnson,John Johnson,India,East,Furniture,Storage,942,120,13,0.2
ORD03849,31-05-2021,06-06-2021,Rahul,Patel,Rahul Patel,India,North,Office Supplies,Chairs,707,90,3,0.2
ORD03850,13-02-2022,21-02-2022,Amit,Taylor,Amit Taylor,Canada,North,Furniture,Accessories,1953,106,5,0
ORD03851,16-05-2022,26-05-2022,Sneha,Smith,Sneha Smith,Canada,North,Technology,Accessories,535,7,13,0.2
ORD03852,07-11-2022,16-11-2022,Noah,Johnson,NoahJohnson,Canada,North,Technology,Accessories,841,-77,7,0
ORD03853,12-10-2022,18-10-2022,Emma,Verma,Emma Verma,Australia,North,Technology,Tables,791,1,7,0.1
ORD03854,13-10-2022,23-10-2022,Priya,Sharma,Priya Sharma,UK,West,Furniture,Tables,1948,230,4,0.1
ORD03855,25-08-2022,03-09-2022,Sneha,Smith,Sneha Smith,USA,East,Office Supplies,Storage,466,49,14,0.1
ORD03856,26-04-2021,06-05-2021,Amit,Anderson,Amit Anderson,USA,West,Technology,Storage,355,-15,9,0.1
ORD03857,09-02-2021,13-02-2021,John,Smith,John Smith,Australia,West,Furniture,Phones,1693,-287,13,0
ORD03858,29-05-2022,31-05-2022,Emma,Anderson,Emma Anderson,UK,South,Technology,Chairs,1635,552,9,0
ORD03859,19-08-2022,23-08-2022,Noah,Patel,NoahPatel,UK,South,Technology,Binders,431,-51,6,0.1
ORD03860,07-08-2021,15-08-2021,Emma,Taylor,Emma Taylor,Canada,North,Furniture,Storage,1205,-277,9,0
ORD03861,01-09-2021,08-09-2021,John,Brown,John Brown,Australia,South,Technology,Storage,973,-63,8,0.1
ORD03862,05-07-2021,11-07-2021,Olivia,Johnson,Olivia Johnson,India,North,Office Supplies,Binders,160,46,1,0
ORD03863,20-10-2022,28-10-2022,Ava,Taylor,Ava Taylor,India,North,Office Supplies,Binders,761,34,11,0
ORD03864,11-01-2021,16-01-2021,Noah,Taylor,Noah Taylor,USA,East,Furniture,Binders,1105,-164,11,0
ORD03865,08-03-2022,17-03-2022,Olivia,Taylor,Olivia Taylor,Australia,West,Office Supplies,Storage,1418,172,4,0.2
ORD03866,22-12-2021,26-12-2021,Priya,Anderson,Priya Anderson,USA,East,Technology,Storage,561,-12,14,0.1
ORD03867,13-05-2021,15-05-2021,Priya,Smith,Priya Smith,UK,East,Office Supplies,Accessories,696,-207,10,0.1
ORD03868,11-10-2021,17-10-2021,Rahul,Smith,RahulSmith,UK,North,Furniture,Phones,1838,-280,2,0.1
ORD03869,21-04-2021,25-04-2021,Liam,Patel,Liam Patel,India,North,Technology,Phones,886,40,5,0.1
ORD03870,02-09-2021,04-09-2021,Sneha,Anderson,Sneha Anderson,UK,West,Technology,Phones,1984,-251,2,0.1
ORD03871,18-08-2022,21-08-2022,Olivia,Anderson,Olivia Anderson,Australia,East,Technology,Phones,1920,-330,6,0.1
ORD03872,06-11-2022,07-11-2022,Ava,Johnson,Ava Johnson,Australia,South,Furniture,Tables,475,-66,7,0.1
ORD03873,07-07-2021,15-07-2021,Liam,Johnson,Liam Johnson,Australia,South,Furniture,Binders,519,-5,6,0.1
ORD03874,26-01-2021,01-02-2021,Priya,Sharma,Priya Sharma,USA,East,Office Supplies,Binders,1080,299,12,0
ORD03875,16-02-2021,24-02-2021,Liam,Smith,Liam Smith,Australia,South,Furniture,Binders,1130,339,5,0.1
ORD03876,04-02-2022,06-02-2022,John,Sharma,John Sharma,UK,South,Technology,Phones,863,211,6,0.1
ORD03877,05-02-2021,15-02-2021,Sneha,Patel,Sneha Patel,Canada,North,Office Supplies,Phones,174,-47,13,0.1
ORD03878,27-05-2022,30-05-2022,Olivia,Sharma,Olivia Sharma,UK,North,Office Supplies,Binders,1120,321,2,0
ORD03879,18-04-2022,26-04-2022,Rahul,Sharma,Rahul Sharma,USA,West,Furniture,Tables,228,-61,4,0
ORD03880,16-03-2022,22-03-2022,Liam,Patel,LiamPatel,USA,South,Furniture,Tables,1642,-283,12,0
ORD03881,19-06-2021,25-06-2021,Sneha,Patel,Sneha Patel,India,West,Technology,Binders,574,-124,7,0.1
ORD03882,17-07-2021,19-07-2021,Sneha,Brown,Sneha Brown,Canada,South,Office Supplies,Accessories,1360,-177,5,0.2
ORD03883,14-01-2021,15-01-2021,Rahul,Brown,Rahul Brown,UK,South,Furniture,Accessories,1228,240,3,0
ORD03884,01-04-2021,09-04-2021,Liam,Brown,Liam Brown,India,West,Technology,Accessories,1692,456,9,0
ORD03885,26-12-2022,02-01-2023,Ava,Smith,Ava Smith,India,South,Office Supplies,Accessories,1494,394,14,0.2
ORD03886,26-05-2022,05-06-2022,Noah,Johnson,Noah Johnson,USA,West,Technology,Tables,492,32,6,0.1
ORD03887,28-11-2022,30-11-2022,Emma,Verma,Emma Verma,India,North,Office Supplies,Storage,415,-6,13,0.2
ORD03888,23-07-2022,01-08-2022,Noah,Sharma,NoahSharma,India,North,Technology,Binders,696,-196,3,0.1
ORD03889,09-06-2022,17-06-2022,Amit,Johnson,Amit Johnson,USA,North,Technology,Binders,1417,-340,2,0.1
ORD03890,24-05-2021,01-06-2021,Rahul,Verma,RahulVerma,USA,West,OfficeSupplies,Tables,919,128,8,0.2
ORD03891,29-08-2021,05-09-2021,Priya,Anderson,PriyaAnderson,USA,North,Technology,Tables,1026,330,8,0
ORD03892,13-04-2022,20-04-2022,John,Anderson,John Anderson,UK,East,Technology,Phones,95,32,1,0.1
ORD03893,22-07-2022,24-07-2022,Priya,Anderson,Priya Anderson,India,East,Office Supplies,Binders,1051,89,6,0.1
ORD03894,05-11-2021,08-11-2021,John,Brown,John Brown,Australia,East,Office Supplies,Phones,1506,-280,5,0.1
ORD03895,10-01-2021,11-01-2021,Noah,Smith,Noah Smith,India,East,Furniture,Chairs,1823,373,11,0.2
ORD03896,26-03-2022,27-03-2022,Noah,Anderson,Noah Anderson,USA,South,Furniture,Tables,1667,322,4,0.1
ORD03897,18-07-2022,24-07-2022,Liam,Smith,Liam Smith,India,North,Furniture,Binders,806,117,14,0.1
ORD03898,28-08-2021,03-09-2021,Emma,Anderson,Emma Anderson,USA,South,Furniture,Chairs,581,-118,10,0
ORD03899,22-02-2021,01-03-2021,Ava,Verma,Ava Verma,UK,North,Technology,Storage,1004,-80,5,0.2
ORD03900,12-01-2021,13-01-2021,Sneha,Patel,Sneha Patel,India,East,Furniture,Tables,1713,127,8,0.2
ORD03901,26-04-2022,27-04-2022,Ava,Johnson,AvaJohnson,India,West,Furniture,Accessories,1321,-324,5,0
ORD03902,09-12-2022,13-12-2022,John,Anderson,John Anderson,India,North,Technology,Storage,117,-14,14,0.1
ORD03903,12-02-2021,21-02-2021,Sneha,Patel,SnehaPatel,India,South,Furniture,Binders,1578,25,6,0
ORD03904,29-09-2022,04-10-2022,Sneha,Anderson,Sneha Anderson,UK,East,Furniture,Accessories,696,136,12,0.1
ORD03905,04-08-2021,09-08-2021,Sneha,Patel,Sneha Patel,Australia,West,Furniture,Accessories,58,-9,10,0
ORD03906,09-07-2021,12-07-2021,Olivia,Johnson,Olivia Johnson,India,West,Office Supplies,Storage,547,7,5,0.1
ORD03907,18-03-2022,23-03-2022,Liam,Brown,Liam Brown,India,North,Office Supplies,Storage,924,290,11,0.1
ORD03908,28-11-2021,02-12-2021,Liam,Taylor,Liam Taylor,USA,South,Furniture,Chairs,177,59,9,0
ORD03909,28-08-2022,29-08-2022,Rahul,Sharma,RahulSharma,USA,South,Furniture,Accessories,709,62,13,0
ORD03910,06-05-2021,08-05-2021,Liam,Johnson,Liam Johnson,UK,East,Furniture,Accessories,234,52,9,0.1
ORD03911,12-03-2022,18-03-2022,Rahul,Brown,Rahul Brown,India,South,Office Supplies,Phones,1696,213,10,0
ORD03912,09-09-2022,17-09-2022,Liam,Patel,Liam Patel,India,West,Technology,Binders,328,24,7,0
ORD03913,03-07-2022,09-07-2022,Noah,Anderson,NoahAnderson,India,East,Technology,Binders,1077,-249,6,0
ORD03914,11-02-2021,14-02-2021,Emma,Johnson,Emma Johnson,USA,East,Furniture,Storage,1291,313,15,0
ORD03915,03-05-2021,13-05-2021,Sneha,Johnson,SnehaJohnson,USA,West,Furniture,Tables,938,-47,1,0.1
ORD03916,27-03-2022,04-04-2022,Noah,Patel,Noah Patel,Canada,West,Office Supplies,Accessories,1720,-17,7,0.2
ORD03917,02-04-2021,12-04-2021,Emma,Johnson,Emma Johnson,USA,East,Furniture,Accessories,667,-45,10,0.1
ORD03918,06-10-2021,12-10-2021,John,Patel,John Patel,USA,North,Technology,Phones,419,-50,2,0
ORD03919,09-09-2022,10-09-2022,Priya,Anderson,Priya Anderson,Canada,South,Technology,Tables,1251,-53,1,0.1
ORD03920,10-06-2022,17-06-2022,John,Sharma,John Sharma,USA,North,Technology,Phones,521,108,15,0.1
ORD03921,29-08-2021,05-09-2021,Liam,Smith,Liam Smith,India,South,Technology,Storage,89,-7,13,0.2
ORD03922,26-12-2021,03-01-2022,Liam,Brown,LiamBrown,India,South,OfficeSupplies,Tables,1499,138,5,0.2
ORD03923,21-11-2022,29-11-2022,Liam,Brown,LiamBrown,India,South,OfficeSupplies,Tables,804,252,15,0
ORD03924,05-08-2021,06-08-2021,Liam,Johnson,Liam Johnson,USA,West,Technology,Storage,215,-54,14,0
ORD03925,21-11-2022,30-11-2022,Sneha,Brown,Sneha Brown,Canada,South,Furniture,Binders,516,28,10,0
ORD03926,08-09-2021,13-09-2021,John,Verma,John Verma,UK,South,Furniture,Tables,1700,-58,7,0
ORD03927,13-03-2022,21-03-2022,Priya,Patel,Priya Patel,India,West,Office Supplies,Storage,1206,-113,11,0
ORD03928,01-08-2021,08-08-2021,Liam,Johnson,LiamJohnson,India,South,Furniture,Storage,598,-130,2,0.1
ORD03929,01-08-2022,11-08-2022,Liam,Patel,Liam Patel,Canada,West,Office Supplies,Storage,517,3,5,0
ORD03930,13-04-2021,22-04-2021,Amit,Anderson,Amit Anderson,Canada,North,Technology,Chairs,150,48,12,0.1
ORD03931,28-09-2022,07-10-2022,Amit,Taylor,Amit Taylor,India,North,Office Supplies,Storage,1756,28,5,0
ORD03932,07-12-2021,09-12-2021,Emma,Sharma,Emma Sharma,India,South,Technology,Chairs,1010,-127,12,0
ORD03933,11-06-2021,14-06-2021,Priya,Patel,Priya Patel,Australia,South,Office Supplies,Binders,1706,562,1,0.1
ORD03934,28-09-2021,05-10-2021,Liam,Sharma,LiamSharma,Australia,South,OfficeSupplies,Tables,1837,116,6,0.2
ORD03935,31-01-2022,07-02-2022,Emma,Johnson,Emma Johnson,USA,East,Technology,Binders,1649,-26,15,0
ORD03936,14-12-2022,17-12-2022,Ava,Johnson,Ava Johnson,Australia,West,Technology,Accessories,633,-60,9,0
ORD03937,17-01-2021,21-01-2021,Priya,Brown,Priya Brown,Australia,North,Technology,Tables,560,-17,7,0
ORD03938,14-06-2022,18-06-2022,John,Brown,John Brown,UK,East,Furniture,Accessories,712,-67,7,0.1
ORD03939,14-01-2021,18-01-2021,Olivia,Patel,Olivia Patel,Australia,West,Office Supplies,Storage,955,320,15,0.2
ORD03940,15-04-2022,23-04-2022,Ava,Brown,Ava Brown,Australia,North,Furniture,Chairs,1940,524,11,0
ORD03941,25-07-2022,29-07-2022,Liam,Smith,Liam Smith,Canada,East,Furniture,Tables,792,-211,2,0.2
ORD03942,22-05-2022,30-05-2022,Sneha,Johnson,Sneha Johnson,Australia,East,Office Supplies,Tables,1840,-344,5,0.1
ORD03943,25-08-2022,30-08-2022,Noah,Johnson,Noah Johnson,USA,North,Technology,Chairs,524,150,5,0
ORD03944,05-02-2021,09-02-2021,Sneha,Johnson,Sneha Johnson,Canada,East,Furniture,Accessories,340,-34,1,0
ORD03945,11-09-2022,13-09-2022,Amit,Anderson,Amit Anderson,Canada,West,Technology,Chairs,1386,36,3,0
ORD03946,01-04-2021,04-04-2021,Ava,Verma,Ava Verma,UK,West,Technology,Chairs,1359,251,4,0.1
ORD03947,02-08-2022,05-08-2022,Ava,Verma,AvaVerma,UK,West,OfficeSupplies,Storage,636,-31,5,0.2
ORD03948,22-03-2021,30-03-2021,Priya,Anderson,Priya Anderson,Australia,South,Office Supplies,Chairs,682,-9,7,0.2
ORD03949,02-02-2021,04-02-2021,Emma,Taylor,Emma Taylor,India,East,Office Supplies,Storage,920,118,10,0
ORD03950,20-09-2021,30-09-2021,Priya,Sharma,Priya Sharma,India,North,Furniture,Binders,1557,264,1,0.1
ORD03951,09-02-2021,17-02-2021,Ava,Verma,Ava Verma,India,West,Technology,Tables,1054,340,7,0.1
ORD03952,21-01-2022,31-01-2022,Emma,Patel,Emma Patel,India,North,Furniture,Tables,1809,238,3,0.1
ORD03953,22-02-2022,04-03-2022,Sneha,Smith,Sneha Smith,USA,East,Furniture,Chairs,980,117,8,0
ORD03954,23-03-2022,29-03-2022,John,Anderson,John Anderson,UK,North,Furniture,Storage,1454,120,4,0
ORD03955,12-02-2021,15-02-2021,Liam,Johnson,LiamJohnson,UK,North,Furniture,Storage,572,3,15,0
ORD03956,26-05-2021,28-05-2021,Noah,Sharma,NoahSharma,UK,North,OfficeSupplies,Storage,312,55,1,0
ORD03957,15-11-2021,18-11-2021,Rahul,Johnson,Rahul Johnson,India,North,Technology,Tables,975,20,1,0
ORD03958,23-08-2022,31-08-2022,Liam,Taylor,Liam Taylor,Canada,South,Office Supplies,Binders,1492,-380,12,0
ORD03959,08-05-2022,13-05-2022,Noah,Taylor,Noah Taylor,India,East,Technology,Binders,1243,347,1,0
ORD03960,24-10-2021,02-11-2021,Amit,Patel,Amit Patel,USA,East,Furniture,Accessories,731,32,6,0.1
ORD03961,14-10-2022,16-10-2022,Priya,Patel,Priya Patel,Canada,East,Furniture,Chairs,1810,339,9,0.2
ORD03962,18-03-2021,27-03-2021,Emma,Johnson,Emma Johnson,USA,East,Office Supplies,Chairs,889,-207,1,0
ORD03963,21-12-2021,23-12-2021,Sneha,Verma,Sneha Verma,USA,West,Technology,Storage,1815,471,6,0.1
ORD03964,31-12-2022,08-01-2023,Olivia,Taylor,OliviaTaylor,USA,West,Furniture,Storage,1510,-113,4,0.1
ORD03965,04-09-2021,08-09-2021,Amit,Brown,Amit Brown,USA,East,Technology,Tables,802,211,3,0.2
ORD03966,26-02-2021,05-03-2021,Emma,Sharma,EmmaSharma,USA,East,Technology,Accessories,1997,-507,4,0.2
ORD03967,15-06-2021,18-06-2021,Olivia,Brown,Olivia Brown,India,East,Technology,Accessories,166,50,2,0.1
ORD03968,18-05-2021,22-05-2021,Olivia,Verma,Olivia Verma,Australia,South,Office Supplies,Storage,325,-28,8,0
ORD03969,05-12-2022,08-12-2022,Olivia,Smith,OliviaSmith,Australia,South,OfficeSupplies,Binders,326,-47,12,0.1
ORD03970,13-06-2022,16-06-2022,Noah,Brown,Noah Brown,Australia,South,Technology,Binders,1972,-526,11,0
ORD03971,19-02-2022,20-02-2022,Priya,Verma,Priya Verma,UK,South,Office Supplies,Chairs,797,-232,1,0
ORD03972,01-11-2021,10-11-2021,Sneha,Taylor,Sneha Taylor,USA,East,Office Supplies,Accessories,775,211,2,0.1
ORD03973,22-07-2022,23-07-2022,Liam,Anderson,Liam Anderson,UK,West,Office Supplies,Tables,1075,115,11,0.2
ORD03974,20-06-2021,23-06-2021,Emma,Johnson,Emma Johnson,USA,South,Furniture,Phones,1289,231,12,0.2
ORD03975,30-03-2021,31-03-2021,Sneha,Verma,Sneha Verma,USA,South,Technology,Accessories,436,-42,3,0
ORD03976,15-05-2022,22-05-2022,John,Verma,John Verma,Australia,East,Office Supplies,Phones,1760,-359,5,0.2
ORD03977,03-07-2022,04-07-2022,Priya,Smith,Priya Smith,UK,South,Furniture,Phones,1797,326,14,0
ORD03978,18-04-2022,23-04-2022,Liam,Brown,Liam Brown,Canada,West,Technology,Phones,1606,455,11,0
ORD03979,13-11-2021,14-11-2021,Liam,Patel,Liam Patel,USA,East,Furniture,Phones,136,45,5,0
ORD03980,12-05-2022,14-05-2022,Noah,Johnson,Noah Johnson,UK,North,Technology,Storage,1137,-303,6,0
ORD03981,13-06-2022,22-06-2022,Rahul,Smith,RahulSmith,UK,North,OfficeSupplies,Accessories,1263,75,4,0
ORD03982,02-03-2022,06-03-2022,Liam,Patel,Liam Patel,UK,North,Technology,Accessories,733,247,15,0
ORD03983,29-01-2021,01-02-2021,Noah,Taylor,Noah Taylor,India,South,Office Supplies,Tables,1344,8,12,0.2
ORD03984,15-06-2021,18-06-2021,John,Sharma,John Sharma,Australia,East,Office Supplies,Binders,696,-101,8,0
ORD03985,07-02-2022,15-02-2022,Rahul,Johnson,Rahul Johnson,UK,East,Technology,Binders,158,38,2,0.1
ORD03986,15-02-2022,20-02-2022,Priya,Smith,Priya Smith,UK,East,Furniture,Binders,1519,-144,15,0.2
ORD03987,19-11-2021,26-11-2021,Olivia,Verma,Olivia Verma,USA,East,Office Supplies,Phones,933,56,3,0
ORD03988,27-08-2022,06-09-2022,Rahul,Johnson,Rahul Johnson,India,South,Furniture,Tables,802,-149,4,0
ORD03989,31-07-2021,05-08-2021,Liam,Taylor,Liam Taylor,UK,North,Technology,Binders,1748,5,1,0
ORD03990,18-12-2022,26-12-2022,Noah,Sharma,Noah Sharma,Australia,South,Technology,Chairs,1775,-266,1,0
ORD03991,13-06-2022,19-06-2022,Rahul,Verma,Rahul Verma,India,West,Technology,Chairs,24,-1,12,0.1
ORD03992,31-03-2022,08-04-2022,Priya,Patel,Priya Patel,USA,East,Office Supplies,Binders,996,116,1,0
ORD03993,21-04-2021,23-04-2021,Noah,Sharma,Noah Sharma,India,East,Office Supplies,Phones,414,71,6,0.1
ORD03994,09-03-2022,11-03-2022,Amit,Sharma,Amit Sharma,Canada,East,Furniture,Phones,1482,-92,13,0
ORD03995,01-03-2021,04-03-2021,Amit,Anderson,Amit Anderson,India,East,Technology,Storage,896,65,2,0
ORD03996,14-06-2022,23-06-2022,Olivia,Taylor,Olivia Taylor,Canada,East,Technology,Tables,1334,366,15,0.2
ORD03997,07-04-2021,13-04-2021,Amit,Sharma,Amit Sharma,Australia,East,Office Supplies,Tables,245,-8,5,0.1
ORD03998,30-05-2022,06-06-2022,Amit,Johnson,Amit Johnson,Australia,West,Office Supplies,Binders,1891,191,13,0
ORD03999,09-10-2021,17-10-2021,John,Smith,John Smith,Canada,South,Office Supplies,Storage,1047,-125,7,0
ORD04000,21-01-2022,31-01-2022,Liam,Patel,Liam Patel,UK,South,Furniture,Chairs,1069,-299,7,0.2
ORD04001,05-10-2021,07-10-2021,John,Smith,John Smith,UK,East,Technology,Phones,615,69,2,0.2
ORD04002,16-07-2022,23-07-2022,Amit,Brown,Amit Brown,UK,East,Office Supplies,Tables,1209,98,6,0.1
ORD04003,02-12-2021,06-12-2021,Amit,Taylor,AmitTaylor,UK,East,OfficeSupplies,Storage,236,18,15,0.1
ORD04004,30-09-2021,06-10-2021,Sneha,Verma,Sneha Verma,Canada,West,Furniture,Phones,784,-132,12,0
ORD04005,31-05-2022,08-06-2022,Sneha,Anderson,Sneha Anderson,USA,East,Office Supplies,Phones,450,-72,5,0.1
ORD04006,06-07-2022,08-07-2022,Olivia,Brown,Olivia Brown,USA,West,Furniture,Phones,151,-34,8,0.2
ORD04007,22-05-2022,25-05-2022,Olivia,Taylor,Olivia Taylor,USA,West,Office Supplies,Tables,994,251,12,0.2
ORD04008,08-06-2022,09-06-2022,John,Taylor,John Taylor,India,West,Technology,Accessories,1388,308,4,0.1
ORD04009,29-11-2022,02-12-2022,John,Smith,John Smith,UK,West,Office Supplies,Storage,647,-62,12,0.1
ORD04010,15-11-2022,21-11-2022,Olivia,Brown,Olivia Brown,Australia,East,Furniture,Accessories,408,74,2,0.1
ORD04011,23-01-2022,26-01-2022,Rahul,Verma,Rahul Verma,Canada,West,Office Supplies,Accessories,575,-34,11,0.1
ORD04012,08-05-2021,11-05-2021,Olivia,Anderson,Olivia Anderson,USA,West,Technology,Accessories,894,-144,4,0.1
ORD04013,25-01-2022,01-02-2022,Amit,Sharma,Amit Sharma,Australia,West,Technology,Binders,1348,335,2,0
ORD04014,24-03-2021,31-03-2021,Amit,Patel,Amit Patel,UK,North,Furniture,Binders,867,126,1,0.1
ORD04015,08-06-2021,17-06-2021,Emma,Johnson,EmmaJohnson,UK,North,OfficeSupplies,Phones,1256,-235,13,0.1
ORD04016,08-05-2021,18-05-2021,Liam,Johnson,Liam Johnson,Australia,West,Technology,Chairs,1888,106,13,0.1
ORD04017,22-10-2021,25-10-2021,Olivia,Smith,Olivia Smith,UK,North,Furniture,Storage,418,126,7,0.1
ORD04018,19-11-2021,24-11-2021,Noah,Johnson,Noah Johnson,UK,West,Office Supplies,Binders,368,-23,12,0
ORD04019,03-04-2022,12-04-2022,Sneha,Taylor,Sneha Taylor,Canada,West,Technology,Tables,82,19,1,0
ORD04020,21-11-2022,29-11-2022,Sneha,Anderson,Sneha Anderson,India,South,Furniture,Storage,1256,-106,14,0.1
ORD04021,03-06-2022,09-06-2022,Noah,Patel,Noah Patel,USA,East,Technology,Binders,1398,386,14,0.1
ORD04022,23-02-2021,24-02-2021,Priya,Brown,Priya Brown,UK,South,Technology,Storage,1182,21,4,0
ORD04023,04-09-2022,06-09-2022,Priya,Brown,Priya Brown,Canada,South,Furniture,Storage,43,5,10,0
ORD04024,28-10-2021,04-11-2021,Ava,Verma,Ava Verma,Australia,West,Office Supplies,Chairs,403,98,7,0
ORD04025,29-10-2022,31-10-2022,Amit,Brown,Amit Brown,India,West,Office Supplies,Binders,972,-171,15,0.1
ORD04026,22-08-2022,29-08-2022,Priya,Patel,Priya Patel,USA,East,Office Supplies,Binders,1668,96,8,0.2
ORD04027,16-06-2022,25-06-2022,Noah,Anderson,Noah Anderson,Canada,East,Office Supplies,Accessories,704,237,6,0
ORD04028,10-08-2021,12-08-2021,Noah,Brown,Noah Brown,Australia,West,Furniture,Accessories,1494,-115,15,0.1
ORD04029,20-06-2022,29-06-2022,Sneha,Verma,Sneha Verma,Canada,North,Technology,Binders,1305,34,1,0
ORD04030,17-06-2021,18-06-2021,Olivia,Taylor,Olivia Taylor,Australia,North,Technology,Accessories,433,8,13,0
ORD04031,10-08-2021,20-08-2021,Emma,Johnson,Emma Johnson,India,East,Office Supplies,Accessories,648,-97,3,0
ORD04032,26-01-2021,05-02-2021,Amit,Smith,Amit Smith,USA,West,Furniture,Tables,1592,-252,3,0
ORD04033,02-01-2022,12-01-2022,Liam,Taylor,LiamTaylor,USA,North,OfficeSupplies,Tables,586,-104,13,0
ORD04034,02-08-2022,08-08-2022,Priya,Anderson,Priya Anderson,UK,East,Office Supplies,Storage,240,-41,12,0
ORD04035,10-08-2021,13-08-2021,Noah,Patel,Noah Patel,Canada,West,Technology,Storage,183,-52,4,0.1
ORD04036,23-11-2021,24-11-2021,Noah,Anderson,NoahAnderson,Canada,South,OfficeSupplies,Tables,212,-62,10,0.1
ORD04037,28-02-2021,05-03-2021,Priya,Smith,Priya Smith,India,South,Technology,Storage,1057,61,15,0.1
ORD04038,04-08-2022,06-08-2022,Emma,Brown,Emma Brown,India,North,Office Supplies,Chairs,1320,43,11,0
ORD04039,31-01-2022,03-02-2022,Olivia,Taylor,Olivia Taylor,Australia,East,Technology,Accessories,810,135,5,0.1
ORD04040,27-02-2022,09-03-2022,Noah,Patel,NoahPatel,Australia,North,Furniture,Accessories,1830,-38,10,0
ORD04041,17-01-2021,20-01-2021,Olivia,Sharma,Olivia Sharma,Australia,North,Office Supplies,Accessories,527,172,13,0.1
ORD04042,16-04-2021,21-04-2021,Amit,Taylor,Amit Taylor,India,South,Technology,Chairs,211,-60,10,0
ORD04043,21-12-2021,30-12-2021,Liam,Taylor,Liam Taylor,UK,West,Furniture,Chairs,279,19,4,0.1
ORD04044,16-01-2022,26-01-2022,Priya,Smith,Priya Smith,USA,South,Office Supplies,Binders,1610,560,4,0.1
ORD04045,31-10-2021,02-11-2021,John,Patel,John Patel,USA,South,Furniture,Accessories,1912,-400,2,0
ORD04046,03-06-2022,06-06-2022,Liam,Johnson,LiamJohnson,USA,East,OfficeSupplies,Phones,48,-3,7,0
ORD04047,19-02-2022,23-02-2022,John,Smith,John Smith,Australia,South,Technology,Chairs,1892,-557,12,0.1
ORD04048,02-05-2022,10-05-2022,Ava,Verma,Ava Verma,India,East,Technology,Tables,1402,-312,10,0.1
ORD04049,01-09-2021,11-09-2021,Liam,Patel,Liam Patel,Australia,West,Office Supplies,Tables,1365,-315,6,0.1
ORD04050,07-08-2022,14-08-2022,Sneha,Brown,Sneha Brown,UK,West,Technology,Accessories,1878,-363,11,0
ORD04051,05-09-2022,08-09-2022,Noah,Verma,Noah Verma,India,East,Office Supplies,Accessories,448,46,8,0.1
ORD04052,28-10-2021,04-11-2021,Emma,Taylor,Emma Taylor,India,East,Office Supplies,Binders,1493,432,1,0.2
ORD04053,31-12-2021,05-01-2022,Olivia,Patel,Olivia Patel,Canada,North,Office Supplies,Chairs,1722,527,14,0.1
ORD04054,15-12-2022,24-12-2022,Liam,Patel,Liam Patel,Canada,North,Technology,Phones,1689,391,8,0.1
ORD04055,19-11-2022,21-11-2022,Rahul,Sharma,Rahul Sharma,USA,North,Technology,Chairs,425,-37,1,0
ORD04056,24-09-2022,28-09-2022,Ava,Anderson,Ava Anderson,USA,East,Technology,Accessories,59,15,12,0.2
ORD04057,01-07-2021,03-07-2021,Sneha,Brown,Sneha Brown,India,East,Office Supplies,Accessories,537,-144,13,0.2
ORD04058,24-01-2022,30-01-2022,Olivia,Patel,Olivia Patel,Canada,West,Technology,Accessories,1641,-168,1,0.1
ORD04059,17-10-2022,25-10-2022,Amit,Sharma,Amit Sharma,UK,West,Technology,Binders,1620,493,7,0.2
ORD04060,11-09-2021,16-09-2021,Amit,Sharma,AmitSharma,UK,West,Technology,Binders,881,-231,10,0.1
ORD04061,04-08-2022,06-08-2022,Rahul,Johnson,RahulJohnson,UK,North,OfficeSupplies,Accessories,987,-241,3,0
ORD04062,12-02-2022,20-02-2022,Olivia,Verma,Olivia Verma,Canada,North,Office Supplies,Tables,469,64,12,0.1
ORD04063,19-05-2022,22-05-2022,John,Anderson,John Anderson,India,North,Furniture,Storage,1686,7,6,0
ORD04064,14-07-2022,23-07-2022,Emma,Brown,Emma Brown,UK,East,Office Supplies,Phones,326,31,11,0
ORD04065,01-06-2021,11-06-2021,Noah,Anderson,Noah Anderson,India,North,Furniture,Binders,286,-79,4,0.1
ORD04066,09-09-2022,13-09-2022,Liam,Brown,LiamBrown,India,North,OfficeSupplies,Storage,1215,299,7,0.1
ORD04067,19-05-2022,21-05-2022,Rahul,Verma,Rahul Verma,USA,South,Technology,Storage,375,-38,12,0.2
ORD04068,01-10-2021,05-10-2021,Priya,Johnson,Priya Johnson,India,South,Office Supplies,Accessories,816,144,15,0.1
ORD04069,25-05-2021,31-05-2021,Rahul,Patel,Rahul Patel,India,West,Furniture,Binders,1396,-229,7,0.2
ORD04070,15-10-2022,23-10-2022,Noah,Smith,Noah Smith,UK,West,Office Supplies,Phones,140,-30,9,0
ORD04071,04-12-2021,14-12-2021,Ava,Verma,Ava Verma,Canada,North,Furniture,Chairs,251,53,13,0
ORD04072,05-01-2022,11-01-2022,Priya,Brown,Priya Brown,UK,South,Furniture,Storage,193,-25,7,0.2
ORD04073,18-01-2021,22-01-2021,Sneha,Johnson,Sneha Johnson,USA,East,Office Supplies,Phones,1384,-302,12,0
ORD04074,14-01-2022,19-01-2022,Noah,Smith,Noah Smith,Canada,North,Furniture,Binders,996,314,14,0
ORD04075,02-11-2022,06-11-2022,Noah,Verma,Noah Verma,USA,North,Technology,Binders,1367,-32,6,0.1
ORD04076,17-08-2022,18-08-2022,Olivia,Smith,Olivia Smith,Australia,West,Technology,Accessories,1838,114,2,0
ORD04077,30-04-2021,04-05-2021,Noah,Anderson,Noah Anderson,USA,East,Office Supplies,Phones,713,132,11,0.1
ORD04078,12-10-2022,16-10-2022,Amit,Taylor,Amit Taylor,UK,East,Furniture,Accessories,1982,-291,4,0
ORD04079,15-09-2022,16-09-2022,Rahul,Verma,Rahul Verma,Australia,East,Technology,Chairs,1629,305,1,0
ORD04080,11-10-2021,18-10-2021,Ava,Verma,Ava Verma,India,South,Technology,Storage,1880,630,9,0.1
ORD04081,29-06-2022,01-07-2022,Olivia,Sharma,Olivia Sharma,India,South,Technology,Tables,621,-63,7,0
ORD04082,18-10-2021,27-10-2021,Amit,Sharma,Amit Sharma,Canada,West,Office Supplies,Tables,1007,158,2,0.1
ORD04083,08-01-2021,16-01-2021,Liam,Johnson,Liam Johnson,USA,South,Furniture,Tables,1744,-97,4,0.2
ORD04084,28-02-2022,09-03-2022,Rahul,Taylor,Rahul Taylor,Canada,West,Office Supplies,Phones,589,114,6,0
ORD04085,17-12-2022,27-12-2022,Priya,Sharma,Priya Sharma,UK,North,Technology,Tables,492,77,6,0
ORD04086,12-04-2022,15-04-2022,Emma,Patel,Emma Patel,UK,North,Furniture,Tables,104,33,6,0.1
ORD04087,06-02-2021,14-02-2021,Liam,Brown,LiamBrown,UK,North,Furniture,Accessories,1225,-99,1,0
ORD04088,13-08-2022,14-08-2022,John,Anderson,John Anderson,Australia,West,Technology,Accessories,1880,134,3,0.1
ORD04089,17-02-2022,26-02-2022,Amit,Anderson,Amit Anderson,USA,East,Technology,Accessories,1602,-380,15,0.2
ORD04090,15-08-2022,24-08-2022,Liam,Taylor,Liam Taylor,UK,East,Technology,Storage,1389,-122,2,0
ORD04091,18-06-2021,28-06-2021,Amit,Brown,Amit Brown,UK,South,Office Supplies,Tables,80,26,4,0
ORD04092,24-09-2021,25-09-2021,Amit,Smith,Amit Smith,India,South,Office Supplies,Tables,667,-45,11,0.1
ORD04093,11-05-2022,20-05-2022,Ava,Smith,Ava Smith,UK,North,Office Supplies,Phones,1933,72,12,0
ORD04094,14-05-2022,16-05-2022,Emma,Taylor,Emma Taylor,UK,North,Technology,Accessories,1170,-111,11,0.1
ORD04095,27-01-2021,01-02-2021,Ava,Verma,Ava Verma,UK,North,Technology,Phones,319,-83,5,0.1
ORD04096,14-01-2022,15-01-2022,Ava,Patel,Ava Patel,UK,North,Technology,Accessories,1243,222,8,0
ORD04097,27-01-2021,03-02-2021,Amit,Patel,Amit Patel,Australia,North,Furniture,Tables,656,161,13,0
ORD04098,28-03-2021,31-03-2021,Liam,Anderson,Liam Anderson,Australia,West,Office Supplies,Binders,1243,-141,7,0.1
ORD04099,19-07-2021,24-07-2021,Olivia,Anderson,Olivia Anderson,India,West,Technology,Binders,259,-59,12,0.1
ORD04100,11-07-2022,12-07-2022,Ava,Smith,Ava Smith,India,South,Furniture,Phones,1137,-177,10,0
ORD04101,03-05-2022,09-05-2022,Noah,Patel,Noah Patel,USA,North,Office Supplies,Phones,1762,-312,4,0
ORD04102,12-02-2021,15-02-2021,John,Taylor,John Taylor,UK,North,Office Supplies,Tables,1703,-420,2,0.1
ORD04103,18-04-2022,19-04-2022,Rahul,Johnson,Rahul Johnson,USA,East,Furniture,Binders,1766,-395,5,0
ORD04104,25-01-2021,28-01-2021,Emma,Patel,Emma Patel,Australia,East,Technology,Accessories,499,-98,14,0
ORD04105,25-11-2021,02-12-2021,Noah,Verma,Noah Verma,USA,West,Office Supplies,Accessories,1180,314,1,0
ORD04106,30-07-2021,08-08-2021,Amit,Johnson,AmitJohnson,USA,South,Furniture,Accessories,753,-202,4,0
ORD04107,06-03-2022,11-03-2022,Rahul,Taylor,Rahul Taylor,India,South,Furniture,Chairs,528,5,1,0.2
ORD04108,15-11-2021,23-11-2021,Olivia,Brown,OliviaBrown,India,South,Furniture,Chairs,316,-40,1,0.1
ORD04109,02-09-2022,11-09-2022,Emma,Smith,EmmaSmith,India,South,Technology,Chairs,1857,376,1,0.1
ORD04110,18-09-2021,21-09-2021,Rahul,Johnson,Rahul Johnson,Australia,North,Office Supplies,Storage,498,126,7,0.2
ORD04111,10-01-2022,19-01-2022,John,Johnson,JohnJohnson,Australia,North,Technology,Phones,1535,-211,8,0.1
ORD04112,30-05-2022,05-06-2022,Sneha,Patel,Sneha Patel,India,South,Furniture,Phones,526,77,9,0.1
ORD04113,26-01-2021,27-01-2021,Liam,Brown,Liam Brown,India,East,Technology,Chairs,82,-6,14,0.1
ORD04114,02-07-2021,03-07-2021,Amit,Smith,Amit Smith,Canada,East,Furniture,Chairs,1999,249,5,0
ORD04115,28-04-2021,05-05-2021,Noah,Patel,Noah Patel,USA,East,Furniture,Tables,778,115,1,0.1
ORD04116,14-10-2022,17-10-2022,Emma,Smith,Emma Smith,Canada,East,Furniture,Tables,349,-47,11,0
ORD04117,17-07-2021,22-07-2021,Sneha,Patel,Sneha Patel,India,East,Office Supplies,Tables,1761,-8,2,0
ORD04118,07-05-2021,11-05-2021,Ava,Anderson,Ava Anderson,USA,East,Office Supplies,Storage,1344,207,4,0.1
ORD04119,26-08-2022,30-08-2022,Emma,Taylor,EmmaTaylor,USA,North,OfficeSupplies,Tables,1501,242,12,0.1
ORD04120,23-07-2021,30-07-2021,Amit,Johnson,Amit Johnson,Canada,North,Technology,Tables,1901,505,8,0.1
ORD04121,05-09-2021,14-09-2021,John,Patel,John Patel,India,West,Furniture,Phones,1439,99,12,0
ORD04122,19-04-2022,27-04-2022,Rahul,Sharma,Rahul Sharma,USA,East,Furniture,Tables,691,71,1,0
ORD04123,21-10-2021,28-10-2021,Rahul,Taylor,Rahul Taylor,Australia,West,Office Supplies,Chairs,418,-76,7,0
ORD04124,05-12-2022,10-12-2022,Liam,Taylor,Liam Taylor,India,South,Office Supplies,Chairs,1031,-1,1,0.2
ORD04125,30-09-2021,07-10-2021,Rahul,Sharma,Rahul Sharma,Australia,East,Office Supplies,Tables,1369,52,12,0
ORD04126,06-10-2021,07-10-2021,Noah,Patel,NoahPatel,Australia,North,OfficeSupplies,Storage,1012,100,1,0.2
ORD04127,03-08-2021,07-08-2021,Rahul,Anderson,Rahul Anderson,India,North,Furniture,Binders,551,29,15,0
ORD04128,29-10-2021,01-11-2021,Rahul,Sharma,Rahul Sharma,Australia,North,Technology,Accessories,118,-9,9,0.2
ORD04129,10-05-2022,16-05-2022,Noah,Taylor,Noah Taylor,Canada,West,Furniture,Tables,869,264,7,0.1
ORD04130,21-10-2022,31-10-2022,Amit,Patel,AmitPatel,Canada,South,Furniture,Binders,678,219,8,0.2
ORD04131,14-02-2021,18-02-2021,Ava,Smith,AvaSmith,Canada,North,Technology,Tables,1072,-128,8,0
ORD04132,27-01-2022,03-02-2022,Amit,Taylor,Amit Taylor,India,North,Technology,Binders,357,-56,11,0.2
ORD04133,31-12-2022,04-01-2023,Emma,Verma,Emma Verma,Australia,East,Furniture,Binders,265,-52,15,0
ORD04134,03-10-2022,08-10-2022,Olivia,Taylor,Olivia Taylor,UK,East,Office Supplies,Storage,531,56,5,0.1
ORD04135,03-06-2022,04-06-2022,Liam,Anderson,Liam Anderson,UK,South,Furniture,Storage,538,119,11,0.1
ORD04136,03-05-2021,07-05-2021,Liam,Verma,LiamVerma,UK,South,Technology,Accessories,175,16,11,0.2
ORD04137,22-03-2021,26-03-2021,Emma,Sharma,Emma Sharma,USA,West,Office Supplies,Phones,1952,-310,3,0
ORD04138,27-06-2022,29-06-2022,Olivia,Verma,Olivia Verma,India,East,Furniture,Chairs,248,-31,12,0
ORD04139,18-08-2022,28-08-2022,John,Sharma,John Sharma,India,East,Office Supplies,Storage,1094,-312,9,0.1
ORD04140,13-11-2021,21-11-2021,Priya,Anderson,Priya Anderson,India,East,Furniture,Accessories,304,5,14,0.2
ORD04141,10-04-2021,15-04-2021,Amit,Sharma,Amit Sharma,India,South,Furniture,Phones,595,83,14,0.1
ORD04142,09-01-2021,12-01-2021,Rahul,Anderson,Rahul Anderson,India,East,Furniture,Storage,52,-10,13,0.1
ORD04143,14-11-2021,16-11-2021,Priya,Brown,Priya Brown,India,East,Office Supplies,Tables,276,58,12,0
ORD04144,27-05-2022,28-05-2022,Rahul,Anderson,Rahul Anderson,UK,East,Office Supplies,Tables,565,-157,4,0.1
ORD04145,18-11-2022,27-11-2022,Amit,Anderson,Amit Anderson,India,East,Office Supplies,Accessories,979,323,2,0.2
ORD04146,12-06-2022,20-06-2022,Ava,Brown,AvaBrown,India,North,Technology,Accessories,381,25,15,0.2
ORD04147,06-03-2022,14-03-2022,Sneha,Taylor,Sneha Taylor,Australia,West,Furniture,Accessories,905,152,6,0.1
ORD04148,21-04-2022,22-04-2022,John,Sharma,John Sharma,Canada,South,Office Supplies,Chairs,1563,380,13,0.2
ORD04149,07-01-2021,11-01-2021,Amit,Verma,Amit Verma,USA,North,Technology,Phones,628,55,14,0.2
ORD04150,16-08-2022,26-08-2022,Olivia,Verma,OliviaVerma,USA,North,OfficeSupplies,Tables,552,184,4,0
ORD04151,25-10-2021,01-11-2021,Emma,Anderson,Emma Anderson,USA,West,Office Supplies,Phones,1005,182,12,0.2
ORD04152,15-09-2021,17-09-2021,Olivia,Anderson,Olivia Anderson,Canada,West,Office Supplies,Storage,1132,-125,13,0.2
ORD04153,04-05-2021,07-05-2021,John,Johnson,John Johnson,India,West,Office Supplies,Chairs,1923,94,9,0.2
ORD04154,09-07-2022,13-07-2022,Sneha,Johnson,Sneha Johnson,UK,South,Technology,Phones,1795,-140,2,0
ORD04155,20-10-2021,28-10-2021,Liam,Verma,Liam Verma,India,North,Office Supplies,Phones,603,69,14,0
ORD04156,04-08-2022,13-08-2022,Ava,Taylor,Ava Taylor,Canada,East,Technology,Binders,432,116,1,0
ORD04157,12-06-2021,17-06-2021,Olivia,Brown,Olivia Brown,USA,West,Office Supplies,Chairs,1519,-306,4,0.1
ORD04158,15-06-2021,21-06-2021,Sneha,Smith,Sneha Smith,UK,South,Furniture,Chairs,1486,-182,3,0.1
ORD04159,06-02-2021,10-02-2021,Priya,Johnson,Priya Johnson,UK,South,Office Supplies,Tables,1172,-275,5,0.2
ORD04160,10-08-2021,20-08-2021,Liam,Brown,Liam Brown,USA,West,Technology,Accessories,1119,89,1,0
ORD04161,14-05-2021,16-05-2021,Sneha,Johnson,Sneha Johnson,India,North,Technology,Accessories,750,62,7,0.1
ORD04162,11-12-2021,13-12-2021,Amit,Verma,AmitVerma,India,South,Technology,Phones,1803,402,6,0.2
ORD04163,04-08-2022,07-08-2022,Priya,Taylor,Priya Taylor,UK,South,Furniture,Chairs,522,142,8,0
ORD04164,23-03-2021,26-03-2021,Noah,Patel,Noah Patel,USA,South,Office Supplies,Storage,1947,-199,2,0.2
ORD04165,15-01-2022,16-01-2022,Noah,Anderson,Noah Anderson,Canada,South,Furniture,Storage,1452,101,8,0
ORD04166,01-06-2021,09-06-2021,Noah,Patel,Noah Patel,India,West,Furniture,Phones,926,67,6,0.1
ORD04167,16-10-2022,20-10-2022,Sneha,Johnson,Sneha Johnson,Canada,North,Technology,Phones,1666,401,15,0
ORD04168,30-09-2021,04-10-2021,Sneha,Anderson,Sneha Anderson,Australia,South,Technology,Tables,1504,-401,4,0
ORD04169,25-02-2021,01-03-2021,Rahul,Johnson,Rahul Johnson,USA,South,Furniture,Tables,1438,-359,4,0
ORD04170,18-07-2021,26-07-2021,John,Brown,John Brown,UK,East,Office Supplies,Storage,1938,362,12,0
ORD04171,28-03-2022,31-03-2022,Emma,Patel,Emma Patel,India,East,Furniture,Accessories,959,-31,10,0.1
ORD04172,30-10-2022,08-11-2022,Amit,Sharma,Amit Sharma,USA,North,Office Supplies,Phones,350,-42,13,0.1
ORD04173,18-07-2022,21-07-2022,Liam,Smith,Liam Smith,USA,South,Technology,Phones,476,-133,9,0
ORD04174,19-03-2022,27-03-2022,Priya,Patel,PriyaPatel,USA,North,Technology,Phones,326,16,12,0.1
ORD04175,13-08-2021,15-08-2021,Amit,Patel,Amit Patel,USA,North,Office Supplies,Accessories,1213,-169,13,0.2
ORD04176,27-01-2022,28-01-2022,Noah,Taylor,Noah Taylor,India,East,Technology,Tables,1806,-322,1,0.1
ORD04177,29-12-2022,04-01-2023,Amit,Anderson,Amit Anderson,Canada,East,Office Supplies,Accessories,646,-38,3,0.1
ORD04178,11-07-2021,14-07-2021,Emma,Smith,Emma Smith,India,North,Technology,Chairs,85,-1,4,0
ORD04179,06-01-2022,15-01-2022,Sneha,Anderson,SnehaAnderson,India,North,Furniture,Storage,1075,-114,14,0.1
ORD04180,08-05-2021,12-05-2021,Rahul,Anderson,Rahul Anderson,Canada,South,Furniture,Chairs,779,-167,9,0.2
ORD04181,22-10-2021,01-11-2021,Sneha,Verma,Sneha Verma,Canada,North,Technology,Phones,341,-93,9,0
ORD04182,08-07-2022,11-07-2022,John,Patel,John Patel,USA,West,Office Supplies,Phones,801,54,2,0
ORD04183,20-05-2022,29-05-2022,Noah,Sharma,Noah Sharma,Australia,North,Technology,Phones,1490,-313,1,0.1
ORD04184,31-08-2022,01-09-2022,Liam,Anderson,Liam Anderson,Australia,East,Technology,Phones,1649,-464,10,0
ORD04185,22-06-2021,02-07-2021,Olivia,Taylor,Olivia Taylor,USA,North,Furniture,Phones,1619,-456,9,0
ORD04186,08-05-2021,16-05-2021,Priya,Sharma,Priya Sharma,India,East,Office Supplies,Chairs,1118,-277,15,0
ORD04187,09-12-2021,15-12-2021,Noah,Verma,NoahVerma,India,West,Technology,Chairs,596,70,15,0.2
ORD04188,14-08-2022,15-08-2022,Emma,Verma,Emma Verma,Canada,South,Office Supplies,Tables,307,55,4,0.2
ORD04189,16-06-2021,25-06-2021,Noah,Brown,Noah Brown,India,South,Furniture,Binders,311,87,10,0.1
ORD04190,26-01-2021,02-02-2021,Priya,Brown,Priya Brown,Australia,West,Technology,Accessories,262,51,13,0.1
ORD04191,23-10-2021,30-10-2021,Emma,Patel,Emma Patel,Canada,North,Office Supplies,Accessories,732,-170,6,0.1
ORD04192,24-01-2021,01-02-2021,Ava,Johnson,Ava Johnson,India,South,Technology,Tables,1009,-232,2,0
ORD04193,14-08-2021,18-08-2021,Amit,Smith,AmitSmith,India,West,OfficeSupplies,Binders,1947,456,14,0.1
ORD04194,15-03-2022,25-03-2022,Noah,Smith,Noah Smith,India,North,Furniture,Phones,329,-40,4,0.1
ORD04195,20-11-2022,22-11-2022,Priya,Johnson,Priya Johnson,USA,West,Office Supplies,Storage,1723,236,8,0
ORD04196,24-10-2022,28-10-2022,Amit,Smith,Amit Smith,Canada,West,Technology,Storage,1250,-92,9,0.1
ORD04197,28-12-2022,02-01-2023,Ava,Sharma,Ava Sharma,India,North,Furniture,Storage,163,-28,14,0.2
ORD04198,19-08-2022,20-08-2022,John,Anderson,John Anderson,UK,North,Technology,Accessories,1807,-389,4,0.1
ORD04199,15-05-2021,23-05-2021,John,Patel,John Patel,USA,North,Furniture,Binders,1653,-485,11,0.2
ORD04200,08-12-2022,15-12-2022,Sneha,Verma,SnehaVerma,USA,South,Furniture,Binders,1198,250,1,0.2
ORD04201,12-03-2021,15-03-2021,Priya,Sharma,Priya Sharma,USA,West,Technology,Tables,653,-7,13,0
ORD04202,23-06-2022,24-06-2022,Rahul,Verma,Rahul Verma,UK,South,Office Supplies,Tables,646,-36,7,0.1
ORD04203,20-11-2022,27-11-2022,Noah,Brown,Noah Brown,Australia,West,Office Supplies,Tables,961,-157,10,0.1
ORD04204,24-02-2021,01-03-2021,Emma,Brown,Emma Brown,USA,North,Office Supplies,Tables,1045,-232,10,0.2
ORD04205,25-02-2021,01-03-2021,Ava,Sharma,Ava Sharma,UK,North,Technology,Binders,1638,376,10,0.1
ORD04206,09-03-2021,11-03-2021,Emma,Brown,Emma Brown,UK,East,Office Supplies,Tables,828,-18,9,0
ORD04207,23-06-2021,27-06-2021,Rahul,Taylor,RahulTaylor,UK,West,Furniture,Phones,966,-170,4,0.1
ORD04208,09-10-2021,19-10-2021,Sneha,Sharma,Sneha Sharma,UK,West,Furniture,Accessories,1382,264,7,0
ORD04209,03-12-2021,10-12-2021,Olivia,Smith,Olivia Smith,Canada,West,Technology,Phones,590,199,5,0.1
ORD04210,23-05-2021,27-05-2021,Sneha,Patel,Sneha Patel,UK,South,Technology,Storage,1432,-278,5,0.1
ORD04211,29-12-2022,01-01-2023,Sneha,Taylor,Sneha Taylor,India,South,Furniture,Storage,683,-66,4,0.1
ORD04212,20-12-2022,21-12-2022,Amit,Patel,Amit Patel,Canada,West,Furniture,Binders,612,-165,3,0.1
ORD04213,12-07-2022,19-07-2022,Sneha,Brown,Sneha Brown,India,South,Furniture,Phones,1967,285,11,0.1
ORD04214,15-05-2022,20-05-2022,Rahul,Taylor,Rahul Taylor,UK,West,Technology,Phones,612,-171,3,0.1
ORD04215,14-03-2021,22-03-2021,Rahul,Smith,RahulSmith,UK,West,Furniture,Binders,708,-34,3,0.2
ORD04216,13-12-2022,21-12-2022,Rahul,Verma,RahulVerma,UK,West,Technology,Storage,1004,332,8,0.1
ORD04217,29-07-2021,06-08-2021,Emma,Sharma,Emma Sharma,UK,South,Technology,Binders,1429,182,11,0
ORD04218,31-10-2021,10-11-2021,Liam,Anderson,Liam Anderson,UK,East,Furniture,Chairs,413,99,15,0.2
ORD04219,04-09-2021,11-09-2021,John,Johnson,John Johnson,USA,West,Technology,Chairs,766,255,10,0
ORD04220,11-03-2021,13-03-2021,Priya,Verma,Priya Verma,UK,West,Office Supplies,Chairs,1793,230,3,0.1
ORD04221,24-12-2021,30-12-2021,John,Smith,John Smith,Australia,West,Office Supplies,Binders,1262,129,14,0.1
ORD04222,19-11-2022,29-11-2022,Noah,Brown,Noah Brown,India,North,Technology,Binders,1419,-198,4,0
ORD04223,10-02-2021,11-02-2021,Olivia,Johnson,Olivia Johnson,Australia,North,Technology,Phones,1145,92,1,0.1
ORD04224,10-04-2022,20-04-2022,John,Patel,John Patel,UK,South,Furniture,Phones,1764,-110,10,0.2
ORD04225,10-05-2022,14-05-2022,Liam,Taylor,Liam Taylor,USA,West,Furniture,Chairs,152,-30,8,0.1
ORD04226,17-03-2021,21-03-2021,Sneha,Verma,Sneha Verma,USA,West,Technology,Phones,1128,-189,10,0.1
ORD04227,12-04-2021,15-04-2021,Liam,Smith,Liam Smith,UK,South,Technology,Phones,1273,-95,11,0
ORD04228,18-02-2021,20-02-2021,Noah,Smith,Noah Smith,USA,West,Office Supplies,Storage,1888,-28,15,0.2
ORD04229,28-04-2022,06-05-2022,Liam,Smith,Liam Smith,India,South,Technology,Storage,1716,-427,6,0
ORD04230,30-06-2022,08-07-2022,Ava,Verma,Ava Verma,USA,South,Technology,Accessories,911,175,5,0
ORD04231,08-04-2021,11-04-2021,Priya,Taylor,Priya Taylor,Australia,North,Office Supplies,Phones,1019,-201,7,0
ORD04232,26-01-2022,28-01-2022,John,Brown,JohnBrown,Australia,East,OfficeSupplies,Accessories,771,120,12,0.2
ORD04233,18-02-2021,21-02-2021,John,Anderson,JohnAnderson,Australia,South,Technology,Storage,1476,509,13,0
ORD04234,04-04-2021,07-04-2021,Rahul,Brown,Rahul Brown,UK,East,Office Supplies,Accessories,1255,-260,9,0
ORD04235,08-01-2021,13-01-2021,Noah,Sharma,Noah Sharma,USA,East,Furniture,Binders,1076,113,6,0
ORD04236,30-03-2022,09-04-2022,Sneha,Brown,SnehaBrown,USA,East,Furniture,Binders,1123,-71,6,0.1
ORD04237,06-02-2021,12-02-2021,John,Verma,John Verma,Australia,West,Furniture,Binders,1587,93,9,0.1
ORD04238,01-04-2022,04-04-2022,Priya,Taylor,Priya Taylor,India,North,Technology,Tables,348,48,11,0.2
ORD04239,02-01-2022,03-01-2022,Priya,Brown,Priya Brown,Australia,North,Technology,Tables,1487,-176,14,0.1
ORD04240,11-10-2021,14-10-2021,Priya,Brown,Priya Brown,Canada,South,Technology,Storage,1816,-347,1,0
ORD04241,08-01-2021,11-01-2021,Noah,Sharma,Noah Sharma,UK,South,Technology,Chairs,680,204,12,0.2
ORD04242,08-01-2022,13-01-2022,John,Verma,John Verma,India,North,Office Supplies,Storage,433,3,6,0.1
ORD04243,31-10-2022,10-11-2022,Emma,Sharma,Emma Sharma,India,North,Office Supplies,Phones,1448,-90,13,0.1
ORD04244,21-05-2022,26-05-2022,Priya,Patel,Priya Patel,USA,East,Office Supplies,Tables,640,160,1,0.1
ORD04245,08-05-2021,14-05-2021,Olivia,Verma,Olivia Verma,Australia,East,Technology,Chairs,1718,-487,8,0.1
ORD04246,24-07-2021,30-07-2021,Amit,Johnson,Amit Johnson,Canada,South,Office Supplies,Accessories,1671,185,13,0.2
ORD04247,18-06-2022,19-06-2022,Amit,Verma,Amit Verma,USA,South,Furniture,Phones,1910,392,12,0.2
ORD04248,01-08-2021,11-08-2021,Ava,Taylor,Ava Taylor,India,West,Furniture,Storage,166,44,7,0.1
ORD04249,18-07-2021,24-07-2021,Rahul,Anderson,RahulAnderson,India,West,Technology,Storage,1679,-455,14,0.1
ORD04250,18-03-2021,22-03-2021,Amit,Johnson,Amit Johnson,Australia,South,Technology,Storage,1723,-214,15,0.1
ORD04251,04-05-2021,12-05-2021,Rahul,Sharma,Rahul Sharma,India,South,Technology,Binders,1913,117,6,0.1
ORD04252,18-02-2022,28-02-2022,Sneha,Johnson,Sneha Johnson,Canada,West,Furniture,Chairs,1276,-357,15,0
ORD04253,11-06-2021,21-06-2021,Liam,Taylor,Liam Taylor,USA,North,Technology,Accessories,460,-54,6,0.2
ORD04254,30-11-2022,10-12-2022,Ava,Brown,Ava Brown,UK,North,Technology,Storage,176,-36,8,0.1
ORD04255,24-12-2022,25-12-2022,Liam,Brown,Liam Brown,Canada,South,Technology,Tables,1549,278,4,0
ORD04256,07-04-2021,11-04-2021,Noah,Smith,Noah Smith,Australia,South,Office Supplies,Binders,843,166,9,0.1
ORD04257,08-03-2021,09-03-2021,Priya,Taylor,PriyaTaylor,Australia,South,Technology,Accessories,460,5,6,0.1
ORD04258,18-03-2021,21-03-2021,Ava,Sharma,Ava Sharma,India,East,Office Supplies,Accessories,1487,-192,11,0.1
ORD04259,29-06-2022,05-07-2022,John,Anderson,John Anderson,UK,South,Technology,Storage,1142,168,11,0.1
ORD04260,27-06-2021,03-07-2021,Ava,Johnson,Ava Johnson,Australia,North,Office Supplies,Binders,1903,-518,4,0.1
ORD04261,12-01-2022,20-01-2022,John,Brown,John Brown,UK,East,Technology,Binders,1430,491,14,0
ORD04262,17-05-2021,22-05-2021,John,Taylor,John Taylor,UK,East,Furniture,Tables,1092,274,6,0.1
ORD04263,31-03-2022,01-04-2022,Emma,Johnson,Emma Johnson,USA,North,Office Supplies,Accessories,1535,374,7,0.1
ORD04264,19-02-2021,20-02-2021,Amit,Johnson,Amit Johnson,Canada,East,Technology,Chairs,88,10,4,0.2
ORD04265,08-09-2021,13-09-2021,Sneha,Patel,Sneha Patel,India,South,Office Supplies,Tables,1496,-189,10,0.1
ORD04266,21-11-2021,26-11-2021,Olivia,Smith,OliviaSmith,India,South,OfficeSupplies,Storage,279,51,14,0
ORD04267,11-07-2021,17-07-2021,Priya,Sharma,PriyaSharma,India,North,OfficeSupplies,Binders,1653,284,2,0.1
ORD04268,03-05-2021,08-05-2021,Noah,Sharma,Noah Sharma,Canada,West,Furniture,Phones,683,204,15,0
ORD04269,23-03-2021,02-04-2021,Liam,Smith,Liam Smith,UK,South,Office Supplies,Phones,1320,-363,10,0
ORD04270,22-11-2022,01-12-2022,Sneha,Sharma,Sneha Sharma,India,North,Office Supplies,Binders,1972,-380,14,0.2
ORD04271,11-11-2021,13-11-2021,Liam,Anderson,Liam Anderson,USA,North,Furniture,Chairs,1778,-481,10,0
ORD04272,27-02-2022,06-03-2022,Noah,Brown,Noah Brown,Australia,South,Technology,Chairs,1344,318,14,0
ORD04273,05-05-2022,09-05-2022,John,Verma,John Verma,Australia,South,Furniture,Tables,922,165,6,0.2
ORD04274,19-12-2021,27-12-2021,Priya,Verma,Priya Verma,Canada,South,Office Supplies,Chairs,609,-99,9,0
ORD04275,27-06-2022,02-07-2022,Olivia,Taylor,Olivia Taylor,USA,West,Office Supplies,Chairs,1487,-250,2,0
ORD04276,23-06-2022,27-06-2022,Amit,Smith,AmitSmith,USA,South,OfficeSupplies,Chairs,62,-4,4,0
ORD04277,13-11-2022,20-11-2022,Emma,Verma,Emma Verma,India,West,Office Supplies,Chairs,950,160,4,0.2
ORD04278,10-11-2021,12-11-2021,Emma,Anderson,Emma Anderson,Australia,South,Technology,Accessories,130,23,4,0.2
ORD04279,19-07-2021,26-07-2021,Priya,Sharma,Priya Sharma,UK,South,Office Supplies,Accessories,780,-119,9,0.2
ORD04280,22-02-2021,01-03-2021,Emma,Patel,Emma Patel,USA,East,Furniture,Binders,98,19,2,0.1
ORD04281,10-03-2022,20-03-2022,Liam,Patel,Liam Patel,Australia,North,Office Supplies,Phones,803,-2,7,0
ORD04282,11-06-2022,15-06-2022,John,Taylor,John Taylor,USA,North,Technology,Phones,1186,104,10,0
ORD04283,27-01-2022,06-02-2022,John,Patel,JohnPatel,USA,East,OfficeSupplies,Chairs,1404,209,7,0.2
ORD04284,08-12-2021,17-12-2021,Amit,Taylor,AmitTaylor,USA,West,Technology,Accessories,179,-6,1,0
ORD04285,17-09-2021,22-09-2021,Amit,Smith,Amit Smith,Australia,East,Furniture,Storage,76,13,4,0.2
ORD04286,20-08-2022,28-08-2022,Ava,Johnson,Ava Johnson,USA,South,Furniture,Storage,499,110,12,0.2
ORD04287,03-02-2022,05-02-2022,Emma,Anderson,EmmaAnderson,USA,West,Furniture,Phones,1117,-44,9,0.2
ORD04288,27-05-2022,03-06-2022,Liam,Smith,LiamSmith,USA,West,Technology,Tables,1733,-460,1,0.1
ORD04289,25-12-2022,28-12-2022,Sneha,Verma,Sneha Verma,Australia,South,Office Supplies,Chairs,579,125,5,0
ORD04290,16-07-2022,22-07-2022,Priya,Smith,Priya Smith,Canada,East,Office Supplies,Storage,1577,519,9,0
ORD04291,26-02-2021,27-02-2021,Liam,Smith,Liam Smith,India,West,Technology,Storage,112,17,11,0
ORD04292,31-07-2021,02-08-2021,Olivia,Patel,Olivia Patel,USA,South,Office Supplies,Phones,722,154,1,0.1
ORD04293,12-06-2022,13-06-2022,Rahul,Taylor,Rahul Taylor,USA,East,Office Supplies,Storage,1537,-275,13,0
ORD04294,26-01-2021,27-01-2021,Amit,Brown,Amit Brown,Canada,North,Office Supplies,Storage,1513,-227,6,0
ORD04295,15-09-2021,16-09-2021,Ava,Johnson,AvaJohnson,Canada,North,Furniture,Binders,1665,-111,13,0.1
ORD04296,20-05-2021,22-05-2021,Emma,Johnson,Emma Johnson,UK,West,Technology,Phones,1944,-347,6,0.1
ORD04297,07-06-2021,11-06-2021,Olivia,Taylor,OliviaTaylor,UK,South,Furniture,Phones,270,-15,12,0.2
ORD04298,17-01-2022,24-01-2022,Rahul,Anderson,Rahul Anderson,UK,South,Technology,Tables,1506,-187,10,0
ORD04299,01-07-2022,07-07-2022,Sneha,Anderson,Sneha Anderson,UK,West,Technology,Chairs,1715,580,3,0.1
ORD04300,11-01-2022,19-01-2022,Rahul,Sharma,Rahul Sharma,Canada,South,Furniture,Chairs,89,31,5,0.2
ORD04301,05-12-2022,07-12-2022,Priya,Verma,Priya Verma,India,North,Office Supplies,Chairs,922,119,5,0
ORD04302,17-04-2021,26-04-2021,John,Johnson,John Johnson,Australia,West,Furniture,Chairs,892,-53,8,0.1
ORD04303,09-08-2021,14-08-2021,Amit,Anderson,Amit Anderson,UK,West,Furniture,Tables,1990,-344,8,0.2
ORD04304,12-08-2021,15-08-2021,Sneha,Verma,Sneha Verma,USA,West,Office Supplies,Storage,613,-108,7,0.1
ORD04305,05-01-2021,13-01-2021,John,Anderson,John Anderson,Australia,East,Office Supplies,Accessories,1143,83,5,0.1
ORD04306,19-07-2022,27-07-2022,Priya,Johnson,PriyaJohnson,Australia,East,OfficeSupplies,Phones,1562,68,2,0
ORD04307,17-03-2022,24-03-2022,Noah,Verma,Noah Verma,UK,North,Technology,Phones,1779,43,3,0.2
ORD04308,01-01-2023,06-01-2023,John,Taylor,JohnTaylor,UK,North,Technology,Tables,701,182,3,0.1
ORD04309,24-05-2021,25-05-2021,Olivia,Anderson,Olivia Anderson,UK,East,Furniture,Tables,175,-5,11,0
ORD04310,31-01-2021,06-02-2021,Ava,Patel,AvaPatel,UK,South,Furniture,Tables,1635,318,15,0.1
ORD04311,03-07-2021,06-07-2021,Sneha,Anderson,Sneha Anderson,Australia,South,Technology,Binders,1095,-36,12,0.1
ORD04312,24-12-2021,29-12-2021,Liam,Verma,Liam Verma,UK,South,Technology,Tables,951,280,8,0
ORD04313,25-09-2022,29-09-2022,Rahul,Johnson,Rahul Johnson,Canada,South,Technology,Phones,272,-1,15,0.1
ORD04314,06-11-2021,09-11-2021,Priya,Sharma,Priya Sharma,India,East,Furniture,Phones,1671,-274,9,0
ORD04315,21-12-2021,26-12-2021,John,Johnson,John Johnson,USA,North,Furniture,Accessories,1374,351,1,0.1
ORD04316,21-11-2022,22-11-2022,Noah,Smith,Noah Smith,India,East,Technology,Storage,543,130,1,0.1
ORD04317,23-02-2021,26-02-2021,John,Patel,John Patel,USA,East,Office Supplies,Binders,640,211,2,0.1
ORD04318,05-02-2022,08-02-2022,John,Verma,John Verma,UK,East,Technology,Storage,1379,-192,3,0
ORD04319,17-10-2022,18-10-2022,Liam,Taylor,Liam Taylor,Australia,West,Furniture,Binders,1123,-94,9,0
ORD04320,01-05-2021,02-05-2021,Amit,Verma,Amit Verma,UK,North,Technology,Accessories,1076,-300,11,0
ORD04321,04-10-2021,12-10-2021,John,Sharma,John Sharma,Canada,South,Furniture,Tables,1740,499,8,0.1
ORD04322,30-06-2021,09-07-2021,Noah,Patel,Noah Patel,India,South,Technology,Binders,535,-122,3,0
ORD04323,21-07-2022,24-07-2022,Ava,Taylor,Ava Taylor,India,North,Furniture,Storage,915,-128,6,0.1
ORD04324,17-07-2021,22-07-2021,Priya,Taylor,Priya Taylor,USA,North,Furniture,Phones,1056,216,7,0.2
ORD04325,02-11-2021,06-11-2021,Ava,Brown,Ava Brown,Canada,West,Office Supplies,Chairs,153,-37,13,0.1
ORD04326,13-04-2022,16-04-2022,Amit,Brown,AmitBrown,Canada,West,Furniture,Storage,1385,-87,14,0
ORD04327,09-11-2021,16-11-2021,Emma,Brown,EmmaBrown,Canada,North,Technology,Binders,637,-104,15,0.1
ORD04328,05-04-2021,12-04-2021,Sneha,Brown,SnehaBrown,Canada,North,Furniture,Phones,558,-41,7,0
ORD04329,04-10-2022,11-10-2022,Amit,Patel,Amit Patel,UK,East,Technology,Storage,1784,327,3,0
ORD04330,27-01-2021,28-01-2021,John,Patel,JohnPatel,UK,South,Furniture,Accessories,1471,-400,8,0.2
ORD04331,15-02-2021,19-02-2021,Olivia,Smith,Olivia Smith,India,South,Technology,Tables,109,-14,11,0
ORD04332,29-05-2021,02-06-2021,Emma,Taylor,Emma Taylor,UK,West,Technology,Phones,1564,389,15,0
ORD04333,04-12-2021,06-12-2021,Emma,Patel,Emma Patel,Australia,West,Technology,Accessories,1603,102,9,0.1
ORD04334,12-01-2021,18-01-2021,Liam,Johnson,Liam Johnson,Australia,West,Technology,Phones,772,-112,15,0.1
ORD04335,29-03-2022,08-04-2022,Rahul,Verma,Rahul Verma,UK,South,Furniture,Tables,779,245,15,0.2
ORD04336,31-12-2022,05-01-2023,Ava,Taylor,Ava Taylor,USA,South,Office Supplies,Tables,1559,27,2,0.1
ORD04337,07-05-2022,11-05-2022,Emma,Sharma,Emma Sharma,Canada,West,Technology,Tables,411,50,2,0
ORD04338,02-05-2021,06-05-2021,Olivia,Anderson,OliviaAnderson,Canada,East,Furniture,Storage,748,117,8,0
ORD04339,10-08-2022,12-08-2022,Liam,Patel,Liam Patel,Canada,East,Furniture,Tables,1444,244,1,0.2
ORD04340,22-02-2022,03-03-2022,Rahul,Anderson,RahulAnderson,Canada,East,OfficeSupplies,Binders,1203,344,1,0
ORD04341,14-10-2021,15-10-2021,Emma,Verma,Emma Verma,India,West,Office Supplies,Binders,724,186,15,0.1
ORD04342,29-08-2022,06-09-2022,Liam,Anderson,Liam Anderson,Australia,West,Office Supplies,Accessories,238,69,7,0
ORD04343,05-11-2022,07-11-2022,Noah,Anderson,Noah Anderson,Canada,West,Technology,Phones,1950,450,5,0.1
ORD04344,18-09-2022,25-09-2022,Amit,Anderson,Amit Anderson,Canada,West,Furniture,Phones,1479,-309,2,0.1
ORD04345,20-10-2022,24-10-2022,Liam,Johnson,Liam Johnson,India,East,Furniture,Phones,930,236,13,0
ORD04346,19-01-2022,28-01-2022,Sneha,Sharma,Sneha Sharma,UK,North,Office Supplies,Storage,486,134,15,0.2
ORD04347,22-09-2021,01-10-2021,Amit,Taylor,Amit Taylor,India,East,Office Supplies,Chairs,130,30,12,0.1
ORD04348,18-01-2021,28-01-2021,Ava,Patel,Ava Patel,USA,South,Furniture,Chairs,519,-47,1,0.2
ORD04349,03-12-2022,04-12-2022,Rahul,Brown,Rahul Brown,India,West,Technology,Tables,376,-41,6,0
ORD04350,26-12-2021,01-01-2022,Ava,Brown,Ava Brown,Canada,West,Office Supplies,Tables,1310,221,12,0
ORD04351,24-12-2021,01-01-2022,John,Patel,John Patel,India,West,Office Supplies,Tables,1648,226,13,0.2
ORD04352,05-02-2021,06-02-2021,John,Brown,John Brown,Canada,South,Office Supplies,Phones,1769,-89,1,0
ORD04353,25-08-2022,01-09-2022,Amit,Brown,AmitBrown,Canada,West,OfficeSupplies,Accessories,1136,-143,11,0
ORD04354,12-12-2021,22-12-2021,Rahul,Sharma,Rahul Sharma,UK,North,Technology,Storage,907,27,11,0
ORD04355,26-08-2021,02-09-2021,Rahul,Sharma,Rahul Sharma,Australia,North,Office Supplies,Phones,1841,364,11,0.1
ORD04356,05-04-2022,12-04-2022,Rahul,Brown,Rahul Brown,Canada,North,Technology,Phones,838,68,15,0
ORD04357,06-11-2022,13-11-2022,Priya,Johnson,Priya Johnson,India,North,Office Supplies,Phones,1071,214,6,0.1
ORD04358,18-03-2022,22-03-2022,Noah,Taylor,Noah Taylor,USA,East,Furniture,Binders,1599,8,6,0
ORD04359,10-11-2022,19-11-2022,Noah,Verma,Noah Verma,Australia,East,Furniture,Binders,69,7,7,0.1
ORD04360,26-04-2021,05-05-2021,John,Patel,John Patel,Canada,North,Office Supplies,Storage,1765,-151,9,0.1
ORD04361,15-10-2022,18-10-2022,Ava,Brown,AvaBrown,Canada,East,Furniture,Binders,1017,-134,9,0.2
ORD04362,21-03-2021,24-03-2021,Liam,Patel,Liam Patel,UK,East,Office Supplies,Accessories,310,-73,12,0.1
ORD04363,26-11-2022,27-11-2022,John,Johnson,John Johnson,Australia,East,Office Supplies,Binders,586,-127,2,0.1
ORD04364,01-03-2021,11-03-2021,Liam,Patel,Liam Patel,Canada,East,Technology,Phones,499,113,6,0.1
ORD04365,14-04-2021,15-04-2021,Priya,Sharma,PriyaSharma,Canada,North,Furniture,Phones,89,9,13,0.1
ORD04366,26-01-2022,01-02-2022,Olivia,Patel,Olivia Patel,UK,South,Furniture,Binders,1205,-22,2,0.1
ORD04367,28-03-2021,05-04-2021,Noah,Smith,Noah Smith,Australia,South,Furniture,Tables,95,7,6,0.1
ORD04368,05-07-2021,06-07-2021,Rahul,Patel,Rahul Patel,UK,East,Office Supplies,Tables,1230,-46,4,0
ORD04369,21-05-2022,28-05-2022,John,Brown,John Brown,Canada,South,Office Supplies,Tables,1127,224,4,0.1
ORD04370,24-10-2022,27-10-2022,Liam,Verma,Liam Verma,India,North,Furniture,Tables,1163,19,1,0.1
ORD04371,06-02-2022,14-02-2022,Olivia,Brown,OliviaBrown,India,South,Technology,Binders,1401,356,8,0.2
ORD04372,07-03-2021,13-03-2021,Liam,Taylor,Liam Taylor,India,North,Technology,Chairs,1975,213,1,0.1
ORD04373,25-06-2021,01-07-2021,Emma,Smith,Emma Smith,Australia,South,Technology,Accessories,513,-71,15,0
ORD04374,17-02-2021,21-02-2021,Rahul,Taylor,Rahul Taylor,Australia,East,Office Supplies,Accessories,1050,91,7,0.2
ORD04375,06-07-2021,09-07-2021,Rahul,Verma,Rahul Verma,Australia,South,Office Supplies,Tables,266,70,1,0.2
ORD04376,20-10-2021,21-10-2021,John,Sharma,John Sharma,Canada,South,Furniture,Binders,1750,-136,7,0.2
ORD04377,19-01-2021,22-01-2021,Liam,Brown,Liam Brown,India,North,Furniture,Accessories,128,-23,13,0.1
ORD04378,12-02-2022,22-02-2022,Liam,Sharma,Liam Sharma,UK,North,Office Supplies,Tables,92,5,6,0.1
ORD04379,14-10-2021,22-10-2021,Amit,Smith,Amit Smith,Australia,East,Technology,Binders,717,-100,15,0
ORD04380,01-06-2022,06-06-2022,Noah,Smith,NoahSmith,Australia,East,OfficeSupplies,Binders,1563,465,14,0.2
ORD04381,04-11-2021,14-11-2021,Noah,Verma,Noah Verma,USA,East,Furniture,Tables,169,-23,2,0.1
ORD04382,18-10-2022,19-10-2022,Noah,Johnson,Noah Johnson,India,East,Furniture,Binders,718,100,9,0
ORD04383,31-12-2022,09-01-2023,Ava,Smith,Ava Smith,Canada,West,Furniture,Accessories,959,99,14,0
ORD04384,01-06-2022,02-06-2022,Liam,Anderson,Liam Anderson,USA,East,Furniture,Accessories,1580,-118,14,0
ORD04385,13-06-2021,20-06-2021,Priya,Johnson,PriyaJohnson,USA,South,OfficeSupplies,Binders,1130,-200,2,0
ORD04386,02-03-2022,05-03-2022,Emma,Anderson,Emma Anderson,Canada,West,Technology,Binders,1842,-461,9,0.1
ORD04387,31-12-2022,05-01-2023,Amit,Smith,Amit Smith,India,South,Office Supplies,Binders,638,20,9,0
ORD04388,30-12-2022,08-01-2023,Ava,Johnson,Ava Johnson,USA,North,Office Supplies,Storage,1823,578,13,0.2
ORD04389,02-10-2021,06-10-2021,John,Anderson,John Anderson,Australia,North,Technology,Binders,23,6,15,0
ORD04390,15-01-2022,20-01-2022,Ava,Anderson,Ava Anderson,Australia,North,Office Supplies,Phones,1317,-68,12,0
ORD04391,12-08-2022,15-08-2022,Noah,Sharma,Noah Sharma,India,North,Office Supplies,Tables,937,201,11,0
ORD04392,31-01-2022,07-02-2022,John,Verma,John Verma,Canada,North,Office Supplies,Binders,1201,156,6,0.1
ORD04393,13-06-2021,18-06-2021,Amit,Johnson,AmitJohnson,Canada,South,Technology,Tables,739,-204,12,0.1
ORD04394,20-03-2021,30-03-2021,Priya,Sharma,Priya Sharma,Australia,North,Furniture,Binders,976,-13,8,0
ORD04395,28-03-2021,29-03-2021,Amit,Smith,Amit Smith,Australia,North,Technology,Storage,1075,0,2,0.2
ORD04396,24-02-2022,04-03-2022,Amit,Johnson,Amit Johnson,Canada,East,Technology,Accessories,1904,132,4,0.1
ORD04397,25-02-2021,03-03-2021,Noah,Patel,NoahPatel,Canada,East,OfficeSupplies,Accessories,1899,89,7,0.2
ORD04398,09-11-2021,12-11-2021,Rahul,Sharma,Rahul Sharma,Australia,South,Furniture,Tables,1763,111,15,0
ORD04399,07-07-2021,08-07-2021,Amit,Johnson,Amit Johnson,Australia,South,Technology,Tables,1972,-173,9,0.1
ORD04400,10-10-2021,12-10-2021,Amit,Patel,AmitPatel,Australia,South,Technology,Accessories,1692,-433,12,0
ORD04401,27-02-2022,03-03-2022,Olivia,Brown,Olivia Brown,India,North,Office Supplies,Chairs,1191,-352,5,0
ORD04402,13-04-2021,19-04-2021,Emma,Smith,EmmaSmith,India,North,OfficeSupplies,Phones,1744,-208,15,0.1
ORD04403,08-06-2022,12-06-2022,Olivia,Anderson,Olivia Anderson,USA,West,Furniture,Chairs,1381,222,6,0.2
ORD04404,06-07-2021,10-07-2021,Olivia,Anderson,OliviaAnderson,USA,West,Furniture,Storage,1945,411,2,0
ORD04405,15-11-2022,22-11-2022,Sneha,Brown,Sneha Brown,India,North,Office Supplies,Storage,1333,-150,10,0.1
ORD04406,28-03-2021,06-04-2021,Priya,Anderson,Priya Anderson,India,East,Technology,Chairs,495,-2,9,0.2
ORD04407,01-01-2021,05-01-2021,Liam,Anderson,Liam Anderson,Australia,West,Office Supplies,Storage,301,78,3,0
ORD04408,25-12-2022,27-12-2022,Ava,Brown,Ava Brown,Australia,North,Technology,Binders,1567,435,10,0
ORD04409,17-07-2022,25-07-2022,Liam,Patel,Liam Patel,India,South,Furniture,Chairs,1061,328,12,0.1
ORD04410,02-09-2021,06-09-2021,Sneha,Anderson,Sneha Anderson,India,South,Office Supplies,Accessories,711,-98,6,0.2
ORD04411,15-07-2022,24-07-2022,Rahul,Taylor,Rahul Taylor,Canada,West,Technology,Tables,547,-100,14,0.2
ORD04412,31-08-2022,09-09-2022,Liam,Smith,Liam Smith,Canada,North,Office Supplies,Chairs,434,81,15,0
ORD04413,06-11-2022,12-11-2022,Sneha,Patel,Sneha Patel,India,East,Furniture,Storage,901,185,12,0
ORD04414,01-03-2021,10-03-2021,Liam,Taylor,Liam Taylor,UK,East,Technology,Storage,53,-15,2,0.1
ORD04415,12-03-2021,20-03-2021,Sneha,Brown,Sneha Brown,UK,North,Office Supplies,Binders,834,148,5,0.2
ORD04416,05-09-2021,10-09-2021,Priya,Sharma,PriyaSharma,UK,North,Technology,Tables,1978,617,6,0
ORD04417,20-07-2021,24-07-2021,Emma,Sharma,EmmaSharma,UK,West,Technology,Accessories,751,-221,11,0.2
ORD04418,26-01-2021,30-01-2021,Sneha,Patel,Sneha Patel,Australia,West,Office Supplies,Binders,1597,-208,3,0.1
ORD04419,04-11-2022,13-11-2022,Rahul,Anderson,Rahul Anderson,USA,South,Technology,Chairs,1211,15,7,0.1
ORD04420,13-08-2021,18-08-2021,Noah,Brown,Noah Brown,USA,West,Technology,Chairs,213,32,11,0.1
ORD04421,06-11-2022,12-11-2022,Liam,Sharma,LiamSharma,USA,West,Furniture,Storage,1682,-129,1,0.2
ORD04422,11-11-2021,13-11-2021,Liam,Anderson,Liam Anderson,UK,West,Office Supplies,Storage,1829,-1,6,0
ORD04423,07-01-2021,16-01-2021,Emma,Sharma,Emma Sharma,India,West,Office Supplies,Binders,769,-120,9,0.1
ORD04424,08-04-2021,11-04-2021,Liam,Brown,Liam Brown,India,South,Technology,Tables,213,3,9,0.1
ORD04425,29-04-2021,04-05-2021,Amit,Verma,Amit Verma,Australia,South,Furniture,Accessories,574,58,3,0.2
ORD04426,26-07-2022,31-07-2022,Amit,Patel,AmitPatel,Australia,West,Furniture,Accessories,1593,317,3,0
ORD04427,19-04-2022,20-04-2022,Rahul,Smith,Rahul Smith,Australia,East,Technology,Phones,526,82,3,0.1
ORD04428,30-07-2022,07-08-2022,Noah,Sharma,Noah Sharma,Australia,East,Furniture,Chairs,1585,545,15,0
ORD04429,24-08-2021,30-08-2021,John,Smith,John Smith,Australia,North,Office Supplies,Storage,1904,158,12,0
ORD04430,01-04-2022,11-04-2022,Noah,Patel,NoahPatel,Australia,East,OfficeSupplies,Phones,749,24,11,0.1
ORD04431,15-09-2022,21-09-2022,Liam,Taylor,Liam Taylor,Australia,East,Technology,Accessories,500,-129,12,0.1
ORD04432,26-04-2021,27-04-2021,Olivia,Taylor,Olivia Taylor,Australia,North,Office Supplies,Chairs,598,5,4,0.2
ORD04433,23-04-2021,25-04-2021,Sneha,Smith,Sneha Smith,Australia,West,Furniture,Chairs,1197,-269,12,0
ORD04434,27-11-2021,28-11-2021,Emma,Verma,Emma Verma,USA,West,Furniture,Chairs,284,54,6,0.1
ORD04435,22-05-2021,01-06-2021,Priya,Sharma,Priya Sharma,Australia,West,Office Supplies,Accessories,1840,398,15,0.2
ORD04436,02-10-2021,11-10-2021,Olivia,Sharma,Olivia Sharma,Canada,South,Office Supplies,Accessories,658,41,2,0.2
ORD04437,11-02-2021,12-02-2021,Amit,Patel,Amit Patel,Australia,East,Technology,Accessories,659,132,4,0
ORD04438,20-09-2022,23-09-2022,Sneha,Patel,Sneha Patel,UK,East,Furniture,Tables,1325,305,6,0
ORD04439,18-01-2022,28-01-2022,Emma,Smith,Emma Smith,Australia,East,Furniture,Storage,594,13,2,0.1
ORD04440,28-11-2022,02-12-2022,Liam,Smith,Liam Smith,Australia,West,Technology,Storage,468,163,4,0
ORD04441,16-01-2021,19-01-2021,Liam,Sharma,Liam Sharma,India,East,Office Supplies,Phones,1454,413,9,0
ORD04442,30-07-2022,02-08-2022,Rahul,Johnson,RahulJohnson,India,East,Technology,Accessories,1467,397,8,0
ORD04443,20-12-2022,27-12-2022,Sneha,Patel,Sneha Patel,India,West,Furniture,Chairs,389,116,9,0
ORD04444,17-06-2021,18-06-2021,Olivia,Anderson,OliviaAnderson,India,North,Furniture,Storage,258,76,2,0.1
ORD04445,13-04-2022,15-04-2022,Emma,Anderson,Emma Anderson,India,South,Technology,Phones,809,-195,2,0.1
ORD04446,04-05-2022,14-05-2022,Amit,Smith,Amit Smith,USA,North,Technology,Accessories,1810,-505,13,0.2
ORD04447,18-07-2021,20-07-2021,Sneha,Patel,Sneha Patel,Canada,North,Office Supplies,Chairs,826,275,13,0
ORD04448,06-10-2022,08-10-2022,Noah,Patel,NoahPatel,Canada,North,OfficeSupplies,Accessories,382,30,5,0
ORD04449,04-04-2021,13-04-2021,John,Johnson,JohnJohnson,Canada,North,Technology,Phones,1306,-194,7,0.1
ORD04450,31-10-2022,08-11-2022,Emma,Patel,Emma Patel,USA,North,Technology,Chairs,1345,95,13,0.1
ORD04451,16-05-2022,25-05-2022,Sneha,Anderson,Sneha Anderson,Canada,South,Furniture,Tables,951,57,8,0.2
ORD04452,29-12-2021,08-01-2022,Sneha,Anderson,Sneha Anderson,USA,South,Technology,Phones,1606,257,14,0.2
ORD04453,29-07-2021,01-08-2021,Rahul,Johnson,Rahul Johnson,Canada,East,Office Supplies,Phones,1428,159,8,0
ORD04454,12-12-2021,15-12-2021,Emma,Smith,Emma Smith,Australia,West,Furniture,Accessories,1179,314,6,0
ORD04455,09-11-2021,11-11-2021,Olivia,Johnson,OliviaJohnson,Australia,South,OfficeSupplies,Tables,911,-118,13,0.1
ORD04456,23-07-2021,28-07-2021,Amit,Taylor,Amit Taylor,USA,North,Furniture,Tables,1274,-330,7,0
ORD04457,12-12-2021,21-12-2021,Ava,Anderson,Ava Anderson,Canada,East,Technology,Accessories,1912,129,1,0.1
ORD04458,24-01-2021,30-01-2021,John,Sharma,John Sharma,Canada,East,Furniture,Tables,1350,-337,3,0.1
ORD04459,28-10-2021,03-11-2021,Amit,Brown,Amit Brown,Canada,West,Office Supplies,Phones,229,54,8,0
ORD04460,23-11-2021,01-12-2021,Rahul,Verma,Rahul Verma,India,North,Technology,Binders,1300,41,14,0
ORD04461,28-03-2021,31-03-2021,Priya,Patel,Priya Patel,Australia,North,Furniture,Binders,385,-51,2,0.1
ORD04462,01-11-2022,06-11-2022,Rahul,Anderson,Rahul Anderson,UK,South,Technology,Tables,1419,-80,6,0
ORD04463,07-01-2021,09-01-2021,Ava,Verma,Ava Verma,Australia,North,Technology,Tables,519,-62,9,0.1
ORD04464,21-07-2022,22-07-2022,Olivia,Brown,Olivia Brown,Canada,South,Furniture,Chairs,1737,561,12,0
ORD04465,10-11-2022,12-11-2022,Sneha,Sharma,Sneha Sharma,UK,South,Technology,Phones,1700,-267,11,0
ORD04466,23-04-2022,01-05-2022,Ava,Johnson,AvaJohnson,UK,South,OfficeSupplies,Phones,1762,272,3,0
ORD04467,20-09-2021,23-09-2021,Liam,Anderson,Liam Anderson,Canada,North,Technology,Binders,1506,505,14,0.1
ORD04468,02-03-2021,10-03-2021,Emma,Johnson,Emma Johnson,UK,West,Furniture,Accessories,500,-115,12,0.1
ORD04469,08-04-2022,18-04-2022,Sneha,Smith,Sneha Smith,USA,North,Office Supplies,Phones,1854,97,11,0.2
ORD04470,25-05-2022,29-05-2022,John,Patel,John Patel,UK,West,Office Supplies,Phones,1949,114,7,0.2
ORD04471,16-06-2022,17-06-2022,Ava,Smith,Ava Smith,India,West,Office Supplies,Accessories,701,25,5,0.1
ORD04472,14-03-2021,23-03-2021,Ava,Sharma,Ava Sharma,UK,South,Furniture,Storage,953,190,14,0
ORD04473,23-03-2021,01-04-2021,Ava,Johnson,Ava Johnson,India,West,Office Supplies,Chairs,871,-79,5,0.1
ORD04474,02-03-2021,07-03-2021,Liam,Anderson,Liam Anderson,UK,West,Office Supplies,Phones,1695,46,5,0.1
ORD04475,11-07-2022,20-07-2022,Priya,Patel,Priya Patel,USA,East,Technology,Phones,1126,191,6,0.1
ORD04476,07-06-2022,14-06-2022,Sneha,Verma,Sneha Verma,Australia,South,Furniture,Phones,1297,-141,13,0.1
ORD04477,08-02-2022,18-02-2022,Sneha,Anderson,Sneha Anderson,UK,South,Furniture,Chairs,1582,187,8,0
ORD04478,09-04-2022,11-04-2022,John,Anderson,JohnAnderson,UK,South,Furniture,Binders,393,-38,9,0.1
ORD04479,13-02-2022,14-02-2022,Noah,Verma,Noah Verma,Australia,South,Furniture,Chairs,1839,373,7,0.2
ORD04480,13-12-2022,18-12-2022,Olivia,Brown,Olivia Brown,India,South,Technology,Chairs,1115,69,13,0.2
ORD04481,09-05-2022,16-05-2022,Noah,Anderson,Noah Anderson,UK,South,Technology,Storage,829,-171,2,0.2
ORD04482,30-08-2021,01-09-2021,Noah,Patel,Noah Patel,UK,South,Technology,Tables,1988,421,15,0.2
ORD04483,23-03-2021,27-03-2021,Sneha,Patel,Sneha Patel,Canada,North,Office Supplies,Tables,1752,378,12,0
ORD04484,04-08-2022,11-08-2022,Olivia,Taylor,Olivia Taylor,USA,North,Technology,Binders,1941,572,12,0.1
ORD04485,12-02-2022,13-02-2022,Olivia,Sharma,OliviaSharma,USA,East,Technology,Phones,1905,-258,14,0
ORD04486,17-08-2021,21-08-2021,Amit,Patel,Amit Patel,Australia,East,Office Supplies,Binders,1021,200,3,0.1
ORD04487,01-12-2022,07-12-2022,Sneha,Johnson,Sneha Johnson,India,North,Furniture,Chairs,1651,410,9,0
ORD04488,13-04-2022,21-04-2022,Ava,Johnson,AvaJohnson,India,North,Furniture,Binders,1718,454,1,0.1
ORD04489,05-10-2022,10-10-2022,Liam,Patel,Liam Patel,Australia,West,Office Supplies,Binders,1092,348,12,0.2
ORD04490,07-06-2021,08-06-2021,Amit,Johnson,Amit Johnson,Canada,West,Technology,Phones,73,5,5,0
ORD04491,10-12-2021,20-12-2021,Ava,Smith,Ava Smith,India,West,Technology,Tables,1472,119,6,0
ORD04492,05-05-2022,09-05-2022,Emma,Verma,Emma Verma,USA,North,Furniture,Chairs,1831,-342,4,0.1
ORD04493,23-11-2021,28-11-2021,Emma,Patel,Emma Patel,Australia,West,Technology,Binders,1786,-285,13,0.1
ORD04494,10-08-2022,17-08-2022,Rahul,Brown,Rahul Brown,UK,West,Technology,Storage,29,9,4,0.2
ORD04495,06-11-2022,13-11-2022,Rahul,Brown,Rahul Brown,UK,West,Technology,Phones,875,17,13,0
ORD04496,01-09-2022,03-09-2022,Liam,Johnson,Liam Johnson,USA,East,Office Supplies,Chairs,1113,179,9,0
ORD04497,05-04-2022,07-04-2022,John,Sharma,John Sharma,Canada,East,Technology,Phones,477,-62,10,0.1
ORD04498,27-10-2022,01-11-2022,Noah,Brown,Noah Brown,Australia,North,Technology,Tables,381,-18,13,0
ORD04499,16-06-2022,25-06-2022,Sneha,Johnson,SnehaJohnson,Australia,North,Furniture,Chairs,1422,-11,13,0.1
ORD04500,10-04-2022,19-04-2022,Ava,Anderson,Ava Anderson,India,East,Technology,Chairs,898,-48,7,0.1
ORD04501,11-11-2021,14-11-2021,Olivia,Anderson,Olivia Anderson,UK,North,Furniture,Binders,1991,-459,13,0.2
ORD04502,19-08-2021,28-08-2021,Priya,Verma,Priya Verma,USA,North,Technology,Chairs,1349,160,15,0.1
ORD04503,30-04-2022,01-05-2022,Ava,Anderson,Ava Anderson,UK,North,Furniture,Binders,32,11,15,0
ORD04504,16-02-2021,20-02-2021,Emma,Anderson,Emma Anderson,UK,East,Furniture,Tables,1746,-67,8,0.1
ORD04505,25-08-2022,31-08-2022,Rahul,Brown,Rahul Brown,Australia,East,Technology,Tables,1308,-289,9,0.2
ORD04506,30-10-2022,04-11-2022,Priya,Smith,Priya Smith,USA,West,Technology,Binders,1020,68,13,0
ORD04507,06-01-2021,12-01-2021,Priya,Patel,Priya Patel,Australia,West,Technology,Binders,110,-22,5,0
ORD04508,31-05-2022,01-06-2022,John,Taylor,John Taylor,Australia,West,Technology,Chairs,849,-227,6,0.1
ORD04509,21-01-2022,30-01-2022,Noah,Taylor,Noah Taylor,USA,West,Furniture,Chairs,749,-191,4,0
ORD04510,23-05-2022,28-05-2022,Sneha,Verma,Sneha Verma,Australia,South,Furniture,Phones,593,-54,1,0
ORD04511,12-10-2021,21-10-2021,John,Sharma,John Sharma,India,South,Furniture,Storage,775,-196,7,0.1
ORD04512,22-05-2021,01-06-2021,Amit,Anderson,Amit Anderson,India,West,Office Supplies,Binders,1729,-338,8,0
ORD04513,15-09-2021,22-09-2021,Priya,Smith,Priya Smith,USA,West,Technology,Accessories,1375,383,7,0
ORD04514,17-03-2021,20-03-2021,Liam,Patel,Liam Patel,India,West,Technology,Chairs,991,169,7,0
ORD04515,25-06-2021,05-07-2021,Amit,Taylor,Amit Taylor,Canada,South,Office Supplies,Storage,1511,-341,14,0.1
ORD04516,12-10-2021,17-10-2021,Ava,Verma,Ava Verma,Australia,East,Furniture,Storage,186,23,14,0
ORD04517,08-11-2022,12-11-2022,Noah,Brown,Noah Brown,Canada,North,Office Supplies,Storage,1599,134,5,0
ORD04518,07-02-2022,10-02-2022,Amit,Sharma,Amit Sharma,India,South,Office Supplies,Storage,1362,160,14,0.1
ORD04519,10-03-2021,18-03-2021,Rahul,Verma,Rahul Verma,India,South,Technology,Binders,139,-39,13,0.1
ORD04520,08-07-2022,13-07-2022,Amit,Johnson,Amit Johnson,USA,West,Technology,Phones,1802,-229,6,0.1
ORD04521,01-05-2021,08-05-2021,John,Anderson,JohnAnderson,USA,West,Technology,Tables,1763,-195,6,0.1
ORD04522,11-06-2021,19-06-2021,Priya,Johnson,PriyaJohnson,USA,North,Technology,Phones,1926,70,14,0.1
ORD04523,26-02-2022,08-03-2022,Rahul,Smith,Rahul Smith,USA,West,Technology,Phones,1898,605,5,0
ORD04524,26-04-2021,01-05-2021,Emma,Johnson,Emma Johnson,Canada,West,Furniture,Tables,1880,-505,4,0.2
ORD04525,24-02-2022,25-02-2022,Priya,Smith,Priya Smith,India,South,Office Supplies,Chairs,691,-104,15,0.1
ORD04526,01-09-2021,08-09-2021,Ava,Johnson,Ava Johnson,Australia,South,Office Supplies,Storage,229,-13,5,0.1
ORD04527,03-12-2021,05-12-2021,Noah,Brown,Noah Brown,UK,South,Office Supplies,Chairs,1491,434,11,0.1
ORD04528,15-07-2022,20-07-2022,Ava,Brown,Ava Brown,Australia,South,Office Supplies,Storage,1650,-340,13,0
ORD04529,16-01-2021,26-01-2021,Amit,Sharma,Amit Sharma,UK,South,Office Supplies,Phones,864,203,9,0
ORD04530,25-06-2021,30-06-2021,John,Smith,JohnSmith,UK,South,Technology,Binders,1872,450,10,0
ORD04531,12-01-2022,15-01-2022,Emma,Johnson,Emma Johnson,India,North,Furniture,Tables,1515,-185,6,0
ORD04532,11-10-2022,18-10-2022,Ava,Anderson,Ava Anderson,USA,North,Office Supplies,Tables,72,-8,13,0.1
ORD04533,28-12-2022,03-01-2023,Ava,Smith,Ava Smith,Australia,North,Office Supplies,Tables,171,-32,6,0.1
ORD04534,21-06-2022,25-06-2022,Amit,Johnson,AmitJohnson,Australia,North,OfficeSupplies,Storage,1321,24,3,0
ORD04535,04-05-2021,12-05-2021,Priya,Brown,Priya Brown,USA,North,Furniture,Storage,579,-43,9,0.1
ORD04536,31-07-2022,02-08-2022,Olivia,Anderson,Olivia Anderson,UK,North,Technology,Storage,1884,591,11,0
ORD04537,13-09-2022,21-09-2022,Amit,Brown,Amit Brown,UK,South,Furniture,Tables,633,155,10,0
ORD04538,11-06-2021,17-06-2021,Emma,Taylor,Emma Taylor,USA,East,Furniture,Phones,1199,81,6,0
ORD04539,31-08-2021,10-09-2021,Priya,Anderson,PriyaAnderson,USA,North,OfficeSupplies,Binders,1403,96,14,0
ORD04540,19-04-2021,27-04-2021,Liam,Johnson,Liam Johnson,India,West,Furniture,Chairs,330,80,14,0
ORD04541,20-12-2021,21-12-2021,Priya,Taylor,Priya Taylor,USA,West,Technology,Tables,1254,269,2,0.1
ORD04542,30-05-2021,08-06-2021,Emma,Verma,Emma Verma,Canada,West,Furniture,Accessories,256,45,9,0
ORD04543,14-05-2021,20-05-2021,Sneha,Patel,Sneha Patel,India,West,Technology,Phones,483,-134,6,0
ORD04544,17-10-2022,19-10-2022,Sneha,Verma,Sneha Verma,UK,West,Furniture,Accessories,883,305,13,0
ORD04545,20-05-2021,26-05-2021,Noah,Taylor,Noah Taylor,India,East,Office Supplies,Chairs,1568,286,10,0
ORD04546,17-03-2022,19-03-2022,Ava,Brown,Ava Brown,USA,West,Furniture,Storage,848,126,6,0.2
ORD04547,02-02-2021,12-02-2021,Priya,Patel,Priya Patel,UK,East,Technology,Accessories,1168,106,11,0
ORD04548,30-04-2022,04-05-2022,Noah,Smith,Noah Smith,Australia,East,Technology,Storage,41,0,2,0
ORD04549,12-05-2022,19-05-2022,Noah,Patel,Noah Patel,Canada,West,Office Supplies,Accessories,276,69,11,0
ORD04550,19-07-2022,24-07-2022,Emma,Taylor,EmmaTaylor,Canada,North,Furniture,Chairs,1793,-159,5,0.2
ORD04551,22-10-2022,27-10-2022,Priya,Anderson,Priya Anderson,Australia,East,Furniture,Chairs,558,17,7,0.1
ORD04552,08-09-2022,16-09-2022,Amit,Anderson,Amit Anderson,Australia,North,Furniture,Accessories,936,-67,3,0
ORD04553,09-03-2021,18-03-2021,Emma,Anderson,EmmaAnderson,Australia,North,OfficeSupplies,Tables,1539,478,3,0
ORD04554,15-08-2021,21-08-2021,Sneha,Johnson,SnehaJohnson,Australia,East,Technology,Tables,1004,-259,14,0
ORD04555,27-02-2021,02-03-2021,Ava,Patel,Ava Patel,India,East,Technology,Phones,191,-9,9,0.1
ORD04556,16-09-2021,22-09-2021,Noah,Brown,Noah Brown,Canada,North,Technology,Accessories,1781,-451,7,0.1
ORD04557,26-04-2022,27-04-2022,Amit,Smith,Amit Smith,India,North,Furniture,Accessories,109,14,11,0.2
ORD04558,12-06-2022,19-06-2022,Noah,Sharma,Noah Sharma,USA,West,Technology,Accessories,1213,330,13,0.2
ORD04559,17-07-2021,22-07-2021,Liam,Patel,Liam Patel,Canada,West,Furniture,Binders,1935,-334,1,0.1
ORD04560,31-03-2021,02-04-2021,Rahul,Patel,Rahul Patel,Canada,West,Office Supplies,Tables,1975,679,10,0.1
ORD04561,17-03-2021,20-03-2021,Liam,Anderson,Liam Anderson,UK,South,Office Supplies,Phones,1001,147,13,0
ORD04562,09-01-2021,19-01-2021,Ava,Patel,Ava Patel,Canada,South,Technology,Tables,85,2,11,0
ORD04563,11-08-2022,14-08-2022,Sneha,Verma,Sneha Verma,Canada,South,Office Supplies,Phones,311,96,3,0.1
ORD04564,25-12-2022,29-12-2022,Liam,Verma,Liam Verma,UK,South,Technology,Chairs,1594,136,7,0.2
ORD04565,15-08-2021,25-08-2021,Liam,Taylor,Liam Taylor,UK,West,Office Supplies,Chairs,274,54,6,0
ORD04566,26-09-2022,05-10-2022,John,Brown,John Brown,Australia,West,Furniture,Chairs,357,-92,5,0.2
ORD04567,16-12-2022,18-12-2022,Emma,Patel,EmmaPatel,Australia,West,Furniture,Binders,1298,433,3,0
ORD04568,16-10-2021,26-10-2021,Olivia,Brown,Olivia Brown,USA,East,Office Supplies,Tables,603,186,4,0
ORD04569,19-07-2021,22-07-2021,Emma,Taylor,Emma Taylor,UK,East,Office Supplies,Phones,1197,-262,11,0.1
ORD04570,03-02-2022,08-02-2022,Sneha,Anderson,Sneha Anderson,Canada,West,Technology,Phones,1724,-436,3,0
ORD04571,08-05-2021,16-05-2021,Olivia,Anderson,Olivia Anderson,Canada,West,Office Supplies,Phones,1141,124,12,0
ORD04572,08-01-2021,14-01-2021,Noah,Sharma,Noah Sharma,UK,East,Furniture,Accessories,1713,176,3,0.2
ORD04573,02-03-2022,10-03-2022,Ava,Brown,Ava Brown,Australia,West,Furniture,Tables,824,166,6,0.2
ORD04574,10-05-2022,11-05-2022,Rahul,Taylor,Rahul Taylor,India,West,Technology,Tables,270,-11,11,0
ORD04575,12-04-2021,14-04-2021,Rahul,Patel,Rahul Patel,Canada,North,Office Supplies,Tables,325,34,14,0.1
ORD04576,05-08-2022,10-08-2022,Priya,Patel,Priya Patel,India,South,Furniture,Binders,133,0,9,0.1
ORD04577,21-10-2021,30-10-2021,Emma,Taylor,Emma Taylor,UK,West,Furniture,Chairs,976,157,14,0
ORD04578,15-03-2022,23-03-2022,Olivia,Brown,Olivia Brown,USA,West,Office Supplies,Phones,364,72,14,0
ORD04579,11-01-2021,21-01-2021,Sneha,Patel,Sneha Patel,USA,East,Furniture,Phones,1961,-582,4,0
ORD04580,13-02-2021,19-02-2021,Sneha,Verma,Sneha Verma,Canada,West,Technology,Chairs,1477,98,1,0.1
ORD04581,23-08-2021,01-09-2021,Olivia,Patel,Olivia Patel,UK,North,Furniture,Accessories,805,-178,6,0.2
ORD04582,12-12-2021,18-12-2021,Sneha,Patel,SnehaPatel,UK,North,Furniture,Accessories,427,134,13,0
ORD04583,14-10-2021,16-10-2021,John,Johnson,John Johnson,USA,South,Technology,Accessories,884,295,4,0.2
ORD04584,12-07-2022,18-07-2022,Rahul,Verma,Rahul Verma,Canada,South,Technology,Chairs,1319,333,4,0.1
ORD04585,09-08-2022,19-08-2022,Sneha,Sharma,SnehaSharma,Canada,East,Technology,Storage,1218,212,2,0.1
ORD04586,26-02-2021,05-03-2021,Liam,Anderson,Liam Anderson,USA,East,Office Supplies,Accessories,718,-27,14,0
ORD04587,11-01-2021,21-01-2021,Emma,Brown,Emma Brown,UK,East,Technology,Accessories,578,-112,13,0
ORD04588,21-06-2021,30-06-2021,Olivia,Johnson,Olivia Johnson,Canada,North,Office Supplies,Tables,1006,-183,14,0.1
ORD04589,04-06-2021,08-06-2021,Emma,Taylor,EmmaTaylor,Canada,North,OfficeSupplies,Accessories,849,-44,3,0.2
ORD04590,09-09-2022,11-09-2022,Priya,Johnson,Priya Johnson,India,West,Office Supplies,Phones,300,2,14,0
ORD04591,01-05-2021,03-05-2021,Amit,Brown,AmitBrown,India,North,Technology,Phones,965,277,9,0
ORD04592,20-11-2021,24-11-2021,Emma,Verma,Emma Verma,Canada,North,Furniture,Chairs,1470,327,15,0.1
ORD04593,20-12-2022,23-12-2022,Ava,Anderson,Ava Anderson,India,North,Office Supplies,Tables,1688,538,13,0.1
ORD04594,18-03-2021,27-03-2021,Olivia,Verma,Olivia Verma,UK,West,Technology,Tables,681,-83,5,0
ORD04595,25-02-2021,26-02-2021,John,Patel,John Patel,India,South,Technology,Tables,960,264,5,0.1
ORD04596,26-01-2021,02-02-2021,Liam,Smith,Liam Smith,Canada,South,Technology,Storage,767,-84,7,0.1
ORD04597,23-09-2021,02-10-2021,Liam,Anderson,LiamAnderson,Canada,South,Furniture,Tables,662,199,6,0
ORD04598,21-12-2021,29-12-2021,John,Johnson,John Johnson,India,South,Technology,Tables,729,-30,6,0.1
ORD04599,11-02-2021,19-02-2021,Sneha,Patel,Sneha Patel,USA,East,Furniture,Phones,715,-39,1,0.1
ORD04600,14-01-2021,20-01-2021,Liam,Johnson,Liam Johnson,Australia,North,Technology,Phones,1477,-390,4,0
ORD04601,25-05-2021,27-05-2021,Emma,Taylor,Emma Taylor,Canada,South,Office Supplies,Phones,1096,248,8,0
ORD04602,13-06-2022,18-06-2022,Liam,Anderson,LiamAnderson,Canada,West,OfficeSupplies,Accessories,1415,-225,10,0.1
ORD04603,24-06-2022,04-07-2022,Olivia,Anderson,Olivia Anderson,Canada,North,Technology,Accessories,1305,-289,11,0
ORD04604,20-07-2022,21-07-2022,John,Johnson,John Johnson,UK,East,Office Supplies,Accessories,1796,-143,3,0
ORD04605,10-06-2021,19-06-2021,Amit,Johnson,Amit Johnson,UK,West,Furniture,Storage,1234,335,6,0.1
ORD04606,24-07-2022,28-07-2022,Sneha,Johnson,Sneha Johnson,Australia,North,Office Supplies,Accessories,1624,537,9,0.2
ORD04607,13-03-2021,22-03-2021,John,Anderson,JohnAnderson,Australia,East,Technology,Phones,1406,491,10,0
ORD04608,23-11-2021,24-11-2021,Ava,Verma,Ava Verma,Canada,East,Office Supplies,Tables,1721,-168,8,0.1
ORD04609,14-02-2022,16-02-2022,Noah,Johnson,Noah Johnson,India,North,Technology,Storage,116,6,2,0.1
ORD04610,04-11-2022,05-11-2022,John,Smith,JohnSmith,India,West,Technology,Binders,106,-11,7,0.2
ORD04611,25-07-2022,26-07-2022,Rahul,Sharma,Rahul Sharma,Canada,West,Technology,Binders,597,-94,7,0
ORD04612,10-07-2021,12-07-2021,Liam,Johnson,Liam Johnson,Australia,West,Technology,Accessories,1717,-460,13,0.2
ORD04613,01-08-2022,08-08-2022,Sneha,Verma,Sneha Verma,UK,West,Technology,Tables,1815,53,11,0.2
ORD04614,30-07-2021,05-08-2021,Rahul,Verma,RahulVerma,UK,South,Technology,Tables,1549,351,14,0.2
ORD04615,20-03-2022,27-03-2022,Noah,Taylor,Noah Taylor,Australia,North,Furniture,Binders,364,119,14,0.1
ORD04616,18-09-2021,21-09-2021,Rahul,Verma,Rahul Verma,Australia,North,Technology,Phones,1991,390,7,0.2
ORD04617,20-04-2022,25-04-2022,Rahul,Taylor,Rahul Taylor,USA,East,Office Supplies,Storage,1646,454,15,0.1
ORD04618,24-12-2022,31-12-2022,Amit,Verma,Amit Verma,USA,South,Technology,Tables,1356,-36,6,0.1
ORD04619,09-01-2021,13-01-2021,Sneha,Sharma,Sneha Sharma,USA,South,Office Supplies,Phones,1032,98,1,0.2
ORD04620,15-01-2022,20-01-2022,Sneha,Verma,Sneha Verma,Australia,West,Technology,Phones,1042,238,4,0.1
ORD04621,06-01-2021,16-01-2021,Sneha,Brown,SnehaBrown,Australia,West,Furniture,Tables,877,173,7,0
ORD04622,31-12-2022,06-01-2023,Olivia,Sharma,Olivia Sharma,UK,South,Furniture,Accessories,234,-67,2,0
ORD04623,14-12-2021,23-12-2021,Liam,Brown,Liam Brown,Canada,South,Technology,Tables,1276,273,3,0.1
ORD04624,16-01-2022,24-01-2022,Liam,Patel,Liam Patel,UK,North,Technology,Tables,1069,309,15,0.2
ORD04625,18-09-2021,21-09-2021,Emma,Taylor,Emma Taylor,USA,North,Technology,Binders,1431,132,9,0
ORD04626,03-07-2021,05-07-2021,Priya,Anderson,Priya Anderson,USA,North,Furniture,Tables,1809,-50,7,0.1
ORD04627,10-05-2022,15-05-2022,Ava,Brown,Ava Brown,Australia,South,Office Supplies,Phones,878,251,6,0.2
ORD04628,17-06-2021,21-06-2021,Sneha,Brown,Sneha Brown,Australia,West,Furniture,Phones,1628,47,10,0.1
ORD04629,19-05-2022,20-05-2022,Amit,Smith,Amit Smith,Canada,South,Technology,Accessories,1587,-413,4,0
ORD04630,09-04-2021,13-04-2021,Amit,Sharma,AmitSharma,Canada,West,OfficeSupplies,Storage,224,53,9,0.1
ORD04631,08-03-2021,13-03-2021,Olivia,Johnson,Olivia Johnson,UK,West,Technology,Phones,1085,318,11,0
ORD04632,19-11-2021,27-11-2021,Sneha,Taylor,Sneha Taylor,UK,South,Office Supplies,Tables,470,66,7,0.2
ORD04633,06-03-2022,16-03-2022,Amit,Sharma,Amit Sharma,India,North,Technology,Tables,1544,182,8,0
ORD04634,29-11-2021,07-12-2021,Noah,Patel,NoahPatel,India,North,Furniture,Chairs,1155,-171,4,0.1
ORD04635,20-08-2021,30-08-2021,Noah,Brown,Noah Brown,Australia,East,Technology,Chairs,1297,270,1,0.1
ORD04636,27-05-2022,05-06-2022,Liam,Johnson,Liam Johnson,India,North,Office Supplies,Phones,840,-37,2,0
ORD04637,02-08-2022,03-08-2022,Sneha,Verma,Sneha Verma,India,East,Technology,Storage,1257,-341,4,0.1
ORD04638,29-11-2022,05-12-2022,Emma,Anderson,Emma Anderson,Canada,East,Technology,Chairs,1660,102,5,0.1
ORD04639,22-06-2022,29-06-2022,Priya,Verma,Priya Verma,UK,East,Technology,Chairs,1016,66,8,0
ORD04640,02-06-2022,06-06-2022,Priya,Sharma,PriyaSharma,UK,North,Technology,Tables,1525,160,12,0
ORD04641,02-03-2021,05-03-2021,Priya,Smith,PriyaSmith,UK,North,Furniture,Phones,189,13,1,0.2
ORD04642,09-12-2021,14-12-2021,Emma,Verma,Emma Verma,Canada,East,Office Supplies,Phones,1762,-229,8,0
ORD04643,03-08-2021,05-08-2021,Liam,Anderson,Liam Anderson,UK,South,Office Supplies,Binders,175,-21,11,0.1
ORD04644,02-08-2021,05-08-2021,John,Taylor,JohnTaylor,UK,North,OfficeSupplies,Chairs,475,0,5,0.2
ORD04645,03-01-2021,04-01-2021,Liam,Brown,Liam Brown,Canada,South,Furniture,Chairs,35,-5,10,0.2
ORD04646,20-09-2021,22-09-2021,John,Anderson,John Anderson,India,East,Office Supplies,Tables,397,64,15,0
ORD04647,05-03-2022,10-03-2022,Liam,Verma,Liam Verma,Australia,West,Office Supplies,Phones,1890,361,12,0
ORD04648,26-11-2021,29-11-2021,Emma,Patel,Emma Patel,USA,East,Furniture,Accessories,964,267,6,0
ORD04649,10-05-2022,16-05-2022,Amit,Johnson,Amit Johnson,India,East,Furniture,Storage,1429,-314,12,0.1
ORD04650,13-08-2021,21-08-2021,Ava,Smith,AvaSmith,India,West,OfficeSupplies,Chairs,552,-20,1,0.2
ORD04651,02-04-2022,11-04-2022,Emma,Sharma,Emma Sharma,India,North,Office Supplies,Accessories,1608,-396,13,0.2
ORD04652,17-03-2021,26-03-2021,Sneha,Johnson,Sneha Johnson,Canada,East,Office Supplies,Accessories,1460,204,2,0
ORD04653,17-01-2021,19-01-2021,Emma,Brown,Emma Brown,Australia,East,Technology,Chairs,1052,-29,6,0.1
ORD04654,06-01-2021,09-01-2021,Priya,Verma,PriyaVerma,Australia,West,Technology,Accessories,701,202,15,0.1
ORD04655,17-07-2021,21-07-2021,Ava,Johnson,Ava Johnson,Canada,East,Office Supplies,Phones,1563,409,1,0.2
ORD04656,08-07-2022,12-07-2022,Liam,Brown,Liam Brown,India,East,Technology,Storage,1641,-238,15,0.2
ORD04657,28-03-2022,05-04-2022,Olivia,Johnson,OliviaJohnson,India,South,OfficeSupplies,Tables,245,58,12,0
ORD04658,12-09-2021,17-09-2021,Priya,Anderson,Priya Anderson,UK,South,Technology,Phones,1962,481,5,0
ORD04659,23-12-2022,30-12-2022,Liam,Verma,LiamVerma,UK,East,Furniture,Binders,1701,18,10,0.1
ORD04660,28-09-2022,02-10-2022,John,Verma,JohnVerma,UK,West,Furniture,Tables,853,-173,15,0.2
ORD04661,17-12-2022,22-12-2022,John,Taylor,JohnTaylor,UK,West,OfficeSupplies,Accessories,928,256,2,0
ORD04662,15-03-2021,23-03-2021,Liam,Sharma,Liam Sharma,USA,North,Technology,Phones,1585,161,11,0.1
ORD04663,13-10-2021,23-10-2021,Olivia,Johnson,Olivia Johnson,Canada,East,Office Supplies,Phones,1357,-390,9,0
ORD04664,10-04-2021,17-04-2021,Liam,Smith,Liam Smith,UK,South,Furniture,Phones,1286,-140,7,0
ORD04665,24-12-2022,29-12-2022,Olivia,Taylor,Olivia Taylor,Australia,East,Furniture,Tables,111,-11,10,0
ORD04666,15-07-2022,20-07-2022,Priya,Brown,Priya Brown,USA,West,Technology,Accessories,182,-47,2,0
ORD04667,16-05-2022,21-05-2022,Emma,Patel,Emma Patel,India,East,Technology,Tables,965,11,6,0
ORD04668,05-03-2021,10-03-2021,John,Johnson,John Johnson,Canada,East,Technology,Tables,157,26,14,0
ORD04669,13-05-2021,18-05-2021,Ava,Sharma,Ava Sharma,USA,East,Office Supplies,Tables,1999,-324,14,0
ORD04670,22-08-2021,28-08-2021,Amit,Patel,AmitPatel,USA,North,Technology,Chairs,807,188,14,0
ORD04671,13-10-2021,19-10-2021,Priya,Sharma,Priya Sharma,India,West,Office Supplies,Accessories,131,26,5,0.1
ORD04672,07-04-2021,13-04-2021,Liam,Taylor,Liam Taylor,India,West,Furniture,Tables,1444,79,9,0.1
ORD04673,02-05-2022,04-05-2022,Ava,Brown,Ava Brown,India,West,Furniture,Storage,1840,-10,1,0.1
ORD04674,09-01-2022,18-01-2022,Emma,Anderson,Emma Anderson,Australia,North,Technology,Chairs,1308,428,15,0.1
ORD04675,12-04-2021,14-04-2021,Priya,Brown,PriyaBrown,Australia,West,Furniture,Phones,1115,25,11,0.1
ORD04676,03-08-2021,12-08-2021,Ava,Brown,Ava Brown,USA,West,Office Supplies,Storage,728,-29,9,0.1
ORD04677,30-06-2022,08-07-2022,Sneha,Verma,Sneha Verma,Australia,West,Furniture,Binders,1809,277,15,0.1
ORD04678,28-11-2021,07-12-2021,Noah,Sharma,Noah Sharma,India,North,Office Supplies,Accessories,1232,310,9,0.1
ORD04679,12-01-2022,18-01-2022,Ava,Sharma,Ava Sharma,Canada,North,Technology,Storage,459,156,4,0
ORD04680,10-10-2021,12-10-2021,Rahul,Taylor,Rahul Taylor,India,North,Furniture,Storage,156,53,8,0.1
ORD04681,21-08-2022,29-08-2022,Emma,Anderson,Emma Anderson,USA,South,Technology,Tables,1597,-235,12,0.1
ORD04682,07-02-2021,16-02-2021,Liam,Brown,Liam Brown,Australia,South,Technology,Chairs,283,47,8,0
ORD04683,19-03-2021,25-03-2021,Noah,Taylor,Noah Taylor,Australia,South,Technology,Storage,764,161,15,0.1
ORD04684,17-02-2022,22-02-2022,Emma,Sharma,Emma Sharma,Australia,South,Technology,Storage,842,-206,8,0
ORD04685,05-02-2022,09-02-2022,Rahul,Brown,RahulBrown,Australia,South,Technology,Binders,232,-25,6,0
ORD04686,07-02-2022,12-02-2022,Amit,Patel,Amit Patel,India,East,Furniture,Binders,1722,-277,9,0.1
ORD04687,16-07-2022,18-07-2022,Sneha,Taylor,SnehaTaylor,India,East,OfficeSupplies,Chairs,1640,-460,6,0
ORD04688,31-10-2022,04-11-2022,Emma,Verma,EmmaVerma,India,East,Technology,Phones,1725,448,8,0
ORD04689,19-06-2021,26-06-2021,Liam,Anderson,Liam Anderson,Australia,East,Technology,Phones,509,173,3,0
ORD04690,30-12-2022,08-01-2023,Priya,Smith,PriyaSmith,Australia,West,Furniture,Phones,963,112,5,0.1
ORD04691,24-09-2022,28-09-2022,Emma,Verma,Emma Verma,USA,South,Office Supplies,Accessories,1058,-115,14,0
ORD04692,15-01-2022,20-01-2022,Liam,Patel,Liam Patel,Canada,North,Furniture,Binders,1377,226,1,0.1
ORD04693,07-11-2021,08-11-2021,John,Anderson,John Anderson,USA,West,Furniture,Binders,1775,-344,11,0.1
ORD04694,05-04-2021,06-04-2021,Ava,Verma,AvaVerma,USA,North,Technology,Storage,708,-24,8,0
ORD04695,12-04-2021,22-04-2021,Amit,Sharma,Amit Sharma,Canada,North,Furniture,Chairs,282,-15,13,0
ORD04696,13-07-2022,21-07-2022,Emma,Patel,EmmaPatel,Canada,South,OfficeSupplies,Binders,437,153,2,0
ORD04697,05-05-2021,07-05-2021,Rahul,Brown,Rahul Brown,Canada,South,Technology,Binders,1791,336,3,0.1
ORD04698,12-11-2021,22-11-2021,Olivia,Smith,Olivia Smith,UK,West,Technology,Phones,175,-9,1,0.1
ORD04699,25-05-2021,30-05-2021,Olivia,Smith,Olivia Smith,Canada,West,Office Supplies,Accessories,1555,132,1,0
ORD04700,11-09-2022,20-09-2022,Emma,Johnson,Emma Johnson,UK,West,Office Supplies,Accessories,698,-9,11,0
ORD04701,31-07-2021,05-08-2021,Liam,Brown,Liam Brown,Canada,East,Office Supplies,Chairs,491,-68,10,0
ORD04702,17-07-2022,24-07-2022,Amit,Taylor,Amit Taylor,UK,South,Furniture,Tables,477,-2,10,0.1
ORD04703,16-04-2021,21-04-2021,Priya,Johnson,Priya Johnson,India,South,Office Supplies,Binders,991,-110,13,0.1
ORD04704,30-10-2021,02-11-2021,Ava,Patel,Ava Patel,Australia,East,Furniture,Binders,1223,296,10,0
ORD04705,20-05-2021,23-05-2021,Ava,Anderson,Ava Anderson,Canada,South,Furniture,Chairs,1197,-22,4,0.2
ORD04706,18-12-2021,25-12-2021,Sneha,Taylor,Sneha Taylor,USA,West,Office Supplies,Phones,1389,429,1,0.1
ORD04707,29-04-2021,06-05-2021,Amit,Verma,Amit Verma,India,South,Furniture,Binders,298,-88,10,0.1
ORD04708,22-02-2021,24-02-2021,John,Patel,John Patel,Australia,North,Office Supplies,Accessories,1631,-238,12,0.2
ORD04709,21-12-2021,25-12-2021,Rahul,Anderson,RahulAnderson,Australia,East,Furniture,Accessories,1873,422,8,0.1
ORD04710,08-11-2021,18-11-2021,Amit,Johnson,AmitJohnson,Australia,South,Technology,Accessories,133,-21,11,0.2
ORD04711,31-08-2022,09-09-2022,Emma,Anderson,Emma Anderson,UK,South,Technology,Tables,438,-103,1,0
ORD04712,10-09-2022,12-09-2022,John,Brown,John Brown,Australia,West,Office Supplies,Tables,831,11,13,0.1
ORD04713,24-10-2022,26-10-2022,Noah,Patel,Noah Patel,USA,West,Office Supplies,Chairs,737,199,12,0
ORD04714,14-03-2021,24-03-2021,Ava,Sharma,Ava Sharma,Australia,East,Furniture,Phones,411,-10,4,0.1
ORD04715,19-05-2022,23-05-2022,Priya,Sharma,Priya Sharma,India,North,Furniture,Storage,1321,-80,10,0
ORD04716,19-11-2022,22-11-2022,Liam,Sharma,LiamSharma,India,South,Technology,Phones,1592,-348,2,0
ORD04717,12-05-2022,21-05-2022,Emma,Anderson,Emma Anderson,USA,North,Office Supplies,Chairs,1661,-76,15,0
ORD04718,22-11-2021,02-12-2021,Sneha,Brown,Sneha Brown,UK,North,Office Supplies,Chairs,1057,-279,15,0
ORD04719,27-11-2022,01-12-2022,Priya,Patel,Priya Patel,India,East,Technology,Phones,1247,359,13,0.2
ORD04720,08-01-2021,12-01-2021,Amit,Anderson,Amit Anderson,UK,South,Technology,Chairs,1086,-136,1,0
ORD04721,05-12-2021,15-12-2021,Noah,Sharma,Noah Sharma,UK,West,Office Supplies,Tables,1330,192,10,0
ORD04722,02-11-2022,04-11-2022,Liam,Patel,Liam Patel,UK,West,Office Supplies,Tables,1122,227,4,0
ORD04723,21-04-2022,01-05-2022,Sneha,Smith,Sneha Smith,USA,East,Furniture,Binders,617,157,3,0.2
ORD04724,16-04-2022,20-04-2022,Noah,Brown,Noah Brown,India,South,Furniture,Accessories,1314,-239,13,0.2
ORD04725,04-09-2022,11-09-2022,Amit,Taylor,Amit Taylor,Australia,South,Technology,Tables,1381,440,6,0.1
ORD04726,29-11-2022,09-12-2022,Emma,Taylor,Emma Taylor,Australia,East,Office Supplies,Chairs,1677,-376,14,0.1
ORD04727,07-08-2022,13-08-2022,Ava,Sharma,Ava Sharma,UK,East,Office Supplies,Chairs,467,-5,10,0.1
ORD04728,16-07-2022,23-07-2022,John,Sharma,John Sharma,India,East,Office Supplies,Chairs,857,276,3,0
ORD04729,17-03-2022,21-03-2022,Olivia,Patel,Olivia Patel,USA,West,Technology,Accessories,845,-197,6,0.2
ORD04730,20-10-2021,27-10-2021,Priya,Brown,PriyaBrown,USA,South,OfficeSupplies,Accessories,344,-21,10,0.2
ORD04731,27-01-2021,03-02-2021,John,Sharma,John Sharma,UK,South,Office Supplies,Accessories,283,18,13,0.1
ORD04732,01-08-2022,07-08-2022,Amit,Johnson,Amit Johnson,Canada,East,Technology,Tables,886,167,5,0.2
ORD04733,24-06-2022,30-06-2022,Liam,Sharma,Liam Sharma,India,West,Technology,Binders,858,11,4,0.1
ORD04734,10-09-2022,16-09-2022,Liam,Brown,LiamBrown,India,South,Technology,Phones,346,-37,4,0
ORD04735,16-12-2021,17-12-2021,Noah,Brown,Noah Brown,Australia,South,Office Supplies,Tables,1116,-188,15,0
ORD04736,05-05-2022,15-05-2022,Sneha,Johnson,Sneha Johnson,India,South,Technology,Storage,867,55,7,0.1
ORD04737,21-08-2022,31-08-2022,Priya,Smith,Priya Smith,Australia,East,Furniture,Accessories,1151,-286,4,0.2
ORD04738,09-11-2021,13-11-2021,Amit,Sharma,Amit Sharma,UK,West,Furniture,Tables,1526,-404,6,0.1
ORD04739,11-12-2021,14-12-2021,John,Verma,John Verma,Australia,West,Technology,Tables,319,36,15,0.2
ORD04740,14-11-2022,19-11-2022,Rahul,Smith,RahulSmith,Australia,West,Furniture,Tables,1145,266,8,0
ORD04741,17-03-2022,25-03-2022,Priya,Anderson,Priya Anderson,Canada,North,Furniture,Tables,1960,-127,10,0.1
ORD04742,19-07-2022,28-07-2022,Noah,Smith,Noah Smith,USA,East,Furniture,Tables,1935,104,1,0
ORD04743,28-11-2021,01-12-2021,Ava,Johnson,Ava Johnson,USA,North,Furniture,Tables,197,-40,8,0.2
ORD04744,04-01-2021,10-01-2021,Sneha,Taylor,Sneha Taylor,Australia,South,Technology,Chairs,78,25,11,0
ORD04745,22-03-2021,30-03-2021,Emma,Sharma,Emma Sharma,Canada,South,Technology,Storage,1973,-21,9,0.1
ORD04746,10-09-2022,19-09-2022,John,Sharma,JohnSharma,Canada,North,Furniture,Tables,488,93,8,0
ORD04747,17-08-2021,21-08-2021,Liam,Brown,Liam Brown,UK,South,Technology,Phones,1785,-251,14,0.1
ORD04748,24-04-2022,25-04-2022,Noah,Brown,Noah Brown,Canada,South,Furniture,Binders,546,118,6,0
ORD04749,04-11-2022,07-11-2022,Rahul,Taylor,Rahul Taylor,Canada,South,Office Supplies,Binders,492,-145,3,0
ORD04750,29-10-2022,03-11-2022,Ava,Anderson,Ava Anderson,UK,South,Technology,Binders,886,-60,14,0
ORD04751,29-05-2022,05-06-2022,Sneha,Smith,Sneha Smith,India,South,Office Supplies,Storage,30,-4,7,0
ORD04752,02-12-2022,08-12-2022,Priya,Brown,Priya Brown,Australia,North,Office Supplies,Chairs,1919,-156,7,0
ORD04753,23-06-2021,02-07-2021,Priya,Taylor,Priya Taylor,Australia,North,Furniture,Chairs,1075,208,15,0
ORD04754,09-08-2022,11-08-2022,Sneha,Johnson,Sneha Johnson,India,East,Furniture,Storage,1510,298,5,0
ORD04755,24-04-2022,28-04-2022,Liam,Johnson,Liam Johnson,USA,West,Technology,Phones,1308,64,5,0.2
ORD04756,28-02-2021,04-03-2021,Liam,Brown,Liam Brown,Canada,North,Office Supplies,Phones,883,-211,14,0.1
ORD04757,25-12-2021,03-01-2022,Rahul,Smith,Rahul Smith,Canada,North,Office Supplies,Binders,1146,321,2,0.2
ORD04758,01-11-2022,03-11-2022,Priya,Patel,Priya Patel,Australia,North,Furniture,Storage,197,-26,8,0
ORD04759,14-05-2022,22-05-2022,Liam,Taylor,Liam Taylor,India,South,Technology,Accessories,1951,569,6,0.2
ORD04760,25-03-2022,26-03-2022,Noah,Verma,Noah Verma,Canada,North,Furniture,Tables,1252,71,7,0
ORD04761,29-05-2022,06-06-2022,John,Taylor,John Taylor,Australia,East,Technology,Chairs,1221,-318,4,0.2
ORD04762,05-02-2021,06-02-2021,Liam,Taylor,Liam Taylor,USA,East,Technology,Binders,1009,2,4,0
ORD04763,29-05-2022,31-05-2022,Sneha,Johnson,Sneha Johnson,UK,West,Technology,Binders,56,5,5,0.1
ORD04764,15-07-2021,19-07-2021,Sneha,Brown,Sneha Brown,Australia,West,Furniture,Storage,1670,373,10,0
ORD04765,02-12-2022,08-12-2022,Ava,Brown,Ava Brown,UK,West,Office Supplies,Storage,1592,158,5,0.2
ORD04766,22-02-2022,26-02-2022,Ava,Sharma,AvaSharma,UK,East,Furniture,Phones,1096,186,13,0.1
ORD04767,13-09-2021,21-09-2021,John,Johnson,John Johnson,Canada,East,Furniture,Tables,1155,-119,10,0.2
ORD04768,08-12-2021,10-12-2021,Liam,Anderson,Liam Anderson,Australia,West,Office Supplies,Phones,569,-157,12,0
ORD04769,23-12-2022,31-12-2022,Amit,Patel,AmitPatel,Australia,West,Furniture,Storage,752,199,12,0
ORD04770,23-11-2022,30-11-2022,Olivia,Verma,Olivia Verma,India,North,Technology,Binders,1061,233,6,0.1
ORD04771,21-10-2021,23-10-2021,Liam,Smith,Liam Smith,India,North,Office Supplies,Tables,1576,-463,6,0
ORD04772,09-07-2021,18-07-2021,John,Johnson,John Johnson,USA,East,Technology,Storage,851,139,7,0.1
ORD04773,17-11-2021,22-11-2021,John,Anderson,John Anderson,India,East,Furniture,Storage,694,117,15,0
ORD04774,15-01-2021,25-01-2021,Olivia,Sharma,Olivia Sharma,USA,East,Technology,Storage,1915,509,7,0.1
ORD04775,06-07-2021,11-07-2021,Olivia,Brown,Olivia Brown,Australia,East,Technology,Phones,409,79,2,0.2
ORD04776,09-01-2022,16-01-2022,Sneha,Taylor,Sneha Taylor,UK,East,Office Supplies,Phones,1126,-300,14,0
ORD04777,29-10-2022,06-11-2022,Sneha,Smith,Sneha Smith,India,South,Technology,Binders,883,-204,10,0
ORD04778,14-07-2021,20-07-2021,Liam,Sharma,Liam Sharma,USA,South,Office Supplies,Binders,977,-33,15,0.1
ORD04779,14-08-2022,22-08-2022,Priya,Sharma,PriyaSharma,USA,South,Technology,Phones,550,-116,9,0.1
ORD04780,31-03-2021,03-04-2021,Emma,Johnson,EmmaJohnson,USA,South,Furniture,Tables,649,132,9,0.2
ORD04781,14-02-2021,21-02-2021,Ava,Brown,Ava Brown,USA,South,Office Supplies,Tables,483,55,7,0.2
ORD04782,25-05-2022,03-06-2022,Olivia,Sharma,Olivia Sharma,Canada,North,Office Supplies,Binders,906,224,12,0
ORD04783,17-03-2021,18-03-2021,Liam,Verma,Liam Verma,Australia,West,Office Supplies,Tables,640,-146,6,0.1
ORD04784,03-08-2022,12-08-2022,Emma,Verma,Emma Verma,Australia,West,Furniture,Tables,1010,15,4,0.1
ORD04785,19-11-2022,25-11-2022,Liam,Smith,Liam Smith,Australia,South,Office Supplies,Tables,1880,-311,9,0.2
ORD04786,22-03-2021,27-03-2021,Noah,Taylor,NoahTaylor,Australia,West,Furniture,Chairs,962,-212,15,0.1
ORD04787,09-03-2022,16-03-2022,Olivia,Patel,Olivia Patel,Canada,West,Office Supplies,Chairs,27,-7,15,0
ORD04788,17-05-2021,25-05-2021,Noah,Taylor,Noah Taylor,USA,East,Office Supplies,Tables,998,-277,1,0.2
ORD04789,23-08-2022,27-08-2022,Rahul,Taylor,Rahul Taylor,Canada,North,Technology,Tables,327,9,15,0.2
ORD04790,22-10-2022,29-10-2022,Noah,Brown,Noah Brown,India,West,Furniture,Chairs,675,204,1,0.1
ORD04791,18-11-2021,27-11-2021,John,Taylor,John Taylor,UK,West,Furniture,Storage,438,-17,2,0.1
ORD04792,09-05-2022,17-05-2022,Amit,Taylor,AmitTaylor,UK,West,OfficeSupplies,Binders,320,77,7,0
ORD04793,12-03-2021,15-03-2021,Liam,Sharma,LiamSharma,UK,South,Furniture,Accessories,1877,-350,10,0
ORD04794,30-08-2021,06-09-2021,Liam,Taylor,Liam Taylor,UK,South,Technology,Binders,953,-160,10,0.2
ORD04795,08-03-2021,13-03-2021,Noah,Sharma,Noah Sharma,India,East,Furniture,Accessories,317,-43,11,0
ORD04796,23-03-2021,27-03-2021,Liam,Taylor,LiamTaylor,India,East,Furniture,Accessories,1430,-50,4,0.1
ORD04797,16-11-2021,18-11-2021,Amit,Verma,Amit Verma,USA,East,Technology,Accessories,148,0,6,0.1
ORD04798,30-07-2022,06-08-2022,Noah,Johnson,Noah Johnson,Australia,South,Technology,Accessories,398,16,2,0
ORD04799,07-11-2021,10-11-2021,Sneha,Johnson,SnehaJohnson,Australia,South,Technology,Accessories,1068,146,9,0.1
ORD04800,04-10-2021,06-10-2021,Liam,Brown,Liam Brown,USA,North,Office Supplies,Storage,1318,95,15,0.2
ORD04801,18-10-2021,24-10-2021,Amit,Johnson,AmitJohnson,USA,North,Technology,Phones,58,-4,12,0
ORD04802,25-02-2022,28-02-2022,Priya,Taylor,Priya Taylor,India,North,Office Supplies,Chairs,64,-9,5,0
ORD04803,23-10-2021,02-11-2021,Amit,Sharma,Amit Sharma,UK,North,Furniture,Accessories,1498,347,10,0
ORD04804,25-07-2022,27-07-2022,Liam,Patel,LiamPatel,UK,East,Technology,Storage,1368,-215,14,0.1
ORD04805,27-05-2021,06-06-2021,Rahul,Verma,Rahul Verma,UK,West,Technology,Accessories,1606,433,5,0
ORD04806,18-06-2021,26-06-2021,Liam,Smith,Liam Smith,Canada,South,Technology,Binders,880,247,2,0.1
ORD04807,25-12-2022,01-01-2023,Emma,Patel,Emma Patel,India,North,Furniture,Tables,1768,316,12,0
ORD04808,21-10-2022,27-10-2022,Noah,Sharma,Noah Sharma,USA,West,Office Supplies,Binders,1360,20,3,0.1
ORD04809,03-08-2021,10-08-2021,John,Patel,John Patel,USA,West,Technology,Phones,71,-1,8,0
ORD04810,26-09-2021,03-10-2021,Priya,Smith,Priya Smith,UK,East,Office Supplies,Tables,1727,-514,12,0.1
ORD04811,22-10-2022,25-10-2022,Rahul,Sharma,Rahul Sharma,UK,East,Technology,Tables,168,58,9,0.1
ORD04812,19-05-2021,28-05-2021,Olivia,Smith,Olivia Smith,India,West,Technology,Accessories,1245,396,7,0.1
ORD04813,13-04-2021,14-04-2021,Priya,Anderson,Priya Anderson,Canada,East,Technology,Chairs,1990,283,15,0
ORD04814,02-02-2021,09-02-2021,Priya,Verma,Priya Verma,UK,North,Office Supplies,Binders,1010,287,2,0
ORD04815,13-11-2021,20-11-2021,Olivia,Smith,Olivia Smith,UK,East,Technology,Binders,1441,16,6,0
ORD04816,04-04-2022,05-04-2022,Sneha,Smith,SnehaSmith,UK,South,Technology,Binders,1519,-287,14,0
ORD04817,09-01-2022,11-01-2022,John,Patel,John Patel,USA,South,Furniture,Binders,1530,-52,1,0.1
ORD04818,25-06-2021,29-06-2021,Olivia,Taylor,Olivia Taylor,Canada,East,Technology,Chairs,973,267,3,0.1
ORD04819,04-01-2022,09-01-2022,Ava,Johnson,Ava Johnson,Canada,East,Office Supplies,Chairs,1166,159,9,0
ORD04820,12-02-2022,21-02-2022,Rahul,Verma,Rahul Verma,UK,North,Furniture,Accessories,108,-18,4,0.1
ORD04821,21-09-2022,26-09-2022,Liam,Verma,Liam Verma,Canada,South,Office Supplies,Binders,878,-222,12,0
ORD04822,14-02-2022,23-02-2022,Sneha,Verma,Sneha Verma,USA,South,Technology,Storage,1400,259,7,0.1
ORD04823,12-06-2022,20-06-2022,Olivia,Johnson,OliviaJohnson,USA,South,Furniture,Tables,1527,223,3,0
ORD04824,19-01-2022,27-01-2022,Rahul,Johnson,Rahul Johnson,USA,South,Furniture,Tables,1150,90,13,0.1
ORD04825,11-01-2022,19-01-2022,Priya,Smith,PriyaSmith,USA,South,Furniture,Chairs,511,86,10,0.1
ORD04826,06-09-2021,15-09-2021,Noah,Johnson,Noah Johnson,India,North,Office Supplies,Binders,997,-109,15,0.1
ORD04827,08-02-2021,11-02-2021,Liam,Anderson,Liam Anderson,Canada,East,Office Supplies,Binders,1519,17,13,0.2
ORD04828,08-12-2021,17-12-2021,Priya,Brown,PriyaBrown,Canada,East,Technology,Chairs,1149,-247,15,0.1
ORD04829,14-10-2022,15-10-2022,Noah,Sharma,Noah Sharma,Australia,West,Furniture,Storage,1909,-201,1,0.2
ORD04830,07-12-2022,16-12-2022,Olivia,Sharma,Olivia Sharma,Australia,East,Office Supplies,Chairs,896,70,3,0
ORD04831,16-08-2021,17-08-2021,Amit,Anderson,Amit Anderson,Australia,South,Office Supplies,Chairs,1367,-201,11,0
ORD04832,07-12-2021,11-12-2021,Rahul,Taylor,Rahul Taylor,USA,South,Furniture,Accessories,1937,649,7,0
ORD04833,12-07-2021,21-07-2021,Liam,Johnson,Liam Johnson,India,South,Office Supplies,Accessories,1464,-204,6,0.1
ORD04834,08-02-2022,15-02-2022,John,Patel,John Patel,USA,East,Technology,Binders,1723,465,5,0
ORD04835,27-12-2022,01-01-2023,John,Smith,John Smith,India,West,Furniture,Binders,1897,-351,6,0
ORD04836,20-04-2022,25-04-2022,Rahul,Johnson,Rahul Johnson,India,South,Technology,Accessories,505,-80,6,0.2
ORD04837,11-11-2022,21-11-2022,Noah,Sharma,Noah Sharma,USA,East,Technology,Tables,1426,283,9,0.1
ORD04838,10-06-2022,15-06-2022,Rahul,Patel,Rahul Patel,India,East,Technology,Accessories,1842,610,3,0
ORD04839,10-10-2021,11-10-2021,Liam,Smith,Liam Smith,USA,East,Technology,Accessories,116,34,5,0
ORD04840,01-11-2021,03-11-2021,Olivia,Brown,Olivia Brown,Canada,North,Furniture,Chairs,1514,382,2,0
ORD04841,04-08-2021,07-08-2021,Sneha,Smith,SnehaSmith,Canada,North,Technology,Phones,296,59,4,0
ORD04842,04-02-2022,07-02-2022,Sneha,Johnson,SnehaJohnson,Canada,North,Furniture,Tables,36,2,15,0.1
ORD04843,11-05-2022,16-05-2022,Liam,Taylor,Liam Taylor,Australia,North,Furniture,Tables,1219,265,1,0.1
ORD04844,07-12-2021,17-12-2021,Rahul,Smith,RahulSmith,Australia,South,OfficeSupplies,Tables,1873,-167,4,0.1
ORD04845,30-10-2022,09-11-2022,Priya,Smith,Priya Smith,India,North,Technology,Tables,1545,-220,6,0.2
ORD04846,04-11-2022,12-11-2022,Emma,Brown,Emma Brown,Canada,West,Office Supplies,Tables,679,-152,9,0.2
ORD04847,24-04-2022,26-04-2022,Noah,Patel,Noah Patel,India,South,Furniture,Tables,1461,207,15,0
ORD04848,03-01-2022,06-01-2022,Amit,Smith,AmitSmith,India,South,Furniture,Tables,769,-37,1,0.1
ORD04849,11-07-2022,18-07-2022,Sneha,Patel,Sneha Patel,UK,West,Furniture,Binders,1252,407,13,0
ORD04850,28-12-2021,07-01-2022,Liam,Sharma,Liam Sharma,India,East,Technology,Phones,1972,-160,14,0.1
ORD04851,16-12-2022,25-12-2022,Liam,Brown,LiamBrown,India,West,Technology,Tables,741,211,14,0.2
ORD04852,26-10-2021,29-10-2021,Noah,Brown,Noah Brown,India,East,Furniture,Binders,1864,-144,10,0.1
ORD04853,15-01-2022,20-01-2022,Liam,Johnson,Liam Johnson,USA,East,Furniture,Storage,1028,95,3,0
ORD04854,31-03-2022,04-04-2022,Rahul,Verma,Rahul Verma,USA,East,Furniture,Storage,788,238,6,0.2
ORD04855,12-11-2022,16-11-2022,Priya,Verma,PriyaVerma,USA,East,Furniture,Storage,825,-208,1,0.1
ORD04856,12-09-2021,13-09-2021,Priya,Verma,Priya Verma,Canada,West,Technology,Tables,151,12,14,0.2
ORD04857,07-12-2022,10-12-2022,Olivia,Anderson,Olivia Anderson,India,East,Furniture,Chairs,979,-57,1,0.1
ORD04858,27-02-2021,01-03-2021,Priya,Anderson,Priya Anderson,Australia,East,Technology,Tables,1288,-13,2,0.1
ORD04859,02-04-2022,06-04-2022,Olivia,Brown,OliviaBrown,Australia,North,Technology,Accessories,646,-166,11,0.1
ORD04860,05-03-2021,15-03-2021,Liam,Smith,Liam Smith,India,North,Office Supplies,Phones,357,31,2,0
ORD04861,22-07-2022,28-07-2022,Priya,Smith,Priya Smith,UK,North,Office Supplies,Tables,845,255,13,0
ORD04862,11-01-2021,18-01-2021,Sneha,Sharma,Sneha Sharma,UK,East,Office Supplies,Tables,277,76,13,0
ORD04863,22-10-2021,30-10-2021,John,Sharma,John Sharma,UK,East,Furniture,Tables,1733,-366,11,0.1
ORD04864,21-08-2022,28-08-2022,Priya,Sharma,Priya Sharma,Canada,East,Office Supplies,Tables,1059,-128,6,0
ORD04865,19-07-2021,29-07-2021,Sneha,Taylor,Sneha Taylor,USA,West,Furniture,Tables,254,16,3,0.2
ORD04866,07-09-2021,16-09-2021,Emma,Smith,Emma Smith,UK,West,Furniture,Phones,783,45,2,0.1
ORD04867,12-01-2021,15-01-2021,Amit,Patel,AmitPatel,UK,East,Technology,Phones,1655,404,11,0
ORD04868,22-08-2021,29-08-2021,Amit,Verma,AmitVerma,UK,East,OfficeSupplies,Tables,806,-65,11,0.1
ORD04869,05-06-2022,12-06-2022,Liam,Patel,LiamPatel,UK,East,Furniture,Tables,591,115,11,0.1
ORD04870,19-10-2022,21-10-2022,John,Taylor,John Taylor,Australia,South,Office Supplies,Binders,1651,282,15,0.1
ORD04871,11-08-2022,20-08-2022,Sneha,Verma,Sneha Verma,Australia,West,Office Supplies,Accessories,549,-159,3,0.2
ORD04872,30-07-2022,05-08-2022,John,Anderson,John Anderson,India,North,Technology,Phones,182,-12,12,0
ORD04873,11-07-2021,16-07-2021,John,Smith,John Smith,India,West,Furniture,Storage,505,-30,13,0
ORD04874,09-03-2022,18-03-2022,Olivia,Anderson,Olivia Anderson,Canada,West,Office Supplies,Tables,1499,183,4,0
ORD04875,05-11-2021,15-11-2021,Liam,Taylor,Liam Taylor,UK,South,Furniture,Chairs,173,2,10,0
ORD04876,08-03-2021,13-03-2021,Rahul,Brown,Rahul Brown,UK,East,Furniture,Chairs,366,-65,4,0
ORD04877,15-12-2022,20-12-2022,Ava,Sharma,Ava Sharma,Canada,North,Office Supplies,Storage,459,146,4,0.1
ORD04878,03-12-2022,12-12-2022,Sneha,Sharma,Sneha Sharma,Canada,North,Office Supplies,Binders,1167,77,6,0
ORD04879,30-10-2022,02-11-2022,Amit,Verma,Amit Verma,USA,South,Furniture,Accessories,192,24,13,0
ORD04880,27-11-2021,06-12-2021,Sneha,Anderson,Sneha Anderson,UK,North,Office Supplies,Chairs,1261,-93,10,0.2
ORD04881,03-07-2022,05-07-2022,Rahul,Smith,Rahul Smith,India,South,Office Supplies,Chairs,1573,-409,14,0
ORD04882,07-04-2022,10-04-2022,Amit,Taylor,AmitTaylor,India,South,Furniture,Storage,1961,-537,5,0
ORD04883,27-04-2021,30-04-2021,Rahul,Sharma,Rahul Sharma,UK,South,Technology,Phones,618,7,13,0.2
ORD04884,15-07-2021,19-07-2021,Noah,Anderson,Noah Anderson,India,East,Office Supplies,Accessories,1895,316,8,0
ORD04885,08-01-2022,13-01-2022,Noah,Patel,Noah Patel,USA,East,Office Supplies,Accessories,283,1,12,0
ORD04886,23-07-2022,25-07-2022,Rahul,Taylor,Rahul Taylor,USA,East,Technology,Accessories,1994,585,13,0
ORD04887,25-08-2022,03-09-2022,Olivia,Smith,Olivia Smith,Australia,East,Technology,Accessories,565,-116,5,0.2
ORD04888,03-11-2022,05-11-2022,Emma,Taylor,EmmaTaylor,Australia,North,Furniture,Accessories,947,-8,4,0
ORD04889,26-11-2022,05-12-2022,John,Smith,JohnSmith,Australia,North,OfficeSupplies,Chairs,1173,-175,5,0.2
ORD04890,27-02-2022,07-03-2022,Rahul,Sharma,Rahul Sharma,USA,West,Furniture,Chairs,1661,556,1,0
ORD04891,12-04-2021,17-04-2021,Emma,Brown,Emma Brown,Australia,West,Furniture,Chairs,856,-233,7,0.1
ORD04892,11-01-2021,16-01-2021,Liam,Brown,Liam Brown,Australia,East,Technology,Phones,625,-23,3,0
ORD04893,27-02-2022,02-03-2022,Emma,Verma,Emma Verma,USA,North,Office Supplies,Storage,1321,-340,1,0.2
ORD04894,25-03-2021,03-04-2021,Sneha,Patel,Sneha Patel,Canada,North,Furniture,Binders,625,39,9,0
ORD04895,03-11-2022,11-11-2022,Olivia,Brown,OliviaBrown,Canada,North,Furniture,Phones,52,-1,10,0.1
ORD04896,26-09-2021,28-09-2021,Emma,Anderson,Emma Anderson,UK,West,Office Supplies,Chairs,553,20,11,0.1
ORD04897,20-11-2022,25-11-2022,John,Brown,John Brown,USA,South,Technology,Tables,34,-9,4,0.1
ORD04898,30-09-2021,08-10-2021,John,Verma,JohnVerma,USA,North,OfficeSupplies,Storage,1161,244,6,0.1
ORD04899,03-12-2021,04-12-2021,Noah,Patel,Noah Patel,Australia,West,Furniture,Accessories,360,-81,9,0
ORD04900,11-10-2022,16-10-2022,Olivia,Taylor,Olivia Taylor,India,East,Furniture,Chairs,432,-77,9,0.1
ORD04901,03-11-2021,10-11-2021,Ava,Patel,Ava Patel,UK,East,Office Supplies,Storage,929,-121,15,0
ORD04902,01-12-2022,08-12-2022,Emma,Taylor,Emma Taylor,India,South,Technology,Storage,1885,-499,4,0
ORD04903,03-11-2022,07-11-2022,Olivia,Smith,OliviaSmith,India,South,OfficeSupplies,Binders,753,-215,3,0
ORD04904,12-05-2022,22-05-2022,Noah,Smith,Noah Smith,USA,South,Furniture,Phones,1884,315,4,0.1
ORD04905,04-05-2022,05-05-2022,Emma,Johnson,Emma Johnson,USA,East,Office Supplies,Storage,586,-10,2,0.1
ORD04906,30-08-2022,07-09-2022,Olivia,Johnson,OliviaJohnson,USA,East,Furniture,Storage,597,-5,2,0.1
ORD04907,17-03-2021,19-03-2021,Emma,Patel,Emma Patel,USA,South,Office Supplies,Storage,267,51,14,0.2
ORD04908,06-10-2021,07-10-2021,Noah,Verma,Noah Verma,UK,South,Technology,Chairs,1217,-343,5,0
ORD04909,23-11-2021,25-11-2021,Liam,Anderson,Liam Anderson,UK,South,Furniture,Chairs,877,-118,13,0.2
ORD04910,29-03-2022,31-03-2022,Priya,Taylor,PriyaTaylor,UK,East,Technology,Phones,939,-163,8,0
ORD04911,26-02-2021,05-03-2021,John,Taylor,John Taylor,Canada,North,Furniture,Chairs,1500,309,14,0.1
ORD04912,24-09-2022,03-10-2022,Emma,Johnson,Emma Johnson,Canada,South,Furniture,Chairs,655,187,15,0
ORD04913,16-12-2021,18-12-2021,Rahul,Anderson,Rahul Anderson,Canada,West,Technology,Chairs,795,-235,8,0.1
ORD04914,07-09-2021,13-09-2021,Emma,Sharma,Emma Sharma,Australia,North,Office Supplies,Chairs,1196,399,9,0.2
ORD04915,13-12-2021,21-12-2021,Rahul,Johnson,Rahul Johnson,India,South,Technology,Storage,820,78,3,0.1
ORD04916,13-06-2021,21-06-2021,Rahul,Anderson,RahulAnderson,India,East,OfficeSupplies,Binders,421,-18,12,0.2
ORD04917,03-10-2021,11-10-2021,Priya,Taylor,Priya Taylor,Canada,South,Technology,Tables,812,137,5,0.1
ORD04918,07-07-2022,12-07-2022,Ava,Taylor,Ava Taylor,Australia,East,Technology,Phones,1021,-249,2,0.1
ORD04919,07-01-2022,15-01-2022,Amit,Anderson,Amit Anderson,UK,West,Furniture,Accessories,1849,-217,10,0
ORD04920,30-05-2022,05-06-2022,Sneha,Anderson,Sneha Anderson,India,East,Office Supplies,Binders,269,-22,2,0
ORD04921,13-01-2022,17-01-2022,Priya,Brown,Priya Brown,UK,North,Furniture,Tables,1489,-41,2,0.2
ORD04922,16-01-2022,23-01-2022,Sneha,Sharma,Sneha Sharma,USA,East,Furniture,Chairs,1771,178,13,0
ORD04923,02-04-2021,06-04-2021,Olivia,Taylor,Olivia Taylor,USA,North,Furniture,Phones,994,152,11,0.2
ORD04924,28-11-2021,05-12-2021,Priya,Brown,Priya Brown,Australia,South,Furniture,Phones,1884,-526,9,0.2
ORD04925,01-12-2021,07-12-2021,Amit,Sharma,AmitSharma,Australia,South,OfficeSupplies,Accessories,375,47,4,0.1
ORD04926,20-08-2022,24-08-2022,Noah,Johnson,Noah Johnson,India,South,Furniture,Binders,424,16,3,0.1
ORD04927,29-03-2021,02-04-2021,John,Patel,John Patel,USA,South,Office Supplies,Tables,1986,636,5,0
ORD04928,22-05-2022,01-06-2022,John,Taylor,John Taylor,USA,West,Furniture,Binders,1239,66,10,0.2
ORD04929,18-07-2021,19-07-2021,Ava,Brown,Ava Brown,UK,North,Technology,Binders,1198,18,9,0.1
ORD04930,06-09-2021,12-09-2021,Sneha,Anderson,SnehaAnderson,UK,North,Technology,Binders,728,-184,5,0
ORD04931,26-01-2021,03-02-2021,Sneha,Anderson,Sneha Anderson,India,North,Technology,Binders,177,-8,14,0
ORD04932,07-07-2022,10-07-2022,Sneha,Taylor,Sneha Taylor,India,North,Office Supplies,Accessories,1857,329,5,0.1
ORD04933,22-11-2021,25-11-2021,Amit,Brown,Amit Brown,UK,West,Technology,Accessories,1355,392,2,0
ORD04934,10-10-2021,14-10-2021,Olivia,Taylor,OliviaTaylor,UK,South,Technology,Chairs,512,58,13,0.1
ORD04935,02-02-2021,08-02-2021,Olivia,Smith,Olivia Smith,India,South,Office Supplies,Tables,1413,-307,3,0.1
ORD04936,09-06-2021,10-06-2021,Emma,Brown,Emma Brown,India,East,Furniture,Phones,689,115,7,0.2
ORD04937,02-02-2021,03-02-2021,Emma,Brown,Emma Brown,Canada,South,Technology,Phones,812,-187,15,0.1
ORD04938,13-12-2022,18-12-2022,Priya,Johnson,Priya Johnson,UK,West,Technology,Chairs,1196,411,1,0.1
ORD04939,23-06-2021,27-06-2021,John,Verma,John Verma,Canada,South,Technology,Phones,1372,-391,3,0.1
ORD04940,14-01-2022,17-01-2022,Emma,Anderson,Emma Anderson,UK,North,Office Supplies,Storage,207,-32,4,0
ORD04941,06-02-2022,09-02-2022,Amit,Brown,Amit Brown,Canada,West,Technology,Binders,1512,172,13,0.1
ORD04942,27-10-2022,05-11-2022,Sneha,Sharma,Sneha Sharma,UK,North,Technology,Chairs,39,-1,12,0
ORD04943,19-09-2021,20-09-2021,Priya,Anderson,Priya Anderson,UK,South,Technology,Storage,317,-84,1,0
ORD04944,01-11-2021,09-11-2021,Olivia,Johnson,OliviaJohnson,UK,East,Technology,Accessories,692,37,14,0.2
ORD04945,29-05-2022,04-06-2022,Amit,Patel,Amit Patel,UK,North,Office Supplies,Accessories,940,108,3,0
ORD04946,11-01-2022,19-01-2022,Ava,Smith,Ava Smith,Australia,North,Furniture,Storage,585,108,13,0.1
ORD04947,26-02-2022,04-03-2022,Noah,Johnson,Noah Johnson,India,West,Furniture,Binders,845,118,14,0
ORD04948,27-01-2021,31-01-2021,Olivia,Sharma,OliviaSharma,India,West,Technology,Storage,1364,359,14,0.1
ORD04949,25-06-2021,30-06-2021,Amit,Smith,Amit Smith,USA,West,Furniture,Storage,311,53,6,0.1
ORD04950,14-01-2022,21-01-2022,Rahul,Verma,Rahul Verma,UK,West,Technology,Storage,521,70,9,0.1
ORD04951,16-07-2022,22-07-2022,John,Sharma,John Sharma,UK,South,Furniture,Storage,1952,179,6,0.2
ORD04952,05-04-2022,08-04-2022,Olivia,Johnson,Olivia Johnson,Australia,South,Furniture,Phones,1685,233,13,0
ORD04953,03-10-2021,06-10-2021,Liam,Brown,Liam Brown,Australia,East,Furniture,Chairs,99,-3,7,0.1
ORD04954,27-12-2021,31-12-2021,Liam,Johnson,Liam Johnson,USA,East,Technology,Tables,1352,464,15,0.1
ORD04955,03-05-2021,10-05-2021,Rahul,Taylor,RahulTaylor,USA,South,Furniture,Accessories,1372,-190,1,0
ORD04956,01-06-2021,05-06-2021,Noah,Johnson,Noah Johnson,Canada,North,Office Supplies,Accessories,64,-1,4,0
ORD04957,14-09-2022,21-09-2022,Ava,Smith,AvaSmith,Canada,North,OfficeSupplies,Tables,837,256,14,0
ORD04958,16-08-2022,24-08-2022,Priya,Johnson,PriyaJohnson,Canada,West,Furniture,Binders,448,-119,9,0
ORD04959,20-02-2021,27-02-2021,Priya,Verma,Priya Verma,Canada,West,Furniture,Chairs,85,18,2,0
ORD04960,15-02-2021,17-02-2021,Ava,Johnson,Ava Johnson,UK,North,Furniture,Chairs,1632,-348,9,0.1
ORD04961,21-04-2021,28-04-2021,Ava,Anderson,AvaAnderson,UK,North,Technology,Storage,213,-15,15,0.1
ORD04962,30-04-2022,02-05-2022,Noah,Verma,NoahVerma,UK,North,Furniture,Accessories,1736,568,12,0
ORD04963,06-02-2021,09-02-2021,Noah,Johnson,Noah Johnson,India,South,Furniture,Tables,706,214,6,0.1
ORD04964,17-01-2021,26-01-2021,Rahul,Smith,Rahul Smith,Canada,West,Technology,Phones,1965,-282,14,0
ORD04965,24-07-2022,30-07-2022,Sneha,Verma,Sneha Verma,Australia,West,Technology,Accessories,1550,541,14,0
ORD04966,15-06-2021,24-06-2021,Emma,Johnson,Emma Johnson,USA,North,Office Supplies,Tables,1395,-146,9,0
ORD04967,17-11-2022,22-11-2022,Liam,Johnson,Liam Johnson,USA,South,Technology,Binders,165,24,2,0.1
ORD04968,29-01-2021,03-02-2021,Rahul,Sharma,Rahul Sharma,Australia,West,Technology,Chairs,694,184,13,0
ORD04969,16-05-2022,23-05-2022,John,Patel,John Patel,UK,East,Office Supplies,Accessories,82,-7,2,0.1
ORD04970,27-03-2021,04-04-2021,Sneha,Taylor,Sneha Taylor,Australia,East,Furniture,Storage,1497,-351,2,0.1
ORD04971,28-12-2022,06-01-2023,Olivia,Smith,OliviaSmith,Australia,South,Furniture,Phones,1246,28,14,0
ORD04972,18-11-2021,23-11-2021,Liam,Sharma,Liam Sharma,UK,East,Furniture,Tables,112,16,7,0.1
ORD04973,25-02-2022,26-02-2022,Sneha,Brown,Sneha Brown,Canada,East,Technology,Accessories,1454,-146,10,0
ORD04974,26-03-2021,04-04-2021,Noah,Brown,NoahBrown,Canada,East,Technology,Accessories,498,1,10,0
ORD04975,06-12-2021,07-12-2021,Amit,Johnson,Amit Johnson,India,East,Office Supplies,Binders,880,-140,1,0.2
ORD04976,30-07-2022,04-08-2022,Emma,Taylor,Emma Taylor,UK,West,Office Supplies,Accessories,616,12,6,0
ORD04977,22-12-2021,30-12-2021,Emma,Patel,Emma Patel,India,South,Technology,Storage,313,5,15,0.2
ORD04978,23-11-2022,03-12-2022,Sneha,Sharma,Sneha Sharma,USA,West,Technology,Phones,879,-212,14,0.2
ORD04979,10-09-2022,13-09-2022,Rahul,Anderson,RahulAnderson,USA,North,Technology,Accessories,847,294,12,0.1
ORD04980,15-08-2021,16-08-2021,John,Verma,John Verma,Australia,South,Office Supplies,Chairs,599,-117,15,0.1
ORD04981,28-07-2022,05-08-2022,Liam,Verma,LiamVerma,Australia,West,Technology,Accessories,1501,-13,7,0
ORD04982,03-12-2022,08-12-2022,Noah,Patel,Noah Patel,India,West,Furniture,Chairs,1970,323,9,0.2
ORD04983,05-07-2021,08-07-2021,Liam,Patel,LiamPatel,India,East,Furniture,Storage,1272,214,12,0.1
ORD04984,19-09-2022,20-09-2022,Priya,Johnson,Priya Johnson,UK,West,Technology,Binders,1190,346,5,0.1
ORD04985,02-05-2021,09-05-2021,Amit,Anderson,Amit Anderson,India,East,Technology,Phones,1925,-576,7,0.2
ORD04986,26-09-2021,29-09-2021,Rahul,Verma,RahulVerma,India,West,Furniture,Binders,74,14,6,0.1
ORD04987,11-04-2021,15-04-2021,Emma,Sharma,Emma Sharma,Canada,North,Office Supplies,Tables,403,-9,14,0.2
ORD04988,01-01-2022,07-01-2022,Amit,Taylor,Amit Taylor,Canada,West,Technology,Tables,1295,-297,12,0.1
ORD04989,11-11-2022,12-11-2022,Olivia,Johnson,Olivia Johnson,India,East,Office Supplies,Phones,1502,313,8,0.1
ORD04990,05-05-2021,06-05-2021,Emma,Johnson,EmmaJohnson,India,North,Furniture,Tables,509,7,6,0
ORD04991,12-04-2022,14-04-2022,Amit,Sharma,Amit Sharma,Australia,South,Office Supplies,Accessories,1360,352,1,0
ORD04992,23-01-2022,31-01-2022,Liam,Brown,Liam Brown,India,South,Technology,Phones,207,-7,7,0
ORD04993,20-11-2021,23-11-2021,John,Taylor,John Taylor,USA,East,Furniture,Storage,749,-79,14,0
ORD04994,27-06-2022,07-07-2022,Emma,Verma,EmmaVerma,USA,East,OfficeSupplies,Storage,1708,212,11,0.1
ORD04995,01-04-2022,05-04-2022,Sneha,Taylor,SnehaTaylor,USA,South,Technology,Storage,1752,-51,4,0.2
ORD04996,15-08-2021,17-08-2021,Noah,Anderson,Noah Anderson,India,East,Furniture,Tables,1283,-144,14,0
ORD04997,10-10-2021,14-10-2021,Priya,Smith,Priya Smith,India,West,Furniture,Storage,827,-129,11,0.1
ORD04998,31-10-2021,06-11-2021,John,Anderson,John Anderson,UK,East,Technology,Accessories,343,16,12,0
ORD04999,23-09-2022,01-10-2022,Sneha,Verma,Sneha Verma,Canada,North,Technology,Storage,1186,234,12,0
ORD05000,21-07-2021,28-07-2021,Emma,Taylor,Emma Taylor,UK,North,Furniture,Phones,1059,-210,7,0.1
